customer_id,snapshot_date,churn,churn_score
CUS06445,2025-08-31,1,0.9338722229003906
CUS07666,2025-07-31,1,0.9338722229003906
CUS05508,2025-09-30,1,0.9338722229003906
CUS03219,2025-08-31,1,0.9338722229003906
CUS00184,2025-07-31,1,0.9338722229003906
CUS02074,2025-09-30,0,0.9338722229003906
CUS00989,2025-07-31,1,0.9338722229003906
CUS01603,2025-08-31,0,0.9338722229003906
CUS07010,2025-08-31,1,0.9338722229003906
CUS01013,2025-08-31,1,0.9338722229003906
CUS01377,2025-08-31,0,0.9338722229003906
CUS07549,2025-07-31,1,0.9338722229003906
CUS01775,2025-08-31,1,0.9338722229003906
CUS06258,2025-08-31,1,0.9338722229003906
CUS05438,2025-09-30,1,0.9338722229003906
CUS07105,2025-07-31,1,0.9338722229003906
CUS05946,2025-08-31,1,0.9338722229003906
CUS01898,2025-08-31,1,0.9338722229003906
CUS03440,2025-09-30,1,0.9338722229003906
CUS01185,2025-08-31,1,0.9326397776603699
CUS02859,2025-09-30,1,0.9326397776603699
CUS02045,2025-07-31,1,0.9326397776603699
CUS00124,2025-09-30,1,0.9326397776603699
CUS05593,2025-07-31,1,0.9326397776603699
CUS02431,2025-07-31,1,0.9326397776603699
CUS04448,2025-07-31,1,0.9326397776603699
CUS05062,2025-08-31,1,0.9326397776603699
CUS06133,2025-07-31,1,0.9326397776603699
CUS00265,2025-07-31,1,0.9326397776603699
CUS00369,2025-07-31,1,0.9326397776603699
CUS07590,2025-08-31,0,0.9326397776603699
CUS07876,2025-07-31,1,0.9326397776603699
CUS04716,2025-08-31,0,0.9326397776603699
CUS00649,2025-09-30,1,0.9326397776603699
CUS04411,2025-07-31,1,0.9326397776603699
CUS03543,2025-07-31,1,0.9326397776603699
CUS03010,2025-07-31,1,0.9319782853126526
CUS05538,2025-08-31,0,0.9319782853126526
CUS05799,2025-09-30,0,0.9319782853126526
CUS01221,2025-07-31,1,0.9319782853126526
CUS03901,2025-07-31,1,0.9319782853126526
CUS00434,2025-08-31,1,0.9319782853126526
CUS07182,2025-08-31,1,0.9319782853126526
CUS04509,2025-08-31,1,0.9319782853126526
CUS03603,2025-08-31,1,0.9319782853126526
CUS01149,2025-08-31,0,0.9302983283996582
CUS04085,2025-08-31,1,0.9302983283996582
CUS04719,2025-07-31,1,0.9302983283996582
CUS05072,2025-09-30,0,0.9302983283996582
CUS04254,2025-08-31,0,0.9302983283996582
CUS07302,2025-08-31,1,0.9302983283996582
CUS00782,2025-08-31,1,0.9302983283996582
CUS05106,2025-07-31,1,0.9302983283996582
CUS05054,2025-07-31,1,0.9302983283996582
CUS04651,2025-07-31,1,0.9302983283996582
CUS07647,2025-07-31,1,0.9302947521209717
CUS05593,2025-08-31,1,0.9302947521209717
CUS04448,2025-08-31,1,0.9302947521209717
CUS04901,2025-08-31,1,0.9302947521209717
CUS06640,2025-07-31,1,0.9302947521209717
CUS01078,2025-07-31,1,0.9302947521209717
CUS02730,2025-07-31,1,0.9302947521209717
CUS01558,2025-07-31,1,0.9302947521209717
CUS00265,2025-08-31,1,0.9302947521209717
CUS00369,2025-08-31,1,0.9302947521209717
CUS02045,2025-08-31,1,0.9302947521209717
CUS07876,2025-08-31,1,0.9302947521209717
CUS04411,2025-08-31,1,0.9302947521209717
CUS06133,2025-08-31,1,0.9302947521209717
CUS03384,2025-07-31,1,0.9302947521209717
CUS02431,2025-08-31,1,0.9302947521209717
CUS03543,2025-08-31,1,0.9302947521209717
CUS05946,2025-09-30,1,0.9302947521209717
CUS07666,2025-08-31,1,0.9300904870033264
CUS01925,2025-09-30,1,0.9300904870033264
CUS00038,2025-07-31,1,0.9300904870033264
CUS04509,2025-09-30,1,0.9300904870033264
CUS07182,2025-09-30,1,0.9300904870033264
CUS03901,2025-08-31,1,0.9300904870033264
CUS03010,2025-08-31,1,0.9300904870033264
CUS07270,2025-07-31,1,0.9300904870033264
CUS06475,2025-07-31,0,0.9300904870033264
CUS01572,2025-07-31,1,0.9300904870033264
CUS02279,2025-07-31,1,0.9300904870033264
CUS05125,2025-07-31,1,0.9300904870033264
CUS05826,2025-09-30,1,0.9300904870033264
CUS00184,2025-08-31,1,0.9300904870033264
CUS00434,2025-09-30,1,0.9300904870033264
CUS01221,2025-08-31,1,0.9300904870033264
CUS02685,2025-09-30,1,0.9300904870033264
CUS01042,2025-07-31,1,0.9300904870033264
CUS06258,2025-09-30,1,0.9300904870033264
CUS06371,2025-09-30,1,0.9300904870033264
CUS02895,2025-07-31,1,0.9300904870033264
CUS00982,2025-09-30,1,0.9300904870033264
CUS05421,2025-07-31,1,0.9300904870033264
CUS03603,2025-09-30,1,0.9300904870033264
CUS07013,2025-07-31,1,0.9300904870033264
CUS01603,2025-09-30,0,0.9296298623085022
CUS02046,2025-07-31,1,0.9296298623085022
CUS07010,2025-09-30,1,0.9296298623085022
CUS03219,2025-09-30,1,0.9296298623085022
CUS05726,2025-08-31,1,0.9296298623085022
CUS07549,2025-08-31,1,0.9296298623085022
CUS06445,2025-09-30,1,0.9296298623085022
CUS01377,2025-09-30,0,0.9296298623085022
CUS01013,2025-09-30,1,0.9296298623085022
CUS04745,2025-07-31,0,0.9296298623085022
CUS07105,2025-08-31,1,0.9296298623085022
CUS00989,2025-08-31,1,0.9296298623085022
CUS01898,2025-09-30,1,0.9296298623085022
CUS01775,2025-09-30,1,0.9296298623085022
CUS05508,2025-08-31,1,0.9281167984008789
CUS01603,2025-07-31,0,0.9281167984008789
CUS05946,2025-07-31,1,0.9281167984008789
CUS02074,2025-08-31,0,0.9281167984008789
CUS06445,2025-07-31,1,0.9281167984008789
CUS01377,2025-07-31,0,0.9281167984008789
CUS03440,2025-08-31,1,0.9281167984008789
CUS06216,2025-07-31,0,0.9281167984008789
CUS07010,2025-07-31,1,0.9281167984008789
CUS01775,2025-07-31,1,0.9281167984008789
CUS01898,2025-07-31,1,0.9281167984008789
CUS01004,2025-09-30,1,0.9281167984008789
CUS03219,2025-07-31,1,0.9281167984008789
CUS01013,2025-07-31,1,0.9281167984008789
CUS05802,2025-09-30,1,0.9280796051025391
CUS01185,2025-09-30,1,0.9280163645744324
CUS04909,2025-07-31,1,0.9280163645744324
CUS02830,2025-07-31,1,0.9280163645744324
CUS07991,2025-07-31,1,0.9280163645744324
CUS01986,2025-08-31,1,0.9280163645744324
CUS02591,2025-07-31,1,0.9280163645744324
CUS03356,2025-07-31,1,0.9280163645744324
CUS02307,2025-08-31,1,0.9280163645744324
CUS07462,2025-07-31,1,0.9280163645744324
CUS05252,2025-09-30,0,0.9280163645744324
CUS05062,2025-09-30,1,0.9280163645744324
CUS07776,2025-08-31,1,0.9280163645744324
CUS02233,2025-08-31,1,0.9280163645744324
CUS05538,2025-07-31,0,0.9279102087020874
CUS03603,2025-07-31,1,0.9279102087020874
CUS07182,2025-07-31,1,0.9279102087020874
CUS00434,2025-07-31,1,0.9279102087020874
CUS06711,2025-09-30,1,0.9279102087020874
CUS06258,2025-07-31,1,0.9279102087020874
CUS04509,2025-07-31,1,0.9279102087020874
CUS05438,2025-08-31,1,0.9279102087020874
CUS06440,2025-08-31,1,0.9278600215911865
CUS07846,2025-09-30,1,0.9278600215911865
CUS07386,2025-09-30,1,0.9278600215911865
CUS07807,2025-09-30,1,0.9278600215911865
CUS07935,2025-09-30,1,0.9278600215911865
CUS01191,2025-08-31,1,0.9278600215911865
CUS02405,2025-07-31,1,0.9278600215911865
CUS00618,2025-07-31,1,0.9278600215911865
CUS05248,2025-09-30,0,0.9278600215911865
CUS07912,2025-09-30,1,0.9278600215911865
CUS04602,2025-09-30,1,0.9278600215911865
CUS04511,2025-07-31,1,0.9278600215911865
CUS04463,2025-09-30,0,0.9278600215911865
CUS05365,2025-09-30,1,0.9278600215911865
CUS02173,2025-07-31,1,0.9278600215911865
CUS04910,2025-08-31,0,0.9278600215911865
CUS01643,2025-08-31,1,0.9278600215911865
CUS05867,2025-09-30,1,0.9278600215911865
CUS02142,2025-09-30,1,0.9278600215911865
CUS07815,2025-07-31,1,0.9278600215911865
CUS06367,2025-09-30,1,0.9278600215911865
CUS01848,2025-08-31,1,0.9278600215911865
CUS00575,2025-09-30,1,0.9278600215911865
CUS07555,2025-07-31,1,0.9278600215911865
CUS05013,2025-09-30,1,0.9278600215911865
CUS07935,2025-08-31,1,0.9275398254394531
CUS05365,2025-08-31,1,0.9275398254394531
CUS02142,2025-08-31,1,0.9275398254394531
CUS02181,2025-09-30,0,0.9275398254394531
CUS01191,2025-07-31,1,0.9275398254394531
CUS04910,2025-07-31,0,0.9275398254394531
CUS00575,2025-08-31,1,0.9275398254394531
CUS06440,2025-07-31,1,0.9275398254394531
CUS01848,2025-07-31,1,0.9275398254394531
CUS07596,2025-09-30,0,0.9275398254394531
CUS02685,2025-08-31,1,0.9275398254394531
CUS01925,2025-08-31,1,0.9275398254394531
CUS05013,2025-08-31,1,0.9275398254394531
CUS05867,2025-08-31,1,0.9275398254394531
CUS05826,2025-08-31,1,0.9275398254394531
CUS00692,2025-09-30,1,0.9275398254394531
CUS07846,2025-08-31,1,0.9275398254394531
CUS04602,2025-08-31,1,0.9275398254394531
CUS07807,2025-08-31,1,0.9275398254394531
CUS07590,2025-07-31,0,0.9268417954444885
CUS00124,2025-08-31,1,0.9268417954444885
CUS03385,2025-07-31,0,0.9268417954444885
CUS01080,2025-09-30,1,0.9268417954444885
CUS00649,2025-08-31,1,0.9268417954444885
CUS01555,2025-09-30,1,0.9264599084854126
CUS04466,2025-09-30,1,0.9264599084854126
CUS06636,2025-08-31,0,0.9264599084854126
CUS07048,2025-09-30,1,0.9264599084854126
CUS05388,2025-08-31,1,0.9264599084854126
CUS01783,2025-08-31,1,0.9264599084854126
CUS03458,2025-08-31,1,0.9264599084854126
CUS07491,2025-07-31,1,0.9264599084854126
CUS02437,2025-09-30,1,0.9264599084854126
CUS05400,2025-09-30,1,0.9264599084854126
CUS04828,2025-08-31,1,0.9264599084854126
CUS05923,2025-08-31,1,0.9264599084854126
CUS04588,2025-07-31,1,0.9264599084854126
CUS05736,2025-08-31,1,0.9264599084854126
CUS05462,2025-09-30,1,0.9264599084854126
CUS01339,2025-07-31,1,0.9264599084854126
CUS03388,2025-08-31,1,0.9264599084854126
CUS05503,2025-08-31,1,0.9264599084854126
CUS02014,2025-08-31,1,0.9264599084854126
CUS07797,2025-08-31,1,0.9264599084854126
CUS05229,2025-09-30,1,0.9264599084854126
CUS06839,2025-08-31,1,0.9261093735694885
CUS06372,2025-07-31,1,0.9261093735694885
CUS06373,2025-09-30,1,0.9261093735694885
CUS05736,2025-07-31,1,0.9261093735694885
CUS01555,2025-08-31,1,0.9261093735694885
CUS06636,2025-07-31,0,0.9261093735694885
CUS01511,2025-07-31,0,0.9261093735694885
CUS06078,2025-09-30,1,0.9261093735694885
CUS03278,2025-09-30,0,0.9261093735694885
CUS04689,2025-07-31,1,0.9261093735694885
CUS05923,2025-07-31,1,0.9261093735694885
CUS05824,2025-09-30,1,0.9261093735694885
CUS07386,2025-08-31,1,0.9261093735694885
CUS05483,2025-07-31,1,0.9261093735694885
CUS06500,2025-08-31,0,0.9261093735694885
CUS02014,2025-07-31,1,0.9261093735694885
CUS01525,2025-09-30,1,0.9261093735694885
CUS07912,2025-08-31,1,0.9261093735694885
CUS04466,2025-08-31,1,0.9261093735694885
CUS05229,2025-08-31,1,0.9261093735694885
CUS07797,2025-07-31,1,0.9261093735694885
CUS03388,2025-07-31,1,0.9261093735694885
CUS05388,2025-07-31,1,0.9261093735694885
CUS07694,2025-09-30,1,0.9261093735694885
CUS06367,2025-08-31,1,0.9261093735694885
CUS05462,2025-08-31,1,0.9261093735694885
CUS07048,2025-08-31,1,0.9261093735694885
CUS04463,2025-08-31,0,0.9261093735694885
CUS02437,2025-08-31,1,0.9261093735694885
CUS03458,2025-07-31,1,0.9261093735694885
CUS05400,2025-08-31,1,0.9261093735694885
CUS01783,2025-07-31,1,0.9261093735694885
CUS04828,2025-07-31,1,0.9261093735694885
CUS03381,2025-08-31,0,0.9257046580314636
CUS01281,2025-09-30,0,0.9257046580314636
CUS00828,2025-08-31,1,0.9257046580314636
CUS01185,2025-07-31,1,0.9257046580314636
CUS04716,2025-07-31,0,0.9257046580314636
CUS05062,2025-07-31,1,0.9257046580314636
CUS06090,2025-09-30,0,0.9253689050674438
CUS05595,2025-07-31,1,0.9253689050674438
CUS02231,2025-07-31,1,0.9253689050674438
CUS04229,2025-09-30,1,0.9253689050674438
CUS04753,2025-08-31,1,0.9253689050674438
CUS04726,2025-08-31,1,0.9253689050674438
CUS07389,2025-09-30,1,0.9253689050674438
CUS01696,2025-08-31,1,0.9253689050674438
CUS05984,2025-08-31,0,0.9253689050674438
CUS06199,2025-08-31,1,0.9253689050674438
CUS07447,2025-08-31,1,0.9253689050674438
CUS02189,2025-08-31,1,0.9253689050674438
CUS01929,2025-09-30,0,0.9253689050674438
CUS03770,2025-07-31,1,0.9253689050674438
CUS05479,2025-07-31,0,0.9253689050674438
CUS05726,2025-07-31,1,0.9252389669418335
CUS01287,2025-09-30,1,0.9252389669418335
CUS06371,2025-08-31,1,0.9252389669418335
CUS06930,2025-08-31,1,0.9250157475471497
CUS06269,2025-08-31,1,0.9250157475471497
CUS07664,2025-08-31,1,0.9247974157333374
CUS05023,2025-07-31,1,0.924304723739624
CUS01812,2025-07-31,1,0.9242315292358398
CUS06269,2025-09-30,1,0.9242315292358398
CUS03260,2025-07-31,1,0.9242315292358398
CUS02431,2025-09-30,1,0.9242315292358398
CUS01558,2025-08-31,1,0.9242315292358398
CUS02045,2025-09-30,1,0.9242315292358398
CUS04501,2025-07-31,0,0.9242315292358398
CUS06640,2025-08-31,1,0.9242315292358398
CUS04901,2025-09-30,1,0.9242315292358398
CUS00369,2025-09-30,1,0.9242315292358398
CUS01589,2025-08-31,1,0.9242315292358398
CUS07647,2025-08-31,1,0.9242315292358398
CUS00598,2025-07-31,1,0.9242315292358398
CUS04411,2025-09-30,1,0.9242315292358398
CUS00463,2025-07-31,1,0.9242315292358398
CUS04448,2025-09-30,1,0.9242315292358398
CUS03410,2025-07-31,1,0.9242315292358398
CUS02730,2025-08-31,1,0.9242315292358398
CUS06930,2025-09-30,1,0.9242315292358398
CUS07876,2025-09-30,1,0.9242315292358398
CUS02434,2025-07-31,1,0.9242315292358398
CUS00265,2025-09-30,1,0.9242315292358398
CUS05593,2025-09-30,1,0.9242315292358398
CUS01078,2025-08-31,1,0.9242315292358398
CUS03543,2025-09-30,1,0.9242315292358398
CUS06159,2025-07-31,0,0.9242315292358398
CUS03384,2025-08-31,1,0.9242315292358398
CUS06133,2025-09-30,1,0.9242315292358398
CUS01986,2025-07-31,1,0.9241696000099182
CUS07776,2025-07-31,1,0.9241696000099182
CUS05252,2025-08-31,0,0.9241696000099182
CUS00828,2025-09-30,1,0.9241696000099182
CUS07357,2025-07-31,1,0.9240594506263733
CUS06519,2025-07-31,1,0.9240594506263733
CUS06299,2025-08-31,1,0.9240594506263733
CUS07634,2025-09-30,1,0.9240594506263733
CUS02761,2025-09-30,1,0.9240594506263733
CUS05142,2025-08-31,1,0.9240594506263733
CUS02670,2025-09-30,1,0.9240594506263733
CUS01227,2025-09-30,1,0.9240594506263733
CUS04995,2025-09-30,1,0.9240594506263733
CUS06933,2025-09-30,1,0.9240594506263733
CUS03033,2025-07-31,1,0.9240594506263733
CUS03963,2025-09-30,1,0.9240594506263733
CUS05757,2025-09-30,1,0.9240594506263733
CUS07208,2025-08-31,1,0.9240594506263733
CUS06270,2025-09-30,1,0.9240594506263733
CUS01193,2025-08-31,1,0.9240594506263733
CUS00419,2025-09-30,1,0.9240594506263733
CUS05793,2025-07-31,1,0.9240594506263733
CUS04757,2025-07-31,0,0.9240594506263733
CUS00544,2025-09-30,1,0.9240594506263733
CUS00709,2025-08-31,1,0.9240594506263733
CUS06430,2025-09-30,0,0.9240594506263733
CUS07395,2025-09-30,1,0.9240594506263733
CUS04901,2025-07-31,1,0.9238588809967041
CUS00982,2025-07-31,1,0.9238269925117493
CUS06371,2025-07-31,1,0.9238269925117493
CUS05984,2025-09-30,0,0.923591673374176
CUS02231,2025-08-31,1,0.923591673374176
CUS05595,2025-08-31,1,0.923591673374176
CUS03415,2025-07-31,1,0.923591673374176
CUS01696,2025-09-30,1,0.923591673374176
CUS00087,2025-07-31,0,0.923591673374176
CUS03111,2025-07-31,1,0.923591673374176
CUS02681,2025-07-31,1,0.923591673374176
CUS01797,2025-07-31,1,0.923591673374176
CUS02666,2025-08-31,1,0.923591673374176
CUS00997,2025-07-31,1,0.923591673374176
CUS05479,2025-08-31,0,0.923591673374176
CUS05995,2025-07-31,0,0.923591673374176
CUS02189,2025-09-30,1,0.923591673374176
CUS01227,2025-08-31,1,0.9234927296638489
CUS07339,2025-07-31,1,0.9234927296638489
CUS02510,2025-09-30,1,0.9234927296638489
CUS04652,2025-08-31,1,0.9234927296638489
CUS07046,2025-07-31,1,0.9234927296638489
CUS04392,2025-09-30,1,0.9234927296638489
CUS03400,2025-07-31,1,0.9234927296638489
CUS02819,2025-08-31,1,0.9234927296638489
CUS03047,2025-08-31,1,0.9234927296638489
CUS02670,2025-08-31,1,0.9234927296638489
CUS07634,2025-08-31,1,0.9234927296638489
CUS06192,2025-08-31,1,0.9234927296638489
CUS01726,2025-09-30,1,0.9233868718147278
CUS03770,2025-08-31,1,0.9233868718147278
CUS01793,2025-07-31,1,0.9233868718147278
CUS01472,2025-07-31,1,0.9233868718147278
CUS03986,2025-09-30,1,0.9233868718147278
CUS04726,2025-09-30,1,0.9233868718147278
CUS06292,2025-08-31,1,0.9233868718147278
CUS01615,2025-08-31,1,0.9233868718147278
CUS03780,2025-07-31,1,0.9233868718147278
CUS03733,2025-08-31,1,0.9233868718147278
CUS06541,2025-09-30,1,0.9233868718147278
CUS06281,2025-08-31,0,0.9233868718147278
CUS02577,2025-07-31,1,0.9233868718147278
CUS03369,2025-08-31,1,0.9233868718147278
CUS04870,2025-07-31,1,0.9233868718147278
CUS03134,2025-07-31,1,0.9233868718147278
CUS07447,2025-09-30,1,0.9233868718147278
CUS04815,2025-09-30,1,0.9233868718147278
CUS00982,2025-08-31,1,0.9231181144714355
CUS03958,2025-07-31,0,0.923053503036499
CUS07046,2025-08-31,1,0.923053503036499
CUS00602,2025-09-30,1,0.923053503036499
CUS03474,2025-08-31,1,0.923053503036499
CUS07339,2025-08-31,1,0.923053503036499
CUS07889,2025-07-31,1,0.923053503036499
CUS02830,2025-08-31,1,0.923053503036499
CUS07991,2025-08-31,1,0.923053503036499
CUS06192,2025-09-30,1,0.923053503036499
CUS05607,2025-07-31,1,0.923053503036499
CUS04909,2025-08-31,1,0.923053503036499
CUS07462,2025-08-31,1,0.923053503036499
CUS02786,2025-07-31,1,0.923053503036499
CUS03400,2025-08-31,1,0.923053503036499
CUS02291,2025-09-30,1,0.923053503036499
CUS06339,2025-07-31,1,0.923053503036499
CUS02233,2025-09-30,1,0.923053503036499
CUS01313,2025-07-31,1,0.923053503036499
CUS01986,2025-09-30,1,0.923053503036499
CUS03356,2025-08-31,1,0.923053503036499
CUS03701,2025-07-31,0,0.923053503036499
CUS02307,2025-09-30,1,0.923053503036499
CUS02484,2025-07-31,1,0.923053503036499
CUS02819,2025-09-30,1,0.923053503036499
CUS07776,2025-09-30,1,0.923053503036499
CUS04652,2025-09-30,1,0.923053503036499
CUS03047,2025-09-30,1,0.923053503036499
CUS07716,2025-07-31,1,0.923053503036499
CUS05044,2025-07-31,1,0.923053503036499
CUS00029,2025-07-31,1,0.923053503036499
CUS02591,2025-08-31,1,0.923053503036499
CUS02650,2025-08-31,1,0.923053503036499
CUS06881,2025-07-31,1,0.923053503036499
CUS02233,2025-07-31,1,0.9229790568351746
CUS02510,2025-08-31,1,0.9229790568351746
CUS04392,2025-08-31,1,0.9229790568351746
CUS07664,2025-07-31,1,0.9228977560997009
CUS02942,2025-08-31,0,0.9228977560997009
CUS02859,2025-08-31,1,0.9227031469345093
CUS03474,2025-07-31,1,0.9225793480873108
CUS02291,2025-08-31,1,0.9225793480873108
CUS00602,2025-08-31,1,0.9225793480873108
CUS07395,2025-08-31,1,0.9223577976226807
CUS06281,2025-07-31,0,0.9223577976226807
CUS03963,2025-08-31,1,0.9223577976226807
CUS03369,2025-07-31,1,0.9223577976226807
CUS02389,2025-09-30,0,0.9223577976226807
CUS03358,2025-09-30,1,0.9223577976226807
CUS04995,2025-08-31,1,0.9223577976226807
CUS07208,2025-07-31,1,0.9223577976226807
CUS00419,2025-08-31,1,0.9223577976226807
CUS03733,2025-07-31,1,0.9223577976226807
CUS05142,2025-07-31,1,0.9223577976226807
CUS06718,2025-09-30,1,0.9223577976226807
CUS05757,2025-08-31,1,0.9223577976226807
CUS01122,2025-09-30,1,0.9223577976226807
CUS01787,2025-09-30,1,0.9223577976226807
CUS06430,2025-08-31,0,0.9223577976226807
CUS01726,2025-08-31,1,0.9223577976226807
CUS00709,2025-07-31,1,0.9223577976226807
CUS00264,2025-09-30,0,0.9223577976226807
CUS03986,2025-08-31,1,0.9223577976226807
CUS02761,2025-08-31,1,0.9223577976226807
CUS06292,2025-07-31,1,0.9223577976226807
CUS04362,2025-09-30,1,0.9223577976226807
CUS01868,2025-07-31,0,0.9223577976226807
CUS04815,2025-08-31,1,0.9223577976226807
CUS04755,2025-07-31,1,0.9221175909042358
CUS04719,2025-08-31,1,0.9221175909042358
CUS04689,2025-08-31,1,0.9221175909042358
CUS00782,2025-09-30,0,0.9221175909042358
CUS04171,2025-07-31,1,0.9221175909042358
CUS00268,2025-07-31,1,0.9221175909042358
CUS07302,2025-09-30,1,0.9221175909042358
CUS04254,2025-09-30,0,0.9221175909042358
CUS04651,2025-08-31,1,0.9221175909042358
CUS07072,2025-07-31,1,0.9221175909042358
CUS00047,2025-07-31,1,0.9221175909042358
CUS05483,2025-08-31,1,0.9221175909042358
CUS06372,2025-08-31,1,0.9221175909042358
CUS05054,2025-08-31,1,0.9221175909042358
CUS01014,2025-07-31,1,0.9221175909042358
CUS05540,2025-07-31,1,0.9221175909042358
CUS06839,2025-09-30,1,0.9221175909042358
CUS06174,2025-07-31,1,0.9221175909042358
CUS06199,2025-09-30,1,0.9221175909042358
CUS04085,2025-09-30,1,0.9221175909042358
CUS04753,2025-09-30,1,0.9221175909042358
CUS05106,2025-08-31,1,0.9221175909042358
CUS03763,2025-07-31,1,0.9221175909042358
CUS07048,2025-07-31,1,0.922041654586792
CUS06500,2025-07-31,0,0.922041654586792
CUS04466,2025-07-31,1,0.922041654586792
CUS01525,2025-08-31,1,0.922041654586792
CUS07694,2025-08-31,1,0.922041654586792
CUS05400,2025-07-31,1,0.922041654586792
CUS07386,2025-07-31,1,0.9217708706855774
CUS06367,2025-07-31,1,0.9217708706855774
CUS04463,2025-07-31,1,0.9217708706855774
CUS02140,2025-07-31,0,0.9217708706855774
CUS07912,2025-07-31,1,0.9217708706855774
CUS00692,2025-08-31,1,0.9217708706855774
CUS06269,2025-07-31,1,0.9214780330657959
CUS06930,2025-07-31,1,0.9214780330657959
CUS00372,2025-09-30,1,0.9209151864051819
CUS06497,2025-08-31,1,0.9209151864051819
CUS06121,2025-07-31,1,0.9209151864051819
CUS02666,2025-07-31,1,0.9209089875221252
CUS07302,2025-07-31,1,0.9203138947486877
CUS04254,2025-07-31,0,0.9203138947486877
CUS04753,2025-07-31,1,0.9203138947486877
CUS06199,2025-07-31,1,0.9203138947486877
CUS05072,2025-08-31,0,0.9203138947486877
CUS07125,2025-09-30,1,0.9203138947486877
CUS01149,2025-07-31,0,0.9203138947486877
CUS07570,2025-09-30,0,0.9203138947486877
CUS04085,2025-07-31,1,0.9203138947486877
CUS03653,2025-09-30,1,0.9203138947486877
CUS06839,2025-07-31,1,0.9190059304237366
CUS06078,2025-08-31,1,0.9189834594726562
CUS05019,2025-09-30,1,0.9189834594726562
CUS02437,2025-07-31,1,0.9189834594726562
CUS05462,2025-07-31,1,0.9189834594726562
CUS05229,2025-07-31,1,0.9189834594726562
CUS00782,2025-07-31,1,0.9189834594726562
CUS02506,2025-09-30,1,0.9189834594726562
CUS02473,2025-09-30,1,0.9189834594726562
CUS06373,2025-08-31,1,0.9189834594726562
CUS03278,2025-08-31,0,0.9189834594726562
CUS05824,2025-08-31,1,0.9189834594726562
CUS01555,2025-07-31,1,0.9189834594726562
CUS06497,2025-07-31,1,0.9189605116844177
CUS00372,2025-08-31,1,0.9189605116844177
CUS04131,2025-09-30,1,0.9189605116844177
CUS05826,2025-07-31,1,0.9187162518501282
CUS05799,2025-08-31,0,0.9187162518501282
CUS01925,2025-07-31,1,0.9187162518501282
CUS02685,2025-07-31,1,0.9187162518501282
CUS03119,2025-09-30,1,0.9185336828231812
CUS00963,2025-07-31,1,0.9185336828231812
CUS02047,2025-07-31,1,0.9185336828231812
CUS00257,2025-08-31,1,0.9185336828231812
CUS03505,2025-09-30,1,0.9185336828231812
CUS03946,2025-07-31,1,0.9183498620986938
CUS00239,2025-09-30,1,0.9183498620986938
CUS02160,2025-09-30,1,0.9183498620986938
CUS00577,2025-09-30,1,0.9183498620986938
CUS03565,2025-08-31,0,0.9183498620986938
CUS05248,2025-08-31,0,0.9181522727012634
CUS01643,2025-07-31,1,0.9181522727012634
CUS00440,2025-07-31,1,0.9178499579429626
CUS03119,2025-08-31,1,0.9177704453468323
CUS00257,2025-07-31,1,0.9177704453468323
CUS00544,2025-08-31,1,0.917733907699585
CUS01193,2025-07-31,1,0.917733907699585
CUS06270,2025-08-31,1,0.917733907699585
CUS02831,2025-08-31,1,0.9176556468009949
CUS04022,2025-09-30,1,0.9176311492919922
CUS07708,2025-09-30,1,0.9176311492919922
CUS06556,2025-08-31,1,0.9175328016281128
CUS03787,2025-07-31,0,0.9172749519348145
CUS03887,2025-07-31,1,0.9172749519348145
CUS02210,2025-07-31,1,0.9172749519348145
CUS02546,2025-08-31,0,0.9172749519348145
CUS07807,2025-07-31,1,0.9167504906654358
CUS05365,2025-07-31,1,0.9167504906654358
CUS07596,2025-08-31,0,0.9167504906654358
CUS05867,2025-07-31,1,0.9167504906654358
CUS04602,2025-07-31,1,0.9167504906654358
CUS06630,2025-09-30,1,0.9167504906654358
CUS02181,2025-08-31,0,0.9167504906654358
CUS02142,2025-07-31,1,0.9167504906654358
CUS07935,2025-07-31,1,0.9167504906654358
CUS05013,2025-07-31,1,0.9167504906654358
CUS04621,2025-09-30,1,0.9167504906654358
CUS07846,2025-07-31,1,0.9167504906654358
CUS00575,2025-07-31,1,0.9167504906654358
CUS05503,2025-07-31,1,0.916553258895874
CUS02831,2025-09-30,1,0.916553258895874
CUS00602,2025-07-31,1,0.9163177609443665
CUS02291,2025-07-31,1,0.9163177609443665
CUS04149,2025-07-31,1,0.916275143623352
CUS02652,2025-07-31,1,0.916275143623352
CUS01589,2025-07-31,1,0.9153311252593994
CUS03505,2025-08-31,1,0.9153311252593994
CUS06902,2025-09-30,0,0.9151200652122498
CUS04563,2025-07-31,1,0.915087103843689
CUS04867,2025-09-30,1,0.9149475693702698
CUS02307,2025-07-31,1,0.9143858551979065
CUS07356,2025-09-30,1,0.9141392707824707
CUS01929,2025-08-31,0,0.9141392707824707
CUS04229,2025-08-31,1,0.9141392707824707
CUS06800,2025-09-30,1,0.9141392707824707
CUS06669,2025-09-30,0,0.9141392707824707
CUS01696,2025-07-31,1,0.9141392707824707
CUS02189,2025-07-31,1,0.9141392707824707
CUS05984,2025-07-31,1,0.9141392707824707
CUS06090,2025-08-31,0,0.9141392707824707
CUS03750,2025-09-30,0,0.9134733080863953
CUS05252,2025-07-31,0,0.9134733080863953
CUS03429,2025-09-30,1,0.9129649996757507
CUS03047,2025-07-31,1,0.9129649996757507
CUS00264,2025-08-31,0,0.9129649996757507
CUS02389,2025-08-31,0,0.9129649996757507
CUS06718,2025-08-31,1,0.9129649996757507
CUS04652,2025-07-31,1,0.9129649996757507
CUS06192,2025-07-31,1,0.9129649996757507
CUS02670,2025-07-31,1,0.9129649996757507
CUS05244,2025-09-30,1,0.9129649996757507
CUS02819,2025-07-31,1,0.9129649996757507
CUS01227,2025-07-31,1,0.9129649996757507
CUS01139,2025-07-31,1,0.9127547740936279
CUS05404,2025-08-31,1,0.9127395153045654
CUS07421,2025-07-31,0,0.9127395153045654
CUS02650,2025-07-31,1,0.9126096963882446
CUS00152,2025-08-31,1,0.9124228954315186
CUS04106,2025-08-31,1,0.9124228954315186
CUS05822,2025-08-31,1,0.9122444987297058
CUS06482,2025-09-30,1,0.9122444987297058
CUS00796,2025-07-31,1,0.9122444987297058
CUS02006,2025-08-31,1,0.9122444987297058
CUS05223,2025-08-31,1,0.9122444987297058
CUS05248,2025-07-31,1,0.9120951294898987
CUS07497,2025-09-30,0,0.9120951294898987
CUS03021,2025-07-31,1,0.9116695523262024
CUS02062,2025-07-31,1,0.9116695523262024
CUS01002,2025-08-31,1,0.9116695523262024
CUS03275,2025-07-31,0,0.9116436243057251
CUS00184,2025-09-30,1,0.9116436243057251
CUS05023,2025-08-31,1,0.9116436243057251
CUS06475,2025-08-31,0,0.9116436243057251
CUS05125,2025-08-31,1,0.9116436243057251
CUS02563,2025-07-31,1,0.9116436243057251
CUS02262,2025-07-31,1,0.9116436243057251
CUS05726,2025-09-30,1,0.9116436243057251
CUS03010,2025-09-30,1,0.9116436243057251
CUS03901,2025-09-30,1,0.9116436243057251
CUS00989,2025-09-30,1,0.9116436243057251
CUS06916,2025-07-31,1,0.9116436243057251
CUS07270,2025-08-31,1,0.9116436243057251
CUS07105,2025-09-30,1,0.9116436243057251
CUS02046,2025-08-31,1,0.9116436243057251
CUS04745,2025-08-31,0,0.9116436243057251
CUS02418,2025-07-31,1,0.9116436243057251
CUS07013,2025-08-31,1,0.9116436243057251
CUS00762,2025-07-31,1,0.9116436243057251
CUS01221,2025-09-30,1,0.9116436243057251
CUS00168,2025-07-31,1,0.9116436243057251
CUS07664,2025-09-30,1,0.9116436243057251
CUS07666,2025-09-30,1,0.9116436243057251
CUS07549,2025-09-30,1,0.9116436243057251
CUS01672,2025-08-31,1,0.9114160537719727
CUS03844,2025-09-30,1,0.9114160537719727
CUS04997,2025-07-31,1,0.9110970497131348
CUS01002,2025-09-30,1,0.9109225869178772
CUS03021,2025-08-31,1,0.9109225869178772
CUS02082,2025-09-30,1,0.9109225869178772
CUS01522,2025-09-30,1,0.9109225869178772
CUS02062,2025-08-31,1,0.9109225869178772
CUS04661,2025-08-31,1,0.91075199842453
CUS00951,2025-07-31,1,0.91075199842453
CUS05404,2025-09-30,1,0.9107450842857361
CUS07421,2025-08-31,0,0.9107450842857361
CUS06541,2025-08-31,1,0.9107450842857361
CUS07708,2025-08-31,1,0.9107450842857361
CUS05762,2025-08-31,1,0.9104598164558411
CUS06226,2025-09-30,1,0.9104598164558411
CUS03402,2025-08-31,1,0.9104598164558411
CUS06210,2025-07-31,1,0.9101813435554504
CUS02546,2025-07-31,0,0.9098646640777588
CUS04022,2025-08-31,1,0.9098533987998962
CUS00577,2025-08-31,1,0.9098533987998962
CUS00239,2025-08-31,1,0.9098533987998962
CUS02160,2025-08-31,1,0.9098533987998962
CUS01598,2025-08-31,0,0.9095579385757446
CUS07047,2025-09-30,1,0.9095579385757446
CUS06038,2025-07-31,1,0.9095579385757446
CUS02005,2025-07-31,0,0.9093361496925354
CUS07447,2025-07-31,1,0.9093361496925354
CUS04847,2025-09-30,1,0.9093361496925354
CUS07389,2025-08-31,1,0.9093361496925354
CUS04726,2025-07-31,1,0.9093361496925354
CUS04815,2025-07-31,1,0.9093361496925354
CUS03986,2025-07-31,1,0.9093361496925354
CUS01598,2025-07-31,1,0.9088422060012817
CUS06045,2025-07-31,1,0.9086481332778931
CUS00609,2025-07-31,1,0.9082004427909851
CUS04062,2025-07-31,1,0.9082004427909851
CUS07555,2025-08-31,1,0.9082004427909851
CUS04106,2025-09-30,1,0.9082004427909851
CUS01783,2025-09-30,1,0.9082004427909851
CUS07815,2025-08-31,1,0.9082004427909851
CUS02031,2025-07-31,1,0.9082004427909851
CUS07797,2025-09-30,1,0.9082004427909851
CUS04661,2025-09-30,1,0.9082004427909851
CUS05923,2025-09-30,1,0.9082004427909851
CUS01572,2025-08-31,1,0.9082004427909851
CUS01735,2025-07-31,1,0.9082004427909851
CUS06121,2025-08-31,1,0.9082004427909851
CUS01191,2025-09-30,1,0.9082004427909851
CUS07025,2025-07-31,1,0.9082004427909851
CUS04511,2025-08-31,1,0.9082004427909851
CUS05978,2025-07-31,1,0.9082004427909851
CUS00152,2025-09-30,1,0.9082004427909851
CUS04910,2025-09-30,0,0.9082004427909851
CUS01501,2025-07-31,1,0.9082004427909851
CUS01042,2025-08-31,1,0.9082004427909851
CUS00618,2025-08-31,1,0.9082004427909851
CUS06440,2025-09-30,1,0.9082004427909851
CUS03388,2025-09-30,1,0.9082004427909851
CUS02279,2025-08-31,0,0.9082004427909851
CUS02895,2025-08-31,0,0.9082004427909851
CUS04077,2025-07-31,1,0.9082004427909851
CUS04828,2025-09-30,1,0.9082004427909851
CUS02014,2025-09-30,1,0.9082004427909851
CUS06936,2025-07-31,1,0.9082004427909851
CUS02173,2025-08-31,1,0.9082004427909851
CUS04588,2025-08-31,1,0.9082004427909851
CUS04028,2025-07-31,1,0.9082004427909851
CUS03966,2025-07-31,1,0.9082004427909851
CUS06844,2025-07-31,1,0.9082004427909851
CUS05585,2025-07-31,1,0.9082004427909851
CUS03458,2025-09-30,1,0.9082004427909851
CUS02405,2025-08-31,1,0.9082004427909851
CUS01848,2025-09-30,1,0.9082004427909851
CUS05421,2025-08-31,1,0.9082004427909851
CUS01643,2025-09-30,1,0.9082004427909851
CUS00038,2025-08-31,1,0.9082004427909851
CUS05503,2025-09-30,1,0.9082004427909851
CUS04563,2025-08-31,1,0.9082004427909851
CUS03991,2025-09-30,1,0.9078254699707031
CUS06781,2025-08-31,1,0.907321572303772
CUS07746,2025-09-30,1,0.9073009490966797
CUS06933,2025-08-31,1,0.9072030186653137
CUS03565,2025-07-31,0,0.9072030186653137
CUS01615,2025-07-31,1,0.9072030186653137
CUS06299,2025-07-31,1,0.9072030186653137
CUS05366,2025-09-30,1,0.906912624835968
CUS05802,2025-08-31,1,0.9063386917114258
CUS01287,2025-08-31,1,0.9061005115509033
CUS07687,2025-07-31,1,0.9059727191925049
CUS06556,2025-07-31,1,0.9053640365600586
CUS05598,2025-09-30,1,0.9053048491477966
CUS01672,2025-09-30,1,0.9050962924957275
CUS06556,2025-09-30,1,0.9050962924957275
CUS05186,2025-07-31,1,0.9050962924957275
CUS07413,2025-08-31,1,0.9048985838890076
CUS02294,2025-08-31,1,0.9048985838890076
CUS01672,2025-07-31,1,0.904537558555603
CUS00544,2025-07-31,1,0.9042075276374817
CUS06270,2025-07-31,1,0.9042075276374817
CUS02942,2025-07-31,0,0.903990626335144
CUS06902,2025-08-31,1,0.9036551117897034
CUS05244,2025-08-31,1,0.9033926725387573
CUS04392,2025-07-31,1,0.9033926725387573
CUS02510,2025-07-31,1,0.9033926725387573
CUS03429,2025-08-31,1,0.9033926725387573
CUS03505,2025-07-31,1,0.9031405448913574
CUS03119,2025-07-31,1,0.9031405448913574
CUS07760,2025-09-30,1,0.9029940366744995
CUS02082,2025-07-31,1,0.9029940366744995
CUS07634,2025-07-31,1,0.9018889665603638
CUS01002,2025-07-31,1,0.9012470245361328
CUS02761,2025-07-31,1,0.9005252718925476
CUS05523,2025-07-31,0,0.9005252718925476
CUS01726,2025-07-31,1,0.9005252718925476
CUS03963,2025-07-31,1,0.9005252718925476
CUS03850,2025-09-30,1,0.9005252718925476
CUS01787,2025-08-31,1,0.9005252718925476
CUS03009,2025-09-30,1,0.9005252718925476
CUS04995,2025-07-31,1,0.9005252718925476
CUS05757,2025-07-31,1,0.9005252718925476
CUS06430,2025-07-31,0,0.9005252718925476
CUS04380,2025-07-31,0,0.9005252718925476
CUS04362,2025-08-31,1,0.9005252718925476
CUS07395,2025-07-31,1,0.9005252718925476
CUS00419,2025-07-31,1,0.9005252718925476
CUS01122,2025-08-31,1,0.9005252718925476
CUS03358,2025-08-31,1,0.9005252718925476
CUS00264,2025-07-31,0,0.9004469513893127
CUS06718,2025-07-31,1,0.9004469513893127
CUS02802,2025-07-31,0,0.9004469513893127
CUS02389,2025-07-31,0,0.9004469513893127
CUS05446,2025-09-30,0,0.9004469513893127
CUS02258,2025-08-31,0,0.9004469513893127
CUS07389,2025-07-31,1,0.9001630544662476
CUS06800,2025-08-31,1,0.9001630544662476
CUS03850,2025-08-31,1,0.9001630544662476
CUS02470,2025-09-30,1,0.9001630544662476
CUS01122,2025-07-31,1,0.9001630544662476
CUS00011,2025-07-31,0,0.9001630544662476
CUS01974,2025-09-30,0,0.9001630544662476
CUS04362,2025-07-31,1,0.9001630544662476
CUS07356,2025-08-31,1,0.9001630544662476
CUS03255,2025-09-30,1,0.9001630544662476
CUS03560,2025-08-31,0,0.9001630544662476
CUS03358,2025-07-31,1,0.9001630544662476
CUS04847,2025-08-31,1,0.9001630544662476
CUS04141,2025-09-30,0,0.9001630544662476
CUS01787,2025-07-31,1,0.9001630544662476
CUS05955,2025-08-31,0,0.9000006318092346
CUS06933,2025-07-31,1,0.8989280462265015
CUS04131,2025-08-31,1,0.8989055156707764
CUS00372,2025-07-31,1,0.8989055156707764
CUS02926,2025-08-31,1,0.8981098532676697
CUS00646,2025-08-31,0,0.8981098532676697
CUS07327,2025-08-31,1,0.8981098532676697
CUS03839,2025-08-31,1,0.8981098532676697
CUS06086,2025-08-31,1,0.8981098532676697
CUS04867,2025-08-31,1,0.8960423469543457
CUS01383,2025-08-31,0,0.895810067653656
CUS04106,2025-07-31,1,0.8952584862709045
CUS00152,2025-07-31,1,0.8952584862709045
CUS03844,2025-08-31,1,0.8949097394943237
CUS01186,2025-09-30,1,0.8942005634307861
CUS07436,2025-09-30,0,0.8932289481163025
CUS06226,2025-08-31,1,0.8928810954093933
CUS05762,2025-07-31,1,0.8928810954093933
CUS03402,2025-07-31,1,0.8928810954093933
CUS01989,2025-09-30,1,0.8928810954093933
CUS03693,2025-08-31,1,0.8924036026000977
CUS06045,2025-08-31,1,0.8924036026000977
CUS05964,2025-07-31,1,0.8924036026000977
CUS04661,2025-07-31,1,0.8923158645629883
CUS01720,2025-09-30,1,0.8922282457351685
CUS01417,2025-08-31,1,0.8922282457351685
CUS02294,2025-07-31,1,0.8919585347175598
CUS03134,2025-08-31,1,0.8913809657096863
CUS05793,2025-08-31,1,0.8913809657096863
CUS00709,2025-09-30,1,0.8913809657096863
CUS03369,2025-09-30,1,0.8913809657096863
CUS06401,2025-07-31,1,0.8913809657096863
CUS07357,2025-08-31,1,0.8913809657096863
CUS01193,2025-09-30,1,0.8913809657096863
CUS07173,2025-07-31,0,0.8913809657096863
CUS00278,2025-07-31,1,0.8913809657096863
CUS03538,2025-07-31,1,0.8913809657096863
CUS04757,2025-08-31,0,0.8913809657096863
CUS07208,2025-09-30,1,0.8913809657096863
CUS06299,2025-09-30,1,0.8913809657096863
CUS01793,2025-08-31,1,0.8913809657096863
CUS06292,2025-09-30,1,0.8913809657096863
CUS02906,2025-07-31,1,0.8913809657096863
CUS02695,2025-07-31,1,0.8913809657096863
CUS03719,2025-07-31,1,0.8913809657096863
CUS03033,2025-08-31,1,0.8913809657096863
CUS01615,2025-09-30,1,0.8913809657096863
CUS02577,2025-08-31,1,0.8913809657096863
CUS07748,2025-07-31,1,0.8913809657096863
CUS05142,2025-09-30,1,0.8913809657096863
CUS00338,2025-07-31,1,0.8913809657096863
CUS03733,2025-09-30,1,0.8913809657096863
CUS03946,2025-08-31,1,0.8913809657096863
CUS01472,2025-08-31,1,0.8913809657096863
CUS00781,2025-07-31,1,0.8913809657096863
CUS04870,2025-08-31,1,0.8913809657096863
CUS03400,2025-09-30,1,0.8913809657096863
CUS07339,2025-09-30,0,0.8913809657096863
CUS06519,2025-08-31,1,0.8913809657096863
CUS01458,2025-07-31,1,0.8913809657096863
CUS01522,2025-08-31,1,0.8913118243217468
CUS04170,2025-09-30,1,0.8910331130027771
CUS02082,2025-08-31,1,0.8903189897537231
CUS05366,2025-08-31,1,0.8902364373207092
CUS07413,2025-07-31,1,0.8902364373207092
CUS02926,2025-07-31,1,0.890141487121582
CUS03839,2025-07-31,1,0.890141487121582
CUS04416,2025-07-31,1,0.890118420124054
CUS06640,2025-09-30,1,0.890118420124054
CUS01313,2025-08-31,1,0.890118420124054
CUS02256,2025-07-31,1,0.890118420124054
CUS06159,2025-08-31,0,0.890118420124054
CUS02650,2025-09-30,1,0.890118420124054
CUS05044,2025-08-31,1,0.890118420124054
CUS01078,2025-09-30,1,0.890118420124054
CUS03474,2025-09-30,1,0.890118420124054
CUS00963,2025-08-31,1,0.890118420124054
CUS01812,2025-08-31,1,0.890118420124054
CUS03356,2025-09-30,1,0.890118420124054
CUS03410,2025-08-31,1,0.890118420124054
CUS04909,2025-09-30,1,0.890118420124054
CUS03384,2025-09-30,1,0.890118420124054
CUS06173,2025-07-31,1,0.890118420124054
CUS04501,2025-08-31,0,0.890118420124054
CUS06724,2025-07-31,1,0.890118420124054
CUS02786,2025-08-31,1,0.890118420124054
CUS04119,2025-07-31,1,0.890118420124054
CUS02591,2025-09-30,1,0.890118420124054
CUS03021,2025-09-30,1,0.890118420124054
CUS03260,2025-08-31,1,0.890118420124054
CUS01598,2025-09-30,0,0.890118420124054
CUS01589,2025-09-30,1,0.890118420124054
CUS05607,2025-08-31,1,0.890118420124054
CUS07991,2025-09-30,1,0.890118420124054
CUS05023,2025-09-30,1,0.890118420124054
CUS07046,2025-09-30,1,0.890118420124054
CUS07334,2025-07-31,1,0.890118420124054
CUS01988,2025-07-31,0,0.890118420124054
CUS06038,2025-08-31,1,0.890118420124054
CUS06339,2025-08-31,1,0.890118420124054
CUS07889,2025-08-31,1,0.890118420124054
CUS01670,2025-07-31,1,0.890118420124054
CUS02563,2025-08-31,1,0.890118420124054
CUS02434,2025-08-31,1,0.890118420124054
CUS04805,2025-07-31,1,0.890118420124054
CUS03473,2025-07-31,1,0.890118420124054
CUS05683,2025-07-31,0,0.890118420124054
CUS02047,2025-08-31,1,0.890118420124054
CUS00144,2025-07-31,1,0.890118420124054
CUS07716,2025-08-31,1,0.890118420124054
CUS02435,2025-07-31,1,0.890118420124054
CUS03887,2025-08-31,1,0.890118420124054
CUS01099,2025-07-31,1,0.890118420124054
CUS05990,2025-07-31,1,0.890118420124054
CUS07647,2025-09-30,1,0.890118420124054
CUS05186,2025-08-31,1,0.890118420124054
CUS02210,2025-08-31,1,0.890118420124054
CUS01558,2025-09-30,1,0.890118420124054
CUS05559,2025-07-31,1,0.890118420124054
CUS02830,2025-09-30,1,0.890118420124054
CUS00463,2025-08-31,1,0.890118420124054
CUS05487,2025-07-31,1,0.890118420124054
CUS04403,2025-07-31,1,0.890118420124054
CUS03787,2025-08-31,0,0.890118420124054
CUS02046,2025-09-30,1,0.890118420124054
CUS00257,2025-09-30,1,0.890118420124054
CUS02484,2025-08-31,1,0.890118420124054
CUS07462,2025-09-30,1,0.890118420124054
CUS00029,2025-08-31,1,0.890118420124054
CUS00598,2025-08-31,1,0.890118420124054
CUS02730,2025-09-30,1,0.890118420124054
CUS06881,2025-08-31,1,0.890118420124054
CUS02062,2025-09-30,1,0.890118420124054
CUS06808,2025-07-31,0,0.8900148272514343
CUS05106,2025-09-30,1,0.8895397186279297
CUS05540,2025-08-31,1,0.8895397186279297
CUS01476,2025-07-31,1,0.8895397186279297
CUS06372,2025-09-30,1,0.8895397186279297
CUS07072,2025-08-31,1,0.8895397186279297
CUS06497,2025-09-30,1,0.8895397186279297
CUS04311,2025-07-31,1,0.8895397186279297
CUS01014,2025-08-31,1,0.8895397186279297
CUS00951,2025-08-31,1,0.8895397186279297
CUS06406,2025-07-31,1,0.8895397186279297
CUS06174,2025-08-31,1,0.8895397186279297
CUS01339,2025-08-31,1,0.8895397186279297
CUS07693,2025-07-31,1,0.8895397186279297
CUS04651,2025-09-30,1,0.8895397186279297
CUS00268,2025-08-31,1,0.8895397186279297
CUS05736,2025-09-30,1,0.8895397186279297
CUS05054,2025-09-30,1,0.8895397186279297
CUS00047,2025-08-31,1,0.8895397186279297
CUS07491,2025-08-31,1,0.8895397186279297
CUS05388,2025-09-30,1,0.8895397186279297
CUS03763,2025-08-31,1,0.8895397186279297
CUS06636,2025-09-30,0,0.8895397186279297
CUS04689,2025-09-30,1,0.8895397186279297
CUS04719,2025-09-30,1,0.8895397186279297
CUS05483,2025-09-30,0,0.8895397186279297
CUS02467,2025-07-31,1,0.8895397186279297
CUS04316,2025-07-31,1,0.8895397186279297
CUS04032,2025-09-30,1,0.8892787098884583
CUS07327,2025-07-31,1,0.8891983032226562
CUS06630,2025-08-31,1,0.8889278769493103
CUS02181,2025-07-31,0,0.8889278769493103
CUS00692,2025-07-31,1,0.8889278769493103
CUS04621,2025-08-31,1,0.8889278769493103
CUS07749,2025-09-30,0,0.8889278769493103
CUS07596,2025-07-31,0,0.8889278769493103
CUS03693,2025-07-31,1,0.8888645172119141
CUS07996,2025-07-31,1,0.8887898921966553
CUS00618,2025-09-30,1,0.8887898921966553
CUS02609,2025-07-31,1,0.8887898921966553
CUS06916,2025-08-31,1,0.8887898921966553
CUS06475,2025-09-30,0,0.8887898921966553
CUS00609,2025-08-31,1,0.8887898921966553
CUS01042,2025-09-30,1,0.8887898921966553
CUS07491,2025-09-30,1,0.8887898921966553
CUS07555,2025-09-30,1,0.8887898921966553
CUS02144,2025-07-31,1,0.8887898921966553
CUS05125,2025-09-30,1,0.8887898921966553
CUS07270,2025-09-30,1,0.8887898921966553
CUS07013,2025-09-30,1,0.8887898921966553
CUS05585,2025-08-31,1,0.8887898921966553
CUS05978,2025-08-31,1,0.8887898921966553
CUS04563,2025-09-30,1,0.8887898921966553
CUS07674,2025-07-31,1,0.8887898921966553
CUS01735,2025-08-31,1,0.8887898921966553
CUS04028,2025-08-31,1,0.8887898921966553
CUS05964,2025-08-31,1,0.8887898921966553
CUS02661,2025-07-31,1,0.8887898921966553
CUS04164,2025-07-31,1,0.8887898921966553
CUS07507,2025-07-31,1,0.8887898921966553
CUS02279,2025-09-30,0,0.8887898921966553
CUS06121,2025-09-30,1,0.8887898921966553
CUS07025,2025-08-31,1,0.8887898921966553
CUS06045,2025-09-30,1,0.8887898921966553
CUS02173,2025-09-30,1,0.8887898921966553
CUS05421,2025-09-30,1,0.8887898921966553
CUS01501,2025-08-31,0,0.8887898921966553
CUS07693,2025-08-31,1,0.8887898921966553
CUS05944,2025-07-31,1,0.8887898921966553
CUS06844,2025-08-31,1,0.8887898921966553
CUS02553,2025-07-31,1,0.8887898921966553
CUS02262,2025-08-31,1,0.8887898921966553
CUS00168,2025-08-31,1,0.8887898921966553
CUS06936,2025-08-31,1,0.8887898921966553
CUS00762,2025-08-31,1,0.8887898921966553
CUS01339,2025-09-30,1,0.8887898921966553
CUS04187,2025-07-31,1,0.8887898921966553
CUS06701,2025-07-31,1,0.8887898921966553
CUS02758,2025-07-31,1,0.8887898921966553
CUS05832,2025-07-31,1,0.8887898921966553
CUS03693,2025-09-30,1,0.8887898921966553
CUS04588,2025-09-30,1,0.8887898921966553
CUS07815,2025-09-30,1,0.8887898921966553
CUS03827,2025-07-31,1,0.8887898921966553
CUS01572,2025-09-30,1,0.8887898921966553
CUS02031,2025-08-31,1,0.8887898921966553
CUS02895,2025-09-30,0,0.8887898921966553
CUS04422,2025-07-31,1,0.8887898921966553
CUS00951,2025-09-30,1,0.8887898921966553
CUS07444,2025-07-31,1,0.8887898921966553
CUS02405,2025-09-30,1,0.8887898921966553
CUS02418,2025-08-31,1,0.8887898921966553
CUS00038,2025-09-30,1,0.8887898921966553
CUS03966,2025-08-31,1,0.8887898921966553
CUS04511,2025-09-30,1,0.8887898921966553
CUS04062,2025-08-31,1,0.8887898921966553
CUS04077,2025-08-31,1,0.8887898921966553
CUS06711,2025-08-31,1,0.8887209892272949
CUS07332,2025-09-30,0,0.8887209892272949
CUS06581,2025-07-31,0,0.8887209892272949
CUS04847,2025-07-31,1,0.8884574174880981
CUS03440,2025-07-31,1,0.8883643746376038
CUS05438,2025-07-31,1,0.8883643746376038
CUS01004,2025-08-31,1,0.8883643746376038
CUS05508,2025-07-31,1,0.8883643746376038
CUS02074,2025-07-31,0,0.8883643746376038
CUS07746,2025-08-31,1,0.8883290886878967
CUS02735,2025-08-31,1,0.8882853388786316
CUS01522,2025-07-31,1,0.8882853388786316
CUS00646,2025-07-31,1,0.8882697224617004
CUS01338,2025-07-31,0,0.8882697224617004
CUS05919,2025-09-30,1,0.8882697224617004
CUS03428,2025-08-31,1,0.8881214261054993
CUS04268,2025-07-31,0,0.8881214261054993
CUS02560,2025-08-31,0,0.8880923986434937
CUS04801,2025-09-30,0,0.8880923986434937
CUS06795,2025-09-30,1,0.8880923986434937
CUS00428,2025-09-30,1,0.8880923986434937
CUS05623,2025-09-30,0,0.8880923986434937
CUS01178,2025-07-31,0,0.8880923986434937
CUS06800,2025-07-31,1,0.8880923986434937
CUS03560,2025-07-31,0,0.8880923986434937
CUS06669,2025-07-31,0,0.8880923986434937
CUS07356,2025-07-31,1,0.8880923986434937
CUS02883,2025-08-31,1,0.8880923986434937
CUS01616,2025-07-31,0,0.8879793882369995
CUS01145,2025-08-31,0,0.8879793882369995
CUS03850,2025-07-31,1,0.8879793882369995
CUS03255,2025-08-31,1,0.8879793882369995
CUS04141,2025-08-31,0,0.8879793882369995
CUS07497,2025-08-31,0,0.887975811958313
CUS06884,2025-09-30,0,0.887975811958313
CUS07470,2025-09-30,1,0.8879643678665161
CUS05019,2025-08-31,1,0.8879643678665161
CUS05072,2025-07-31,0,0.8879643678665161
CUS06674,2025-09-30,1,0.8879643678665161
CUS03278,2025-07-31,0,0.8879643678665161
CUS06373,2025-07-31,1,0.8879643678665161
CUS03653,2025-08-31,1,0.8879643678665161
CUS02506,2025-08-31,1,0.8879643678665161
CUS02473,2025-08-31,1,0.8879643678665161
CUS05824,2025-07-31,1,0.8879643678665161
CUS06078,2025-07-31,1,0.8879643678665161
CUS07047,2025-08-31,1,0.8879128098487854
CUS03638,2025-09-30,1,0.8879128098487854
CUS02735,2025-09-30,1,0.8879128098487854
CUS06247,2025-09-30,1,0.8877730965614319
CUS00812,2025-09-30,1,0.8877730965614319
CUS02771,2025-09-30,1,0.8876640200614929
CUS06584,2025-08-31,0,0.8876640200614929
CUS01525,2025-07-31,1,0.8875945210456848
CUS06342,2025-07-31,1,0.887588620185852
CUS07565,2025-07-31,0,0.8875350952148438
CUS05151,2025-07-31,0,0.8875350952148438
CUS01720,2025-08-31,1,0.8874377012252808
CUS06086,2025-07-31,1,0.8873124718666077
CUS00252,2025-08-31,0,0.8872862458229065
CUS01202,2025-07-31,1,0.8872618079185486
CUS07593,2025-08-31,1,0.8871591687202454
CUS07065,2025-07-31,1,0.8871591687202454
CUS07694,2025-07-31,1,0.8871507048606873
CUS04903,2025-09-30,1,0.8871507048606873
CUS05341,2025-09-30,0,0.8870890140533447
CUS07492,2025-09-30,0,0.8870835304260254
CUS05799,2025-07-31,0,0.8870835304260254
CUS05167,2025-07-31,0,0.887053370475769
CUS00661,2025-07-31,0,0.887053370475769
CUS02470,2025-08-31,1,0.887053370475769
CUS06626,2025-07-31,0,0.8867998719215393
CUS01521,2025-09-30,0,0.8867998719215393
CUS02831,2025-07-31,1,0.8866568207740784
CUS06246,2025-07-31,1,0.8866453766822815
CUS06117,2025-08-31,1,0.8866159915924072
CUS06541,2025-07-31,1,0.8865693807601929
CUS07708,2025-07-31,1,0.8865693807601929
CUS04376,2025-07-31,0,0.8862000107765198
CUS03770,2025-09-30,1,0.8859825730323792
CUS02066,2025-07-31,1,0.8859825730323792
CUS02681,2025-08-31,1,0.8859825730323792
CUS04149,2025-08-31,1,0.8859825730323792
CUS04171,2025-08-31,1,0.8859825730323792
CUS03111,2025-08-31,1,0.8859825730323792
CUS00533,2025-07-31,1,0.8859825730323792
CUS01749,2025-07-31,1,0.8859825730323792
CUS01219,2025-07-31,1,0.8859825730323792
CUS06210,2025-08-31,1,0.8859825730323792
CUS02652,2025-08-31,1,0.8859825730323792
CUS07128,2025-07-31,1,0.8859825730323792
CUS03780,2025-08-31,1,0.8859825730323792
CUS00997,2025-08-31,1,0.8859825730323792
CUS05595,2025-09-30,1,0.8859825730323792
CUS04494,2025-07-31,1,0.8859825730323792
CUS00070,2025-07-31,1,0.8859825730323792
CUS02828,2025-07-31,1,0.8859825730323792
CUS02231,2025-09-30,1,0.8859825730323792
CUS04755,2025-08-31,1,0.8859825730323792
CUS00440,2025-08-31,1,0.8859825730323792
CUS03415,2025-08-31,0,0.8859825730323792
CUS02666,2025-09-30,1,0.8859825730323792
CUS01797,2025-08-31,1,0.8859825730323792
CUS01100,2025-07-31,1,0.8859825730323792
CUS05995,2025-08-31,0,0.8859825730323792
CUS03991,2025-08-31,1,0.8858079314231873
CUS07661,2025-07-31,1,0.8857368230819702
CUS03685,2025-09-30,1,0.8857247829437256
CUS01160,2025-09-30,0,0.8856825232505798
CUS02110,2025-09-30,1,0.8855494260787964
CUS00626,2025-09-30,0,0.8855494260787964
CUS03503,2025-07-31,0,0.8855373859405518
CUS01417,2025-07-31,1,0.8855258226394653
CUS00161,2025-09-30,1,0.8854317665100098
CUS01200,2025-09-30,1,0.8852570056915283
CUS05919,2025-08-31,1,0.8852570056915283
CUS06633,2025-07-31,1,0.8852053880691528
CUS01720,2025-07-31,1,0.8851065635681152
CUS01186,2025-08-31,1,0.8846933841705322
CUS04639,2025-09-30,1,0.8844061493873596
CUS01486,2025-09-30,1,0.8840159773826599
CUS03428,2025-07-31,1,0.8837096095085144
CUS00114,2025-09-30,0,0.8836191296577454
CUS06781,2025-07-31,1,0.8836191296577454
CUS00796,2025-08-31,1,0.8835240006446838
CUS04668,2025-07-31,1,0.8835240006446838
CUS05427,2025-07-31,1,0.8835240006446838
CUS05223,2025-09-30,1,0.8835240006446838
CUS02006,2025-09-30,1,0.8835240006446838
CUS05822,2025-09-30,1,0.8835240006446838
CUS03211,2025-07-31,1,0.8835240006446838
CUS03273,2025-09-30,1,0.8834879994392395
CUS07367,2025-09-30,1,0.8833187818527222
CUS03429,2025-07-31,1,0.8833187818527222
CUS05244,2025-07-31,1,0.8833187818527222
CUS07281,2025-09-30,1,0.8833187818527222
CUS06669,2025-08-31,0,0.8832806944847107
CUS01929,2025-07-31,1,0.8832806944847107
CUS04229,2025-07-31,1,0.8832806944847107
CUS02883,2025-09-30,0,0.8832806944847107
CUS07570,2025-08-31,0,0.8832806944847107
CUS06090,2025-07-31,1,0.8832806944847107
CUS02560,2025-09-30,0,0.8832806944847107
CUS07125,2025-08-31,1,0.8832806944847107
CUS04032,2025-08-31,1,0.8832318186759949
CUS02803,2025-07-31,0,0.8832318186759949
CUS07746,2025-07-31,1,0.8829238414764404
CUS01820,2025-07-31,1,0.8828223347663879
CUS04581,2025-08-31,1,0.8828223347663879
CUS03231,2025-09-30,0,0.8828223347663879
CUS01132,2025-07-31,1,0.8828223347663879
CUS04030,2025-08-31,1,0.8826308250427246
CUS07529,2025-09-30,1,0.8826308250427246
CUS01281,2025-08-31,0,0.8824315667152405
CUS00124,2025-07-31,1,0.8824315667152405
CUS00649,2025-07-31,1,0.8824315667152405
CUS03381,2025-07-31,0,0.8824315667152405
CUS00464,2025-09-30,1,0.8824315667152405
CUS03750,2025-08-31,0,0.8824315667152405
CUS04353,2025-09-30,1,0.8824315667152405
CUS07382,2025-09-30,0,0.8824315667152405
CUS01080,2025-08-31,1,0.8824315667152405
CUS00828,2025-07-31,1,0.8824315667152405
CUS02859,2025-07-31,1,0.8824315667152405
CUS05404,2025-07-31,1,0.8823737502098083
CUS07471,2025-09-30,1,0.8823737502098083
CUS06508,2025-08-31,1,0.8822609782218933
CUS04894,2025-07-31,0,0.8821821808815002
CUS06086,2025-09-30,1,0.8821821808815002
CUS00487,2025-07-31,1,0.8821821808815002
CUS00646,2025-09-30,0,0.8821821808815002
CUS04997,2025-08-31,1,0.8821821808815002
CUS02719,2025-08-31,0,0.8821420669555664
CUS07122,2025-07-31,1,0.8819924592971802
CUS03991,2025-07-31,1,0.8817691206932068
CUS02294,2025-09-30,1,0.8815673589706421
CUS06656,2025-07-31,0,0.8815673589706421
CUS03402,2025-09-30,1,0.8815673589706421
CUS05762,2025-09-30,1,0.8815673589706421
CUS06482,2025-08-31,1,0.8811916708946228
CUS02041,2025-07-31,1,0.8807705044746399
CUS03839,2025-09-30,1,0.8807705044746399
CUS02926,2025-09-30,1,0.8807705044746399
CUS06034,2025-07-31,0,0.8807705044746399
CUS06206,2025-07-31,1,0.8807705044746399
CUS03428,2025-09-30,1,0.8807705044746399
CUS07327,2025-09-30,1,0.8807705044746399
CUS04268,2025-08-31,0,0.8807705044746399
CUS02055,2025-08-31,1,0.8807046413421631
CUS06452,2025-09-30,1,0.8806406855583191
CUS01431,2025-07-31,0,0.8806406855583191
CUS02258,2025-07-31,0,0.8806406855583191
CUS01974,2025-08-31,0,0.8806406855583191
CUS05446,2025-08-31,0,0.8806406855583191
CUS06698,2025-09-30,0,0.8806406855583191
CUS00676,2025-08-31,1,0.880510151386261
CUS07859,2025-09-30,0,0.88019198179245
CUS01862,2025-09-30,1,0.88019198179245
CUS07760,2025-08-31,1,0.88019198179245
CUS07122,2025-09-30,1,0.8801655769348145
CUS00156,2025-07-31,1,0.8801655769348145
CUS06807,2025-07-31,1,0.880134642124176
CUS01031,2025-09-30,1,0.880134642124176
CUS00138,2025-09-30,1,0.8801153302192688
CUS02235,2025-09-30,1,0.8800348043441772
CUS07707,2025-07-31,1,0.8800348043441772
CUS06237,2025-07-31,1,0.8800348043441772
CUS04008,2025-09-30,1,0.8800348043441772
CUS07889,2025-09-30,1,0.8800348043441772
CUS00060,2025-07-31,1,0.8800348043441772
CUS02580,2025-08-31,1,0.8800348043441772
CUS04009,2025-08-31,1,0.8800348043441772
CUS04008,2025-08-31,1,0.8800348043441772
CUS01812,2025-09-30,1,0.8800348043441772
CUS01321,2025-08-31,1,0.8800348043441772
CUS07911,2025-09-30,1,0.8800348043441772
CUS05683,2025-09-30,0,0.8800348043441772
CUS01691,2025-09-30,1,0.8800348043441772
CUS01767,2025-09-30,1,0.8800348043441772
CUS01756,2025-09-30,1,0.8800348043441772
CUS01749,2025-09-30,1,0.8800348043441772
CUS07984,2025-09-30,1,0.8800348043441772
CUS03763,2025-09-30,1,0.8800348043441772
CUS02553,2025-08-31,1,0.8800348043441772
CUS01991,2025-07-31,1,0.8800348043441772
CUS00030,2025-07-31,1,0.8800348043441772
CUS01757,2025-08-31,0,0.8800348043441772
CUS01756,2025-08-31,1,0.8800348043441772
CUS01749,2025-08-31,1,0.8800348043441772
CUS02433,2025-09-30,1,0.8800348043441772
CUS03473,2025-08-31,1,0.8800348043441772
CUS02484,2025-09-30,1,0.8800348043441772
CUS02710,2025-07-31,0,0.8800348043441772
CUS01463,2025-07-31,1,0.8800348043441772
CUS02359,2025-09-30,1,0.8800348043441772
CUS03538,2025-08-31,1,0.8800348043441772
CUS03537,2025-08-31,1,0.8800348043441772
CUS04009,2025-09-30,1,0.8800348043441772
CUS01996,2025-07-31,1,0.8800348043441772
CUS03887,2025-09-30,1,0.8800348043441772
CUS01670,2025-08-31,1,0.8800348043441772
CUS02256,2025-09-30,1,0.8800348043441772
CUS00963,2025-09-30,1,0.8800348043441772
CUS06195,2025-09-30,1,0.8800348043441772
CUS06237,2025-09-30,1,0.8800348043441772
CUS04668,2025-08-31,1,0.8800348043441772
CUS07098,2025-07-31,1,0.8800348043441772
CUS01014,2025-09-30,1,0.8800348043441772
CUS01066,2025-09-30,1,0.8800348043441772
CUS01065,2025-09-30,0,0.8800348043441772
CUS05186,2025-09-30,1,0.8800348043441772
CUS01691,2025-08-31,1,0.8800348043441772
CUS05809,2025-07-31,1,0.8800348043441772
CUS02357,2025-09-30,1,0.8800348043441772
CUS02396,2025-09-30,1,0.8800348043441772
CUS02435,2025-09-30,1,0.8800348043441772
CUS02434,2025-09-30,1,0.8800348043441772
CUS01767,2025-08-31,1,0.8800348043441772
CUS03719,2025-08-31,1,0.8800348043441772
CUS04422,2025-08-31,1,0.8800348043441772
CUS04416,2025-08-31,1,0.8800348043441772
CUS04403,2025-08-31,1,0.8800348043441772
CUS05931,2025-09-30,1,0.8800348043441772
CUS01100,2025-08-31,1,0.8800348043441772
CUS01099,2025-08-31,1,0.8800348043441772
CUS05978,2025-09-30,1,0.8800348043441772
CUS05964,2025-09-30,1,0.8800348043441772
CUS01228,2025-09-30,1,0.8800348043441772
CUS01066,2025-08-31,1,0.8800348043441772
CUS01429,2025-09-30,1,0.8800348043441772
CUS00878,2025-09-30,1,0.8800348043441772
CUS03518,2025-08-31,0,0.8800348043441772
CUS02418,2025-09-30,1,0.8800348043441772
CUS02737,2025-07-31,1,0.8800348043441772
CUS04805,2025-08-31,1,0.8800348043441772
CUS06341,2025-09-30,1,0.8800348043441772
CUS06395,2025-09-30,1,0.8800348043441772
CUS05304,2025-07-31,1,0.8800348043441772
CUS01429,2025-07-31,1,0.8800348043441772
CUS05044,2025-09-30,1,0.8800348043441772
CUS02467,2025-09-30,1,0.8800348043441772
CUS02456,2025-09-30,1,0.8800348043441772
CUS06339,2025-09-30,1,0.8800348043441772
CUS00716,2025-09-30,1,0.8800348043441772
CUS00781,2025-09-30,1,0.8800348043441772
CUS00773,2025-09-30,1,0.8800348043441772
CUS00762,2025-09-30,1,0.8800348043441772
CUS00796,2025-09-30,1,0.8800348043441772
CUS00740,2025-09-30,1,0.8800348043441772
CUS06774,2025-07-31,1,0.8800348043441772
CUS00609,2025-09-30,1,0.8800348043441772
CUS00740,2025-08-31,1,0.8800348043441772
CUS00716,2025-08-31,1,0.8800348043441772
CUS00598,2025-09-30,1,0.8800348043441772
CUS02553,2025-09-30,1,0.8800348043441772
CUS04997,2025-09-30,1,0.8800348043441772
CUS00533,2025-09-30,1,0.8800348043441772
CUS04880,2025-08-31,1,0.8800348043441772
CUS06406,2025-09-30,1,0.8800348043441772
CUS06401,2025-09-30,1,0.8800348043441772
CUS07163,2025-07-31,0,0.8800348043441772
CUS00781,2025-08-31,1,0.8800348043441772
CUS00773,2025-08-31,1,0.8800348043441772
CUS02504,2025-09-30,1,0.8800348043441772
CUS03450,2025-08-31,1,0.8800348043441772
CUS03537,2025-07-31,1,0.8800348043441772
CUS02609,2025-09-30,1,0.8800348043441772
CUS00463,2025-09-30,1,0.8800348043441772
CUS04894,2025-08-31,0,0.8800348043441772
CUS06446,2025-09-30,1,0.8800348043441772
CUS00565,2025-09-30,1,0.8800348043441772
CUS00558,2025-09-30,1,0.8800348043441772
CUS04290,2025-08-31,1,0.8800348043441772
CUS04387,2025-08-31,1,0.8800348043441772
CUS01313,2025-09-30,1,0.8800348043441772
CUS05944,2025-09-30,1,0.8800348043441772
CUS03778,2025-08-31,1,0.8800348043441772
CUS03739,2025-08-31,1,0.8800348043441772
CUS02066,2025-09-30,1,0.8800348043441772
CUS02144,2025-09-30,1,0.8800348043441772
CUS02885,2025-07-31,1,0.8800348043441772
CUS02877,2025-07-31,1,0.8800348043441772
CUS00440,2025-09-30,1,0.8800348043441772
CUS00487,2025-09-30,1,0.8800348043441772
CUS04829,2025-09-30,0,0.8800348043441772
CUS04894,2025-09-30,0,0.8800348043441772
CUS04880,2025-09-30,1,0.8800348043441772
CUS02661,2025-09-30,1,0.8800348043441772
CUS02652,2025-09-30,1,0.8800348043441772
CUS06519,2025-09-30,1,0.8800348043441772
CUS00716,2025-07-31,1,0.8800348043441772
CUS06561,2025-09-30,1,0.8800348043441772
CUS06546,2025-09-30,1,0.8800348043441772
CUS00773,2025-07-31,1,0.8800348043441772
CUS04829,2025-08-31,0,0.8800348043441772
CUS02580,2025-09-30,1,0.8800348043441772
CUS02577,2025-09-30,1,0.8800348043441772
CUS02563,2025-09-30,1,0.8800348043441772
CUS04316,2025-08-31,1,0.8800348043441772
CUS04311,2025-08-31,1,0.8800348043441772
CUS01463,2025-09-30,1,0.8800348043441772
CUS01458,2025-09-30,1,0.8800348043441772
CUS01526,2025-09-30,1,0.8800348043441772
CUS02695,2025-09-30,1,0.8800348043441772
CUS02681,2025-09-30,1,0.8800348043441772
CUS01932,2025-08-31,1,0.8800348043441772
CUS04870,2025-09-30,1,0.8800348043441772
CUS03683,2025-07-31,1,0.8800348043441772
CUS00346,2025-09-30,1,0.8800348043441772
CUS00341,2025-09-30,1,0.8800348043441772
CUS00338,2025-09-30,1,0.8800348043441772
CUS05091,2025-08-31,0,0.8800348043441772
CUS05931,2025-07-31,1,0.8800348043441772
CUS06536,2025-09-30,1,0.8800348043441772
CUS04804,2025-09-30,1,0.8800348043441772
CUS02580,2025-07-31,1,0.8800348043441772
CUS07223,2025-07-31,1,0.8800348043441772
CUS00565,2025-08-31,1,0.8800348043441772
CUS06656,2025-09-30,0,0.8800348043441772
CUS03713,2025-07-31,1,0.8800348043441772
CUS00314,2025-09-30,1,0.8800348043441772
CUS00361,2025-09-30,1,0.8800348043441772
CUS03654,2025-07-31,1,0.8800348043441772
CUS01526,2025-08-31,1,0.8800348043441772
CUS02922,2025-07-31,1,0.8800348043441772
CUS02047,2025-09-30,1,0.8800348043441772
CUS02041,2025-09-30,1,0.8800348043441772
CUS01321,2025-09-30,1,0.8800348043441772
CUS01063,2025-07-31,0,0.8800348043441772
CUS06957,2025-07-31,1,0.8800348043441772
CUS01991,2025-08-31,1,0.8800348043441772
CUS01988,2025-08-31,0,0.8800348043441772
CUS04755,2025-09-30,1,0.8800348043441772
CUS02758,2025-09-30,1,0.8800348043441772
CUS02788,2025-09-30,1,0.8800348043441772
CUS02786,2025-09-30,1,0.8800348043441772
CUS06633,2025-09-30,1,0.8800348043441772
CUS00533,2025-08-31,1,0.8800348043441772
CUS00487,2025-08-31,1,0.8800348043441772
CUS06710,2025-09-30,1,0.8800348043441772
CUS00247,2025-09-30,1,0.8800348043441772
CUS00278,2025-09-30,1,0.8800348043441772
CUS00268,2025-09-30,1,0.8800348043441772
CUS03339,2025-08-31,1,0.8800348043441772
CUS02737,2025-09-30,1,0.8800348043441772
CUS04805,2025-09-30,1,0.8800348043441772
CUS06210,2025-09-30,1,0.8800348043441772
CUS06206,2025-09-30,1,0.8800348043441772
CUS07043,2025-07-31,1,0.8800348043441772
CUS06710,2025-07-31,1,0.8800348043441772
CUS01688,2025-08-31,0,0.8800348043441772
CUS03683,2025-08-31,1,0.8800348043441772
CUS03654,2025-08-31,1,0.8800348043441772
CUS02262,2025-09-30,1,0.8800348043441772
CUS07058,2025-07-31,1,0.8800348043441772
CUS06174,2025-09-30,1,0.8800348043441772
CUS07279,2025-07-31,1,0.8800348043441772
CUS05091,2025-07-31,0,0.8800348043441772
CUS03778,2025-07-31,1,0.8800348043441772
CUS00181,2025-09-30,1,0.8800348043441772
CUS01996,2025-08-31,1,0.8800348043441772
CUS02922,2025-09-30,1,0.8800348043441772
CUS02466,2025-07-31,0,0.8800348043441772
CUS02456,2025-07-31,1,0.8800348043441772
CUS05304,2025-08-31,1,0.8800348043441772
CUS07284,2025-07-31,1,0.8800348043441772
CUS00164,2025-09-30,1,0.8800348043441772
CUS00227,2025-09-30,1,0.8800348043441772
CUS06701,2025-09-30,1,0.8800348043441772
CUS06724,2025-09-30,1,0.8800348043441772
CUS00208,2025-09-30,1,0.8800348043441772
CUS02828,2025-09-30,1,0.8800348043441772
CUS02504,2025-07-31,1,0.8800348043441772
CUS03298,2025-08-31,0,0.8800348043441772
CUS00997,2025-09-30,1,0.8800348043441772
CUS06159,2025-09-30,0,0.8800348043441772
CUS00878,2025-08-31,1,0.8800348043441772
CUS00168,2025-09-30,1,0.8800348043441772
CUS01996,2025-09-30,1,0.8800348043441772
CUS05427,2025-09-30,1,0.8800348043441772
CUS05487,2025-09-30,1,0.8800348043441772
CUS03849,2025-08-31,1,0.8800348043441772
CUS03827,2025-08-31,1,0.8800348043441772
CUS02031,2025-09-30,1,0.8800348043441772
CUS05544,2025-07-31,1,0.8800348043441772
CUS01501,2025-09-30,0,0.8800348043441772
CUS01476,2025-09-30,1,0.8800348043441772
CUS06951,2025-07-31,1,0.8800348043441772
CUS04164,2025-08-31,1,0.8800348043441772
CUS02885,2025-09-30,1,0.8800348043441772
CUS02877,2025-09-30,1,0.8800348043441772
CUS02041,2025-08-31,1,0.8800348043441772
CUS06561,2025-07-31,1,0.8800348043441772
CUS07984,2025-08-31,1,0.8800348043441772
CUS00030,2025-09-30,1,0.8800348043441772
CUS00029,2025-09-30,1,0.8800348043441772
CUS05442,2025-08-31,1,0.8800348043441772
CUS05427,2025-08-31,1,0.8800348043441772
CUS00156,2025-09-30,1,0.8800348043441772
CUS00144,2025-09-30,1,0.8800348043441772
CUS00142,2025-09-30,1,0.8800348043441772
CUS02906,2025-09-30,1,0.8800348043441772
CUS01626,2025-07-31,1,0.8800348043441772
CUS04668,2025-09-30,1,0.8800348043441772
CUS02959,2025-09-30,1,0.8800348043441772
CUS06774,2025-09-30,1,0.8800348043441772
CUS06844,2025-09-30,1,0.8800348043441772
CUS06829,2025-09-30,1,0.8800348043441772
CUS00070,2025-09-30,1,0.8800348043441772
CUS06026,2025-07-31,1,0.8800348043441772
CUS03163,2025-08-31,1,0.8800348043441772
CUS02396,2025-07-31,1,0.8800348043441772
CUS05487,2025-08-31,1,0.8800348043441772
CUS06881,2025-09-30,1,0.8800348043441772
CUS00346,2025-08-31,1,0.8800348043441772
CUS00338,2025-08-31,1,0.8800348043441772
CUS00314,2025-08-31,1,0.8800348043441772
CUS06957,2025-09-30,1,0.8800348043441772
CUS00060,2025-09-30,1,0.8800348043441772
CUS00047,2025-09-30,1,0.8800348043441772
CUS02433,2025-07-31,1,0.8800348043441772
CUS06536,2025-07-31,1,0.8800348043441772
CUS06916,2025-09-30,1,0.8800348043441772
CUS00565,2025-07-31,1,0.8800348043441772
CUS07996,2025-08-31,1,0.8800348043441772
CUS03929,2025-07-31,0,0.8800348043441772
CUS02144,2025-08-31,1,0.8800348043441772
CUS03033,2025-09-30,1,0.8800348043441772
CUS06991,2025-09-30,1,0.8800348043441772
CUS07043,2025-09-30,1,0.8800348043441772
CUS07025,2025-09-30,1,0.8800348043441772
CUS05559,2025-08-31,1,0.8800348043441772
CUS05544,2025-08-31,1,0.8800348043441772
CUS07820,2025-08-31,0,0.8800348043441772
CUS04475,2025-09-30,1,0.8800348043441772
CUS00361,2025-08-31,1,0.8800348043441772
CUS06918,2025-09-30,1,0.8800348043441772
CUS06917,2025-09-30,1,0.8800348043441772
CUS03211,2025-08-31,1,0.8800348043441772
CUS02066,2025-08-31,1,0.8800348043441772
CUS06028,2025-07-31,0,0.8800348043441772
CUS07748,2025-08-31,1,0.8800348043441772
CUS01691,2025-07-31,1,0.8800348043441772
CUS01688,2025-07-31,0,0.8800348043441772
CUS03134,2025-09-30,1,0.8800348043441772
CUS03111,2025-09-30,1,0.8800348043441772
CUS02359,2025-07-31,1,0.8800348043441772
CUS02357,2025-07-31,1,0.8800348043441772
CUS03163,2025-09-30,1,0.8800348043441772
CUS00278,2025-08-31,1,0.8800348043441772
CUS07098,2025-09-30,1,0.8800348043441772
CUS07796,2025-08-31,1,0.8800348043441772
CUS03961,2025-07-31,1,0.8800348043441772
CUS03226,2025-09-30,0,0.8800348043441772
CUS03211,2025-09-30,1,0.8800348043441772
CUS06951,2025-09-30,1,0.8800348043441772
CUS06936,2025-09-30,1,0.8800348043441772
CUS01066,2025-07-31,1,0.8800348043441772
CUS06918,2025-07-31,1,0.8800348043441772
CUS05843,2025-09-30,1,0.8800348043441772
CUS05832,2025-09-30,1,0.8800348043441772
CUS05831,2025-09-30,1,0.8800348043441772
CUS01472,2025-09-30,1,0.8800348043441772
CUS04187,2025-08-31,1,0.8800348043441772
CUS04137,2025-08-31,1,0.8800348043441772
CUS03260,2025-09-30,1,0.8800348043441772
CUS07072,2025-09-30,1,0.8800348043441772
CUS07058,2025-09-30,1,0.8800348043441772
CUS07139,2025-09-30,1,0.8800348043441772
CUS07128,2025-09-30,1,0.8800348043441772
CUS07707,2025-08-31,1,0.8800348043441772
CUS07758,2025-08-31,1,0.8800348043441772
CUS07751,2025-08-31,1,0.8800348043441772
CUS05677,2025-08-31,1,0.8800348043441772
CUS04422,2025-09-30,1,0.8800348043441772
CUS04416,2025-09-30,1,0.8800348043441772
CUS04403,2025-09-30,1,0.8800348043441772
CUS02215,2025-08-31,1,0.8800348043441772
CUS00250,2025-08-31,0,0.8800348043441772
CUS00247,2025-08-31,1,0.8800348043441772
CUS00227,2025-08-31,1,0.8800348043441772
CUS05701,2025-08-31,1,0.8800348043441772
CUS04494,2025-09-30,0,0.8800348043441772
CUS01988,2025-09-30,0,0.8800348043441772
CUS05442,2025-09-30,1,0.8800348043441772
CUS01476,2025-08-31,1,0.8800348043441772
CUS01463,2025-08-31,1,0.8800348043441772
CUS01458,2025-08-31,1,0.8800348043441772
CUS02959,2025-07-31,1,0.8800348043441772
CUS05683,2025-08-31,0,0.8800348043441772
CUS03332,2025-09-30,1,0.8800348043441772
CUS02959,2025-08-31,1,0.8800348043441772
CUS04387,2025-09-30,1,0.8800348043441772
CUS06446,2025-07-31,1,0.8800348043441772
CUS02235,2025-08-31,1,0.8800348043441772
CUS02227,2025-08-31,0,0.8800348043441772
CUS01757,2025-07-31,0,0.8800348043441772
CUS02922,2025-08-31,1,0.8800348043441772
CUS02906,2025-08-31,1,0.8800348043441772
CUS07419,2025-07-31,0,0.8800348043441772
CUS00164,2025-08-31,1,0.8800348043441772
CUS07689,2025-08-31,1,0.8800348043441772
CUS04009,2025-07-31,1,0.8800348043441772
CUS04008,2025-07-31,1,0.8800348043441772
CUS07674,2025-08-31,1,0.8800348043441772
CUS01202,2025-09-30,1,0.8800348043441772
CUS03713,2025-08-31,1,0.8800348043441772
CUS01626,2025-08-31,0,0.8800348043441772
CUS02227,2025-09-30,0,0.8800348043441772
CUS02215,2025-09-30,1,0.8800348043441772
CUS02845,2025-07-31,0,0.8800348043441772
CUS01139,2025-09-30,1,0.8800348043441772
CUS05990,2025-09-30,1,0.8800348043441772
CUS06038,2025-09-30,1,0.8800348043441772
CUS06026,2025-09-30,1,0.8800348043441772
CUS05304,2025-09-30,1,0.8800348043441772
CUS02256,2025-08-31,1,0.8800348043441772
CUS01767,2025-07-31,1,0.8800348043441772
CUS07444,2025-08-31,1,0.8800348043441772
CUS07284,2025-09-30,1,0.8800348043441772
CUS07279,2025-09-30,1,0.8800348043441772
CUS04137,2025-07-31,1,0.8800348043441772
CUS07427,2025-08-31,1,0.8800348043441772
CUS07419,2025-08-31,0,0.8800348043441772
CUS00361,2025-07-31,1,0.8800348043441772
CUS07334,2025-09-30,1,0.8800348043441772
CUS07371,2025-09-30,1,0.8800348043441772
CUS07334,2025-08-31,1,0.8800348043441772
CUS07507,2025-08-31,1,0.8800348043441772
CUS07223,2025-09-30,1,0.8800348043441772
CUS00144,2025-08-31,1,0.8800348043441772
CUS00142,2025-08-31,1,0.8800348043441772
CUS04880,2025-07-31,1,0.8800348043441772
CUS05809,2025-08-31,1,0.8800348043441772
CUS06173,2025-09-30,1,0.8800348043441772
CUS03298,2025-07-31,0,0.8800348043441772
CUS01219,2025-09-30,1,0.8800348043441772
CUS02357,2025-08-31,1,0.8800348043441772
CUS02877,2025-08-31,1,0.8800348043441772
CUS02227,2025-07-31,0,0.8800348043441772
CUS07279,2025-08-31,1,0.8800348043441772
CUS07357,2025-09-30,1,0.8800348043441772
CUS00070,2025-08-31,1,0.8800348043441772
CUS00060,2025-08-31,1,0.8800348043441772
CUS07284,2025-08-31,1,0.8800348043441772
CUS05944,2025-08-31,1,0.8800348043441772
CUS05931,2025-08-31,1,0.8800348043441772
CUS05832,2025-08-31,1,0.8800348043441772
CUS03339,2025-09-30,1,0.8800348043441772
CUS03410,2025-09-30,1,0.8800348043441772
CUS02235,2025-07-31,1,0.8800348043441772
CUS02885,2025-08-31,1,0.8800348043441772
CUS04316,2025-09-30,1,0.8800348043441772
CUS04251,2025-07-31,0,0.8800348043441772
CUS07371,2025-08-31,1,0.8800348043441772
CUS04119,2025-08-31,1,0.8800348043441772
CUS05701,2025-07-31,1,0.8800348043441772
CUS03929,2025-08-31,0,0.8800348043441772
CUS01228,2025-07-31,1,0.8800348043441772
CUS05544,2025-09-30,1,0.8800348043441772
CUS05540,2025-09-30,1,0.8800348043441772
CUS01932,2025-09-30,1,0.8800348043441772
CUS01991,2025-09-30,1,0.8800348043441772
CUS05809,2025-09-30,1,0.8800348043441772
CUS05793,2025-09-30,1,0.8800348043441772
CUS01228,2025-08-31,1,0.8800348043441772
CUS01219,2025-08-31,1,0.8800348043441772
CUS01735,2025-09-30,1,0.8800348043441772
CUS02359,2025-08-31,1,0.8800348043441772
CUS02433,2025-08-31,1,0.8800348043441772
CUS03450,2025-09-30,1,0.8800348043441772
CUS03506,2025-09-30,1,0.8800348043441772
CUS04290,2025-07-31,1,0.8800348043441772
CUS07098,2025-08-31,1,0.8800348043441772
CUS03473,2025-09-30,1,0.8800348043441772
CUS02396,2025-08-31,1,0.8800348043441772
CUS04311,2025-09-30,1,0.8800348043441772
CUS04290,2025-09-30,1,0.8800348043441772
CUS03415,2025-09-30,0,0.8800348043441772
CUS02845,2025-08-31,0,0.8800348043441772
CUS05990,2025-08-31,1,0.8800348043441772
CUS07427,2025-09-30,1,0.8800348043441772
CUS00314,2025-07-31,1,0.8800348043441772
CUS07223,2025-08-31,1,0.8800348043441772
CUS06034,2025-08-31,0,0.8800348043441772
CUS04187,2025-09-30,1,0.8800348043441772
CUS04178,2025-09-30,1,0.8800348043441772
CUS04171,2025-09-30,1,0.8800348043441772
CUS03538,2025-09-30,1,0.8800348043441772
CUS03537,2025-09-30,1,0.8800348043441772
CUS07058,2025-08-31,1,0.8800348043441772
CUS07507,2025-09-30,1,0.8800348043441772
CUS07128,2025-08-31,1,0.8800348043441772
CUS07043,2025-08-31,1,0.8800348043441772
CUS00030,2025-08-31,1,0.8800348043441772
CUS07444,2025-09-30,1,0.8800348043441772
CUS06028,2025-08-31,0,0.8800348043441772
CUS06026,2025-08-31,1,0.8800348043441772
CUS02828,2025-08-31,1,0.8800348043441772
CUS02215,2025-07-31,1,0.8800348043441772
CUS02435,2025-08-31,1,0.8800348043441772
CUS06237,2025-08-31,1,0.8800348043441772
CUS07984,2025-07-31,1,0.8800348043441772
CUS00247,2025-07-31,1,0.8800348043441772
CUS03518,2025-09-30,0,0.8800348043441772
CUS02467,2025-08-31,1,0.8800348043441772
CUS02456,2025-08-31,1,0.8800348043441772
CUS04164,2025-09-30,1,0.8800348043441772
CUS07630,2025-09-30,1,0.8800348043441772
CUS00227,2025-07-31,1,0.8800348043441772
CUS06918,2025-08-31,1,0.8800348043441772
CUS06917,2025-08-31,1,0.8800348043441772
CUS06173,2025-08-31,1,0.8800348043441772
CUS06991,2025-08-31,1,0.8800348043441772
CUS06957,2025-08-31,1,0.8800348043441772
CUS04149,2025-09-30,1,0.8800348043441772
CUS04137,2025-09-30,1,0.8800348043441772
CUS03961,2025-08-31,1,0.8800348043441772
CUS05677,2025-07-31,1,0.8800348043441772
CUS05701,2025-09-30,1,0.8800348043441772
CUS01793,2025-09-30,1,0.8800348043441772
CUS06195,2025-08-31,1,0.8800348043441772
CUS06951,2025-08-31,1,0.8800348043441772
CUS04077,2025-09-30,1,0.8800348043441772
CUS04062,2025-09-30,1,0.8800348043441772
CUS04119,2025-09-30,1,0.8800348043441772
CUS02758,2025-08-31,1,0.8800348043441772
CUS06195,2025-07-31,1,0.8800348043441772
CUS03654,2025-09-30,1,0.8800348043441772
CUS03719,2025-09-30,1,0.8800348043441772
CUS07693,2025-09-30,1,0.8800348043441772
CUS07689,2025-09-30,1,0.8800348043441772
CUS07687,2025-09-30,1,0.8800348043441772
CUS03713,2025-09-30,1,0.8800348043441772
CUS03683,2025-09-30,1,0.8800348043441772
CUS02737,2025-08-31,1,0.8800348043441772
CUS02504,2025-08-31,1,0.8800348043441772
CUS06774,2025-08-31,1,0.8800348043441772
CUS07674,2025-09-30,1,0.8800348043441772
CUS00164,2025-07-31,1,0.8800348043441772
CUS06829,2025-08-31,1,0.8800348043441772
CUS06206,2025-08-31,1,0.8800348043441772
CUS05677,2025-09-30,1,0.8800348043441772
CUS06917,2025-07-31,1,0.8800348043441772
CUS01670,2025-09-30,1,0.8800348043441772
CUS01626,2025-09-30,0,0.8800348043441772
CUS05525,2025-09-30,1,0.8800348043441772
CUS01429,2025-08-31,1,0.8800348043441772
CUS05585,2025-09-30,1,0.8800348043441772
CUS07796,2025-07-31,1,0.8800348043441772
CUS06656,2025-08-31,0,0.8800348043441772
CUS06701,2025-08-31,1,0.8800348043441772
CUS04475,2025-07-31,1,0.8800348043441772
CUS03966,2025-09-30,1,0.8800348043441772
CUS03827,2025-09-30,1,0.8800348043441772
CUS03849,2025-09-30,1,0.8800348043441772
CUS07796,2025-09-30,1,0.8800348043441772
CUS06406,2025-08-31,1,0.8800348043441772
CUS06401,2025-08-31,1,0.8800348043441772
CUS03778,2025-09-30,1,0.8800348043441772
CUS07716,2025-09-30,1,0.8800348043441772
CUS07707,2025-09-30,1,0.8800348043441772
CUS07758,2025-09-30,1,0.8800348043441772
CUS07751,2025-09-30,1,0.8800348043441772
CUS07748,2025-09-30,1,0.8800348043441772
CUS07812,2025-07-31,0,0.8800348043441772
CUS01100,2025-09-30,1,0.8800348043441772
CUS01099,2025-09-30,1,0.8800348043441772
CUS01091,2025-09-30,0,0.8800348043441772
CUS04494,2025-08-31,0,0.8800348043441772
CUS06546,2025-08-31,1,0.8800348043441772
CUS06536,2025-08-31,1,0.8800348043441772
CUS06446,2025-08-31,1,0.8800348043441772
CUS03961,2025-09-30,1,0.8800348043441772
CUS01797,2025-09-30,1,0.8800348043441772
CUS06561,2025-08-31,1,0.8800348043441772
CUS03946,2025-09-30,1,0.8800348043441772
CUS05607,2025-09-30,1,0.8800348043441772
CUS05559,2025-09-30,1,0.8800348043441772
CUS02210,2025-09-30,1,0.8800348043441772
CUS02609,2025-08-31,1,0.8800348043441772
CUS08000,2025-09-30,1,0.8800348043441772
CUS02661,2025-08-31,1,0.8800348043441772
CUS06724,2025-08-31,1,0.8800348043441772
CUS06710,2025-08-31,1,0.8800348043441772
CUS07820,2025-07-31,0,0.8800348043441772
CUS00142,2025-07-31,1,0.8800348043441772
CUS02710,2025-08-31,0,0.8800348043441772
CUS02695,2025-08-31,1,0.8800348043441772
CUS01932,2025-07-31,1,0.8800348043441772
CUS04028,2025-09-30,1,0.8800348043441772
CUS03739,2025-09-30,1,0.8800348043441772
CUS03787,2025-09-30,0,0.8800348043441772
CUS03780,2025-09-30,1,0.8800348043441772
CUS05442,2025-07-31,1,0.8800348043441772
CUS04475,2025-08-31,1,0.8800348043441772
CUS07996,2025-09-30,1,0.8800348043441772
CUS02006,2025-07-31,1,0.8799121379852295
CUS05822,2025-07-31,1,0.8799121379852295
CUS06071,2025-09-30,0,0.8795293569564819
CUS03009,2025-08-31,1,0.8793639540672302
CUS03316,2025-09-30,1,0.8793423175811768
CUS04485,2025-08-31,1,0.8791245222091675
CUS04170,2025-08-31,1,0.8789839744567871
CUS06542,2025-09-30,1,0.8789839744567871
CUS04485,2025-07-31,1,0.8789731860160828
CUS05223,2025-07-31,1,0.8788931369781494
CUS06902,2025-07-31,1,0.87871915102005
CUS02160,2025-07-31,1,0.8778968453407288
CUS00577,2025-07-31,1,0.8778968453407288
CUS04022,2025-07-31,1,0.8778968453407288
CUS00250,2025-07-31,0,0.8777887225151062
CUS01139,2025-08-31,1,0.8777887225151062
CUS07065,2025-08-31,1,0.8773642778396606
CUS03506,2025-07-31,1,0.8773642778396606
CUS07593,2025-09-30,1,0.8773642778396606
CUS08000,2025-07-31,1,0.8773642778396606
CUS06341,2025-07-31,1,0.8773642778396606
CUS04376,2025-08-31,0,0.8773642778396606
CUS00239,2025-07-31,1,0.8768631815910339
CUS00375,2025-09-30,1,0.8768631815910339
CUS06117,2025-09-30,0,0.8768339157104492
CUS01515,2025-09-30,1,0.8767883777618408
CUS07470,2025-08-31,1,0.8767883777618408
CUS07570,2025-07-31,0,0.8767883777618408
CUS07125,2025-07-31,1,0.8767883777618408
CUS00770,2025-09-30,1,0.8766006231307983
CUS05608,2025-07-31,1,0.876219630241394
CUS04112,2025-07-31,1,0.876219630241394
CUS07503,2025-07-31,1,0.876219630241394
CUS01521,2025-08-31,0,0.8760282397270203
CUS05077,2025-08-31,0,0.8760188817977905
CUS02055,2025-09-30,1,0.875961422920227
CUS03332,2025-07-31,1,0.875961422920227
CUS00192,2025-07-31,0,0.8754259347915649
CUS06342,2025-08-31,1,0.8754259347915649
CUS03503,2025-08-31,0,0.8754259347915649
CUS03393,2025-07-31,0,0.8754259347915649
CUS04030,2025-09-30,1,0.875318706035614
CUS01132,2025-08-31,1,0.875318706035614
CUS01820,2025-08-31,1,0.875318706035614
CUS04581,2025-09-30,1,0.875318706035614
CUS04699,2025-08-31,1,0.8751426339149475
CUS01031,2025-07-31,1,0.8751426339149475
CUS07047,2025-07-31,1,0.8749854564666748
CUS03638,2025-08-31,1,0.8749854564666748
CUS06246,2025-08-31,1,0.8747831583023071
CUS01526,2025-07-31,1,0.8747831583023071
CUS06829,2025-07-31,1,0.8747831583023071
CUS04114,2025-07-31,0,0.8747831583023071
CUS01365,2025-07-31,0,0.8747807741165161
CUS06508,2025-09-30,1,0.8747807741165161
CUS02735,2025-07-31,1,0.8747268915176392
CUS04178,2025-07-31,1,0.874485969543457
CUS05608,2025-08-31,1,0.874485969543457
CUS07503,2025-08-31,1,0.874485969543457
CUS01065,2025-07-31,0,0.874485969543457
CUS04112,2025-08-31,1,0.874485969543457
CUS05525,2025-07-31,1,0.874485969543457
CUS03031,2025-09-30,1,0.8739556074142456
CUS06807,2025-08-31,1,0.8739449977874756
CUS02788,2025-07-31,1,0.8739449977874756
CUS05897,2025-09-30,1,0.8739449977874756
CUS00676,2025-09-30,1,0.8739449977874756
CUS02706,2025-09-30,1,0.8739449977874756
CUS03009,2025-07-31,1,0.8738889694213867
CUS00812,2025-07-31,1,0.8735308051109314
CUS06901,2025-08-31,1,0.8735308051109314
CUS06633,2025-08-31,1,0.8733552098274231
CUS07371,2025-07-31,1,0.8733552098274231
CUS01417,2025-09-30,1,0.8733552098274231
CUS01202,2025-08-31,1,0.8733552098274231
CUS05598,2025-08-31,1,0.8732226490974426
CUS07610,2025-07-31,1,0.8731583952903748
CUS03653,2025-07-31,1,0.8731541037559509
CUS07174,2025-09-30,1,0.8731541037559509
CUS07628,2025-09-30,0,0.8731319904327393
CUS01989,2025-08-31,1,0.8730574250221252
CUS06226,2025-07-31,1,0.8730574250221252
CUS00530,2025-09-30,1,0.87296462059021
CUS05954,2025-09-30,1,0.87296462059021
CUS02464,2025-09-30,1,0.8729532957077026
CUS07958,2025-09-30,1,0.8729532957077026
CUS02566,2025-09-30,1,0.8727469444274902
CUS07701,2025-09-30,1,0.8727469444274902
CUS07413,2025-09-30,1,0.8727008104324341
CUS06626,2025-08-31,0,0.8727008104324341
CUS00822,2025-09-30,0,0.8726952075958252
CUS01287,2025-07-31,1,0.8726952075958252
CUS04639,2025-07-31,1,0.8726592659950256
CUS07176,2025-07-31,1,0.8725574016571045
CUS03209,2025-08-31,1,0.8725574016571045
CUS01031,2025-08-31,1,0.8723731637001038
CUS07122,2025-08-31,1,0.8723731637001038
CUS03016,2025-09-30,1,0.8723731637001038
CUS02473,2025-07-31,1,0.8720435500144958
CUS05019,2025-07-31,1,0.8720435500144958
CUS06674,2025-08-31,1,0.8720435500144958
CUS04903,2025-08-31,1,0.8720435500144958
CUS07054,2025-09-30,0,0.8720435500144958
CUS01756,2025-07-31,1,0.8718531131744385
CUS03739,2025-07-31,1,0.8718531131744385
CUS00156,2025-08-31,1,0.8718531131744385
CUS00017,2025-09-30,1,0.8717975616455078
CUS03016,2025-08-31,1,0.8717975616455078
CUS05366,2025-07-31,1,0.8717621564865112
CUS02958,2025-07-31,1,0.8717144727706909
CUS05629,2025-09-30,0,0.8717144727706909
CUS05955,2025-07-31,0,0.8717042803764343
CUS01322,2025-09-30,0,0.8717042803764343
CUS05242,2025-08-31,1,0.871507465839386
CUS06077,2025-07-31,1,0.871507465839386
CUS06077,2025-09-30,1,0.8714755177497864
CUS05831,2025-08-31,1,0.8714755177497864
CUS05843,2025-08-31,1,0.8714755177497864
CUS05724,2025-09-30,1,0.8714755177497864
CUS06756,2025-09-30,1,0.8714755177497864
CUS03450,2025-07-31,1,0.8714755177497864
CUS03226,2025-08-31,1,0.8714755177497864
CUS02469,2025-07-31,0,0.8714755177497864
CUS04829,2025-07-31,0,0.8714755177497864
CUS04387,2025-07-31,1,0.8714755177497864
CUS07427,2025-07-31,1,0.8714755177497864
CUS03050,2025-09-30,1,0.8714755177497864
CUS02353,2025-09-30,1,0.8714755177497864
CUS06341,2025-08-31,1,0.8714755177497864
CUS06807,2025-09-30,1,0.8714755177497864
CUS03691,2025-09-30,1,0.8714755177497864
CUS02520,2025-09-30,1,0.8714755177497864
CUS03393,2025-08-31,0,0.8714755177497864
CUS07176,2025-09-30,1,0.8714755177497864
CUS06991,2025-07-31,1,0.8714755177497864
CUS06342,2025-09-30,1,0.8714755177497864
CUS07159,2025-09-30,1,0.8714755177497864
CUS07430,2025-09-30,1,0.8714755177497864
CUS01365,2025-08-31,0,0.8714755177497864
CUS06776,2025-09-30,1,0.8714755177497864
CUS02788,2025-08-31,1,0.8714755177497864
CUS00681,2025-09-30,1,0.8714755177497864
CUS07689,2025-07-31,1,0.8714755177497864
CUS04804,2025-08-31,1,0.8714755177497864
CUS00341,2025-08-31,1,0.8714755177497864
CUS07911,2025-08-31,1,0.8714755177497864
CUS07758,2025-07-31,1,0.8714755177497864
CUS06246,2025-09-30,0,0.8714755177497864
CUS06395,2025-08-31,1,0.8714755177497864
CUS03506,2025-08-31,1,0.8714755177497864
CUS07661,2025-08-31,1,0.8713698387145996
CUS01091,2025-07-31,0,0.8713698387145996
CUS04813,2025-08-31,1,0.8713287711143494
CUS06247,2025-07-31,1,0.8713287711143494
CUS05297,2025-09-30,1,0.8711406588554382
CUS07274,2025-09-30,1,0.8711076974868774
CUS04334,2025-08-31,1,0.8711076974868774
CUS07529,2025-08-31,1,0.8707811832427979
CUS01521,2025-07-31,1,0.8706449866294861
CUS06508,2025-07-31,1,0.8705011606216431
CUS01186,2025-07-31,1,0.8705011606216431
CUS00181,2025-07-31,1,0.8704766035079956
CUS02706,2025-08-31,1,0.8704435229301453
CUS05897,2025-08-31,1,0.8704435229301453
CUS04581,2025-07-31,1,0.870334267616272
CUS01486,2025-08-31,1,0.870334267616272
CUS03231,2025-08-31,0,0.870334267616272
CUS07436,2025-08-31,0,0.8702206611633301
CUS00382,2025-09-30,0,0.8701959252357483
CUS01864,2025-09-30,1,0.8701959252357483
CUS05652,2025-08-31,1,0.8701959252357483
CUS05181,2025-08-31,1,0.8701959252357483
CUS04030,2025-07-31,1,0.8701644539833069
CUS03762,2025-08-31,1,0.8697411417961121
CUS05043,2025-09-30,1,0.8695830702781677
CUS02641,2025-09-30,1,0.8695830702781677
CUS02506,2025-07-31,1,0.8694357872009277
CUS02008,2025-09-30,1,0.8690797686576843
CUS00252,2025-09-30,0,0.8686814904212952
CUS07687,2025-08-31,1,0.8686814904212952
CUS06781,2025-09-30,1,0.8686814904212952
CUS00740,2025-07-31,1,0.8686814904212952
CUS06552,2025-09-30,1,0.8682264685630798
CUS03844,2025-07-31,1,0.8682264685630798
CUS01383,2025-07-31,0,0.8679417371749878
CUS01451,2025-09-30,1,0.8679355382919312
CUS00676,2025-07-31,1,0.8679242134094238
CUS00114,2025-08-31,1,0.8676841259002686
CUS04699,2025-09-30,1,0.867638885974884
CUS07958,2025-08-31,1,0.8676045536994934
CUS07244,2025-09-30,0,0.8676045536994934
CUS03539,2025-08-31,0,0.8674405217170715
CUS01217,2025-09-30,1,0.8673186302185059
CUS03225,2025-09-30,1,0.8672325015068054
CUS01712,2025-07-31,0,0.8671485781669617
CUS00252,2025-07-31,1,0.8671258687973022
CUS07558,2025-09-30,1,0.8671258687973022
CUS04639,2025-08-31,1,0.8671258687973022
CUS07607,2025-08-31,1,0.8669896125793457
CUS02422,2025-09-30,1,0.8669270277023315
CUS01995,2025-09-30,1,0.8667759895324707
CUS04733,2025-08-31,1,0.8667759895324707
CUS02952,2025-09-30,1,0.8664431571960449
CUS03691,2025-07-31,1,0.8663977980613708
CUS03209,2025-07-31,1,0.866216242313385
CUS01995,2025-08-31,1,0.8659729361534119
CUS04733,2025-07-31,1,0.8659729361534119
CUS03762,2025-09-30,1,0.8659389615058899
CUS04813,2025-09-30,1,0.8650906085968018
CUS07701,2025-08-31,1,0.8650906085968018
CUS06247,2025-08-31,1,0.8650906085968018
CUS05297,2025-08-31,1,0.8648762702941895
CUS07322,2025-09-30,1,0.8647761344909668
CUS07610,2025-08-31,1,0.8647761344909668
CUS06594,2025-09-30,1,0.8647761344909668
CUS02441,2025-09-30,0,0.8647761344909668
CUS05652,2025-09-30,1,0.8647761344909668
CUS00092,2025-09-30,1,0.8647761344909668
CUS05373,2025-09-30,0,0.8647761344909668
CUS02083,2025-09-30,1,0.8647761344909668
CUS02958,2025-08-31,1,0.8647761344909668
CUS05616,2025-09-30,1,0.8647761344909668
CUS02799,2025-07-31,1,0.8646770119667053
CUS03745,2025-09-30,0,0.8646723031997681
CUS02249,2025-09-30,1,0.8645009398460388
CUS03434,2025-09-30,0,0.8644962310791016
CUS03209,2025-09-30,1,0.8641998171806335
CUS06776,2025-08-31,1,0.8641998171806335
CUS00862,2025-09-30,1,0.8641998171806335
CUS00031,2025-09-30,1,0.8641998171806335
CUS05397,2025-09-30,1,0.8641998171806335
CUS03050,2025-08-31,1,0.8641998171806335
CUS05242,2025-09-30,1,0.8641998171806335
CUS03691,2025-08-31,1,0.8641998171806335
CUS06077,2025-08-31,1,0.8641998171806335
CUS07119,2025-09-30,1,0.8641998171806335
CUS00681,2025-08-31,1,0.8641998171806335
CUS04733,2025-09-30,1,0.8641998171806335
CUS06756,2025-08-31,1,0.8641998171806335
CUS03482,2025-09-30,1,0.8641998171806335
CUS02353,2025-08-31,1,0.8641998171806335
CUS04334,2025-09-30,1,0.8641998171806335
CUS02176,2025-09-30,1,0.8641998171806335
CUS07176,2025-08-31,1,0.8641998171806335
CUS04804,2025-07-31,1,0.8641998171806335
CUS06836,2025-09-30,0,0.8641998171806335
CUS03226,2025-07-31,1,0.8641998171806335
CUS05724,2025-08-31,1,0.8641998171806335
CUS05843,2025-07-31,1,0.8641998171806335
CUS00891,2025-09-30,1,0.8641998171806335
CUS07911,2025-07-31,1,0.8641998171806335
CUS05831,2025-07-31,1,0.8641998171806335
CUS02520,2025-08-31,1,0.8641998171806335
CUS00341,2025-07-31,1,0.8641998171806335
CUS04691,2025-08-31,0,0.8641998171806335
CUS05242,2025-07-31,1,0.8641223907470703
CUS01270,2025-09-30,1,0.8641223907470703
CUS02464,2025-08-31,1,0.8641223907470703
CUS03638,2025-07-31,1,0.8640011548995972
CUS03250,2025-09-30,1,0.8639630079269409
CUS06901,2025-09-30,1,0.8638949394226074
CUS00812,2025-08-31,1,0.8638949394226074
CUS05297,2025-07-31,1,0.8638949394226074
CUS05077,2025-07-31,0,0.8638668060302734
CUS05897,2025-07-31,1,0.8638668060302734
CUS04334,2025-07-31,1,0.8638301491737366
CUS07274,2025-08-31,1,0.8638301491737366
CUS02055,2025-07-31,1,0.8637179732322693
CUS02946,2025-09-30,1,0.8637077808380127
CUS02706,2025-07-31,1,0.8635741472244263
CUS02799,2025-08-31,1,0.8634864091873169
CUS00722,2025-09-30,1,0.8634864091873169
CUS02780,2025-07-31,1,0.8634864091873169
CUS05635,2025-07-31,1,0.8634864091873169
CUS01909,2025-07-31,1,0.8634864091873169
CUS00635,2025-09-30,1,0.8629993200302124
CUS02079,2025-09-30,0,0.8628520369529724
CUS01792,2025-09-30,1,0.8628077507019043
CUS03741,2025-07-31,0,0.8628057241439819
CUS05802,2025-07-31,1,0.862557590007782
CUS00161,2025-08-31,1,0.8625179529190063
CUS05841,2025-09-30,0,0.8624252676963806
CUS04060,2025-09-30,1,0.862337589263916
CUS03597,2025-09-30,1,0.8622677326202393
CUS03249,2025-08-31,0,0.8622677326202393
CUS05629,2025-08-31,0,0.8622677326202393
CUS07148,2025-09-30,1,0.8620890974998474
CUS04637,2025-09-30,1,0.8620890974998474
CUS04714,2025-09-30,1,0.8620092868804932
CUS08000,2025-08-31,1,0.8619717955589294
CUS05635,2025-09-30,1,0.8619717955589294
CUS07661,2025-09-30,1,0.8619717955589294
CUS03518,2025-07-31,0,0.8619717955589294
CUS04112,2025-09-30,1,0.8619717955589294
CUS02780,2025-09-30,1,0.8619717955589294
CUS05525,2025-08-31,1,0.8619717955589294
CUS01820,2025-09-30,1,0.8619717955589294
CUS07610,2025-09-30,1,0.8619717955589294
CUS03849,2025-07-31,1,0.8619717955589294
CUS05608,2025-09-30,1,0.8619717955589294
CUS06395,2025-07-31,1,0.8619717955589294
CUS04376,2025-09-30,0,0.8619717955589294
CUS02252,2025-09-30,1,0.8619717955589294
CUS07065,2025-09-30,1,0.8619717955589294
CUS07139,2025-08-31,1,0.8619717955589294
CUS07430,2025-08-31,1,0.8619717955589294
CUS03332,2025-08-31,1,0.8619717955589294
CUS03339,2025-07-31,1,0.8619717955589294
CUS01321,2025-07-31,1,0.8619717955589294
CUS01207,2025-09-30,0,0.8619717955589294
CUS07159,2025-08-31,1,0.8619717955589294
CUS01909,2025-09-30,1,0.8619717955589294
CUS06546,2025-07-31,1,0.8619717955589294
CUS01091,2025-08-31,0,0.8619717955589294
CUS01132,2025-09-30,1,0.8619717955589294
CUS07503,2025-09-30,1,0.8619717955589294
CUS00558,2025-08-31,1,0.8619717955589294
CUS07751,2025-07-31,1,0.8619717955589294
CUS07630,2025-08-31,1,0.8619717955589294
CUS02958,2025-09-30,1,0.8619717955589294
CUS01065,2025-08-31,0,0.8619717955589294
CUS00181,2025-08-31,1,0.8619717955589294
CUS03324,2025-09-30,1,0.8619717955589294
CUS00208,2025-08-31,1,0.8619717955589294
CUS03163,2025-07-31,1,0.8619717955589294
CUS04178,2025-08-31,1,0.8619717955589294
CUS00346,2025-07-31,1,0.8619717955589294
CUS00878,2025-07-31,1,0.8619717955589294
CUS02822,2025-08-31,1,0.8619498610496521
CUS02613,2025-09-30,1,0.8619498610496521
CUS06793,2025-07-31,0,0.8619498610496521
CUS03024,2025-09-30,1,0.8618680238723755
CUS04624,2025-09-30,0,0.8618623614311218
CUS02008,2025-08-31,1,0.8618394136428833
CUS04131,2025-07-31,1,0.8617967367172241
CUS02529,2025-09-30,0,0.8617843389511108
CUS02110,2025-08-31,1,0.8615615963935852
CUS00626,2025-08-31,0,0.8615615963935852
CUS01146,2025-09-30,1,0.8614927530288696
CUS04650,2025-08-31,1,0.8614927530288696
CUS00031,2025-07-31,1,0.8614927530288696
CUS06473,2025-09-30,0,0.861264705657959
CUS04675,2025-07-31,1,0.8612093329429626
CUS02332,2025-09-30,1,0.8611957430839539
CUS06757,2025-09-30,1,0.8611205816268921
CUS03040,2025-07-31,1,0.8611205816268921
CUS06478,2025-07-31,1,0.8611205816268921
CUS04697,2025-09-30,1,0.8611205816268921
CUS02083,2025-07-31,1,0.8611205816268921
CUS02441,2025-07-31,0,0.8609406352043152
CUS05373,2025-07-31,1,0.8609406352043152
CUS05146,2025-08-31,1,0.8609406352043152
CUS06482,2025-07-31,1,0.8609030842781067
CUS07591,2025-09-30,0,0.8608936667442322
CUS03273,2025-08-31,1,0.8608217239379883
CUS03685,2025-08-31,1,0.8608195185661316
CUS07607,2025-07-31,1,0.8607608079910278
CUS01234,2025-09-30,1,0.8607608079910278
CUS04712,2025-09-30,1,0.860580563545227
CUS07373,2025-09-30,0,0.860580563545227
CUS06884,2025-08-31,0,0.8605354428291321
CUS07119,2025-07-31,1,0.8603342175483704
CUS06325,2025-08-31,1,0.8603342175483704
CUS06095,2025-08-31,1,0.8603342175483704
CUS06630,2025-07-31,1,0.8602368235588074
CUS07749,2025-08-31,0,0.8602368235588074
CUS07492,2025-08-31,0,0.8602368235588074
CUS04621,2025-07-31,1,0.8602368235588074
CUS04916,2025-08-31,0,0.8602368235588074
CUS02083,2025-08-31,1,0.8602073788642883
CUS02921,2025-09-30,1,0.8602073788642883
CUS05146,2025-09-30,1,0.8602073788642883
CUS00788,2025-09-30,1,0.8602073788642883
CUS04321,2025-09-30,1,0.8602073788642883
CUS07432,2025-09-30,1,0.8602073788642883
CUS04080,2025-09-30,1,0.8602073788642883
CUS06922,2025-09-30,1,0.8602073788642883
CUS02441,2025-08-31,0,0.8602073788642883
CUS07322,2025-08-31,1,0.8602073788642883
CUS05197,2025-09-30,1,0.8600276112556458
CUS03231,2025-07-31,0,0.8600276112556458
CUS00031,2025-08-31,1,0.8599846959114075
CUS03457,2025-09-30,1,0.8599846959114075
CUS05616,2025-08-31,1,0.8599846959114075
CUS01891,2025-09-30,1,0.8599846959114075
CUS03667,2025-08-31,0,0.8599846959114075
CUS05492,2025-09-30,0,0.8599846959114075
CUS04520,2025-09-30,1,0.8599846959114075
CUS05373,2025-08-31,1,0.8599846959114075
CUS03302,2025-09-30,1,0.8599846959114075
CUS04650,2025-09-30,1,0.8599846959114075
CUS01496,2025-09-30,1,0.8599846959114075
CUS06594,2025-08-31,1,0.8599846959114075
CUS03910,2025-09-30,1,0.8599846959114075
CUS00092,2025-08-31,1,0.8599846959114075
CUS04018,2025-09-30,1,0.8599846959114075
CUS06776,2025-07-31,1,0.8599846959114075
CUS06836,2025-08-31,0,0.8599846959114075
CUS03728,2025-09-30,1,0.8599846959114075
CUS04691,2025-07-31,0,0.8599846959114075
CUS00718,2025-09-30,1,0.8599373698234558
CUS04520,2025-08-31,1,0.8599373698234558
CUS02734,2025-09-30,1,0.8599373698234558
CUS03728,2025-08-31,1,0.8599373698234558
CUS01160,2025-08-31,0,0.8597079515457153
CUS00041,2025-09-30,0,0.8596777319908142
CUS03715,2025-09-30,1,0.8596777319908142
CUS00082,2025-08-31,1,0.8596376180648804
CUS07562,2025-07-31,0,0.8596376180648804
CUS01874,2025-09-30,1,0.8596257567405701
CUS00522,2025-09-30,1,0.8595903515815735
CUS06095,2025-09-30,1,0.8595903515815735
CUS00208,2025-07-31,1,0.8595903515815735
CUS07607,2025-09-30,1,0.8595903515815735
CUS01207,2025-08-31,0,0.8595903515815735
CUS06756,2025-07-31,1,0.8595903515815735
CUS01937,2025-09-30,1,0.8595903515815735
CUS07139,2025-07-31,1,0.8595903515815735
CUS02770,2025-09-30,1,0.8595903515815735
CUS02822,2025-09-30,1,0.8595903515815735
CUS03040,2025-09-30,1,0.8595903515815735
CUS03324,2025-08-31,1,0.8595903515815735
CUS01909,2025-08-31,1,0.8595903515815735
CUS07119,2025-08-31,1,0.8595903515815735
CUS07159,2025-07-31,1,0.8595903515815735
CUS00558,2025-07-31,1,0.8595903515815735
CUS02625,2025-09-30,1,0.8595903515815735
CUS06793,2025-08-31,0,0.8595903515815735
CUS02780,2025-08-31,1,0.8595903515815735
CUS02799,2025-09-30,1,0.8595903515815735
CUS05181,2025-09-30,1,0.8595903515815735
CUS06478,2025-09-30,1,0.8595903515815735
CUS05397,2025-08-31,1,0.8595903515815735
CUS03594,2025-09-30,1,0.8595903515815735
CUS06592,2025-09-30,1,0.8595903515815735
CUS05635,2025-08-31,1,0.8595903515815735
CUS04003,2025-09-30,1,0.8595903515815735
CUS07430,2025-07-31,1,0.8595903515815735
CUS07630,2025-07-31,1,0.8595903515815735
CUS06325,2025-09-30,1,0.8595903515815735
CUS02252,2025-08-31,1,0.8595903515815735
CUS02353,2025-07-31,1,0.8595549464225769
CUS00681,2025-07-31,1,0.8595549464225769
CUS00355,2025-09-30,1,0.8595549464225769
CUS00862,2025-08-31,1,0.8595549464225769
CUS03482,2025-08-31,1,0.8595549464225769
CUS00082,2025-09-30,1,0.8595549464225769
CUS00891,2025-08-31,1,0.8595549464225769
CUS03050,2025-07-31,1,0.8595549464225769
CUS02605,2025-09-30,1,0.8595549464225769
CUS02520,2025-07-31,1,0.8595549464225769
CUS02190,2025-09-30,1,0.8595549464225769
CUS04795,2025-09-30,1,0.8595549464225769
CUS05724,2025-07-31,1,0.8595549464225769
CUS02860,2025-09-30,1,0.8595549464225769
CUS02176,2025-08-31,1,0.8595549464225769
CUS07733,2025-09-30,1,0.8595549464225769
CUS05890,2025-09-30,1,0.8595549464225769
CUS07478,2025-08-31,0,0.8595549464225769
CUS02921,2025-08-31,1,0.8594968318939209
CUS01937,2025-07-31,1,0.8594968318939209
CUS00091,2025-09-30,0,0.8594968318939209
CUS00383,2025-09-30,0,0.8594968318939209
CUS06720,2025-09-30,1,0.8593150973320007
CUS06197,2025-09-30,1,0.8593150973320007
CUS03316,2025-08-31,1,0.8590587377548218
CUS07992,2025-09-30,1,0.8589501976966858
CUS03016,2025-07-31,1,0.8589501976966858
CUS04699,2025-07-31,1,0.8589501976966858
CUS03910,2025-08-31,1,0.8583020567893982
CUS01886,2025-09-30,0,0.857999324798584
CUS00285,2025-09-30,0,0.857999324798584
CUS00355,2025-08-31,1,0.857999324798584
CUS05890,2025-08-31,1,0.857999324798584
CUS03378,2025-09-30,1,0.8578321933746338
CUS04018,2025-08-31,1,0.8578321933746338
CUS02176,2025-07-31,1,0.8575286865234375
CUS05043,2025-08-31,1,0.8575286865234375
CUS07100,2025-07-31,0,0.8575286865234375
CUS05408,2025-08-31,1,0.8575046062469482
CUS02613,2025-08-31,1,0.8574985265731812
CUS05181,2025-07-31,1,0.8574517965316772
CUS00005,2025-09-30,1,0.8574517965316772
CUS01864,2025-08-31,1,0.8574517965316772
CUS03902,2025-09-30,1,0.8574517965316772
CUS05821,2025-09-30,1,0.857405960559845
CUS02544,2025-09-30,0,0.857405960559845
CUS01486,2025-07-31,1,0.8573867678642273
CUS05652,2025-07-31,1,0.8573146462440491
CUS00382,2025-08-31,1,0.8573146462440491
CUS04714,2025-08-31,1,0.8572704195976257
CUS05954,2025-08-31,1,0.8570172190666199
CUS04712,2025-08-31,1,0.8568287491798401
CUS07373,2025-08-31,1,0.8568287491798401
CUS06757,2025-08-31,1,0.856744647026062
CUS07329,2025-09-30,1,0.8563016057014465
CUS05146,2025-07-31,1,0.8563016057014465
CUS06922,2025-07-31,1,0.8562071919441223
CUS03685,2025-07-31,1,0.8558926582336426
CUS07529,2025-07-31,1,0.8558786511421204
CUS07189,2025-09-30,0,0.855762779712677
CUS00082,2025-07-31,1,0.8551462292671204
CUS02566,2025-07-31,1,0.8550698757171631
CUS07701,2025-07-31,1,0.8550698757171631
CUS04704,2025-09-30,1,0.8548508882522583
CUS04867,2025-07-31,1,0.8547869324684143
CUS00382,2025-07-31,1,0.8546363711357117
CUS02446,2025-09-30,1,0.8546363711357117
CUS06117,2025-07-31,1,0.8545821309089661
CUS02332,2025-08-31,1,0.8545675873756409
CUS02852,2025-09-30,1,0.8545675873756409
CUS02976,2025-09-30,1,0.854542076587677
CUS07478,2025-07-31,0,0.854542076587677
CUS02672,2025-09-30,1,0.854542076587677
CUS02218,2025-09-30,1,0.8545356392860413
CUS01732,2025-07-31,0,0.8545356392860413
CUS01093,2025-09-30,0,0.8545267581939697
CUS06405,2025-09-30,1,0.854442834854126
CUS06705,2025-09-30,0,0.8542535305023193
CUS04697,2025-08-31,1,0.8542230725288391
CUS02147,2025-08-31,1,0.8540869355201721
CUS05614,2025-09-30,1,0.8540869355201721
CUS04589,2025-09-30,1,0.8540869355201721
CUS05107,2025-08-31,1,0.8540869355201721
CUS07895,2025-09-30,1,0.8539436459541321
CUS02641,2025-08-31,1,0.8539436459541321
CUS06595,2025-07-31,0,0.8537997603416443
CUS01608,2025-09-30,1,0.8537735939025879
CUS02768,2025-09-30,1,0.8537735939025879
CUS02463,2025-09-30,1,0.8537735939025879
CUS00986,2025-07-31,0,0.8537660241127014
CUS03821,2025-09-30,1,0.853696346282959
CUS01987,2025-08-31,1,0.853696346282959
CUS02778,2025-09-30,1,0.853696346282959
CUS02625,2025-07-31,1,0.853696346282959
CUS02566,2025-08-31,1,0.8536778092384338
CUS05665,2025-07-31,0,0.853643536567688
CUS05919,2025-07-31,1,0.8535440564155579
CUS01200,2025-08-31,1,0.8535440564155579
CUS03434,2025-08-31,0,0.8535407781600952
CUS02952,2025-08-31,1,0.8534737825393677
CUS07471,2025-08-31,1,0.8534737825393677
CUS00446,2025-09-30,0,0.853418231010437
CUS04575,2025-09-30,0,0.853418231010437
CUS06843,2025-09-30,1,0.8533772826194763
CUS00722,2025-08-31,1,0.8533772826194763
CUS05532,2025-09-30,1,0.8533772826194763
CUS06071,2025-08-31,0,0.8533574938774109
CUS07538,2025-08-31,0,0.853053629398346
CUS00335,2025-07-31,0,0.853053629398346
CUS03967,2025-07-31,0,0.852802574634552
CUS07747,2025-09-30,1,0.852802574634552
CUS07470,2025-07-31,1,0.8527987003326416
CUS07174,2025-08-31,1,0.8527987003326416
CUS02560,2025-07-31,1,0.8527987003326416
CUS01515,2025-08-31,1,0.8527987003326416
CUS02961,2025-09-30,1,0.8527987003326416
CUS02883,2025-07-31,1,0.8527987003326416
CUS01005,2025-08-31,0,0.8527430295944214
CUS07593,2025-07-31,1,0.8527430295944214
CUS03745,2025-08-31,0,0.8527134656906128
CUS02613,2025-07-31,1,0.8527134656906128
CUS02645,2025-09-30,1,0.8526216149330139
CUS06584,2025-07-31,0,0.8526216149330139
CUS02822,2025-07-31,1,0.8526013493537903
CUS02866,2025-09-30,1,0.8526013493537903
CUS00718,2025-08-31,1,0.8525150418281555
CUS05408,2025-09-30,1,0.852398157119751
CUS02049,2025-09-30,1,0.8522872924804688
CUS06325,2025-07-31,1,0.8522872924804688
CUS06095,2025-07-31,1,0.8522872924804688
CUS02785,2025-09-30,0,0.8521682620048523
CUS07986,2025-09-30,1,0.8520978689193726
CUS04489,2025-09-30,1,0.8520978689193726
CUS06530,2025-07-31,0,0.8520926833152771
CUS07733,2025-07-31,1,0.8520007133483887
CUS01090,2025-08-31,0,0.8520007133483887
CUS00223,2025-09-30,0,0.8520007133483887
CUS01146,2025-08-31,1,0.851927638053894
CUS04650,2025-07-31,1,0.851927638053894
CUS01216,2025-09-30,1,0.8516377210617065
CUS00375,2025-08-31,1,0.8515234589576721
CUS01875,2025-07-31,0,0.8515122532844543
CUS07810,2025-09-30,1,0.8511584997177124
CUS04032,2025-07-31,1,0.8511584997177124
CUS06452,2025-08-31,1,0.8511436581611633
CUS03861,2025-09-30,1,0.8511436581611633
CUS03086,2025-08-31,0,0.8511436581611633
CUS07367,2025-08-31,1,0.8511436581611633
CUS04412,2025-09-30,1,0.8511436581611633
CUS05057,2025-09-30,1,0.8511436581611633
CUS05403,2025-09-30,0,0.8511436581611633
CUS03750,2025-07-31,1,0.8511436581611633
CUS07863,2025-07-31,0,0.8511436581611633
CUS07281,2025-08-31,1,0.8511436581611633
CUS07581,2025-09-30,1,0.8511436581611633
CUS05191,2025-09-30,1,0.8511436581611633
CUS04440,2025-08-31,1,0.8510558605194092
CUS01629,2025-09-30,1,0.8510434031486511
CUS05948,2025-08-31,1,0.8510434031486511
CUS03457,2025-07-31,1,0.8510434031486511
CUS06971,2025-08-31,1,0.8510434031486511
CUS05141,2025-09-30,1,0.8510434031486511
CUS00005,2025-08-31,1,0.8508437275886536
CUS03902,2025-08-31,1,0.8508437275886536
CUS01864,2025-07-31,1,0.8508437275886536
CUS03380,2025-09-30,0,0.8508437275886536
CUS02049,2025-08-31,1,0.8508437275886536
CUS02639,2025-09-30,1,0.8507195115089417
CUS03232,2025-09-30,1,0.8507195115089417
CUS04087,2025-09-30,1,0.8507195115089417
CUS03225,2025-07-31,1,0.8506866097450256
CUS05043,2025-07-31,1,0.8505252599716187
CUS03479,2025-09-30,1,0.8505252599716187
CUS02839,2025-07-31,0,0.8504891395568848
CUS07332,2025-08-31,0,0.8504891395568848
CUS07282,2025-09-30,1,0.8504887819290161
CUS07986,2025-08-31,1,0.8503857254981995
CUS04489,2025-08-31,1,0.8503857254981995
CUS00626,2025-07-31,0,0.8503603935241699
CUS02110,2025-07-31,1,0.8503603935241699
CUS04704,2025-08-31,1,0.8501362204551697
CUS07204,2025-09-30,1,0.8500297665596008
CUS03082,2025-09-30,0,0.8499587774276733
CUS03728,2025-07-31,1,0.8499320149421692
CUS02734,2025-08-31,1,0.8499320149421692
CUS04637,2025-08-31,1,0.8497437238693237
CUS06478,2025-08-31,1,0.8497177958488464
CUS02625,2025-08-31,1,0.8497177958488464
CUS05397,2025-07-31,1,0.8497177958488464
CUS03594,2025-08-31,1,0.8497177958488464
CUS07531,2025-09-30,1,0.8497177958488464
CUS03520,2025-09-30,0,0.8497177958488464
CUS04003,2025-08-31,1,0.8497177958488464
CUS04103,2025-09-30,1,0.8497177958488464
CUS01937,2025-08-31,1,0.8497177958488464
CUS04794,2025-09-30,1,0.8497177958488464
CUS02770,2025-08-31,1,0.8497177958488464
CUS07434,2025-09-30,0,0.8497177958488464
CUS02252,2025-07-31,1,0.8497177958488464
CUS01207,2025-07-31,1,0.8497177958488464
CUS03040,2025-08-31,1,0.8497177958488464
CUS03324,2025-07-31,1,0.8497177958488464
CUS00522,2025-08-31,1,0.8497177958488464
CUS06592,2025-08-31,1,0.8497177958488464
CUS02991,2025-09-30,1,0.8493224382400513
CUS06590,2025-08-31,1,0.8493224382400513
CUS02875,2025-09-30,1,0.8493224382400513
CUS07558,2025-08-31,1,0.8489574790000916
CUS01160,2025-07-31,0,0.8489574790000916
CUS04080,2025-08-31,1,0.8488278985023499
CUS01875,2025-08-31,0,0.8488278985023499
CUS03520,2025-08-31,0,0.8488278985023499
CUS04321,2025-08-31,1,0.8488278985023499
CUS06502,2025-09-30,1,0.8488278985023499
CUS06922,2025-08-31,1,0.8488278985023499
CUS03589,2025-09-30,1,0.8488278985023499
CUS02770,2025-07-31,1,0.8488278985023499
CUS00099,2025-09-30,0,0.8488278985023499
CUS04003,2025-07-31,1,0.8488278985023499
CUS07432,2025-08-31,1,0.8488278985023499
CUS01967,2025-09-30,1,0.8488278985023499
CUS04794,2025-08-31,1,0.8488278985023499
CUS00522,2025-07-31,1,0.8488278985023499
CUS06592,2025-07-31,1,0.8488278985023499
CUS03594,2025-07-31,1,0.8488278985023499
CUS02981,2025-09-30,1,0.8488278985023499
CUS02058,2025-09-30,1,0.8488278985023499
CUS07185,2025-09-30,1,0.8488278985023499
CUS00788,2025-08-31,1,0.8488278985023499
CUS04440,2025-09-30,1,0.8486348390579224
CUS01496,2025-08-31,1,0.8486348390579224
CUS03302,2025-08-31,1,0.8486348390579224
CUS05372,2025-09-30,1,0.8486348390579224
CUS06108,2025-09-30,0,0.8486348390579224
CUS07322,2025-07-31,1,0.8486348390579224
CUS04341,2025-09-30,1,0.8486348390579224
CUS07300,2025-09-30,0,0.8486348390579224
CUS07206,2025-09-30,0,0.8486348390579224
CUS05107,2025-09-30,1,0.8486348390579224
CUS00388,2025-09-30,1,0.8486348390579224
CUS06853,2025-09-30,1,0.8486348390579224
CUS07079,2025-09-30,1,0.8486348390579224
CUS00092,2025-07-31,1,0.8486348390579224
CUS05616,2025-07-31,1,0.8486348390579224
CUS05916,2025-09-30,1,0.8486348390579224
CUS06590,2025-09-30,1,0.8486348390579224
CUS02147,2025-09-30,1,0.8486348390579224
CUS03251,2025-09-30,0,0.8483852744102478
CUS03291,2025-09-30,1,0.8483852744102478
CUS04398,2025-07-31,0,0.8479006886482239
CUS03225,2025-08-31,1,0.8478875756263733
CUS07199,2025-07-31,0,0.8478603363037109
CUS00464,2025-08-31,1,0.8478603363037109
CUS04353,2025-08-31,1,0.8478603363037109
CUS01718,2025-09-30,0,0.8478603363037109
CUS04930,2025-09-30,1,0.8478603363037109
CUS04027,2025-09-30,1,0.8478603363037109
CUS07382,2025-08-31,0,0.8478603363037109
CUS03927,2025-09-30,0,0.8478603363037109
CUS01281,2025-07-31,0,0.8478603363037109
CUS00403,2025-09-30,0,0.8478603363037109
CUS05937,2025-07-31,0,0.8476560711860657
CUS00381,2025-07-31,0,0.8475585579872131
CUS06778,2025-09-30,1,0.8475585579872131
CUS05948,2025-09-30,1,0.8475585579872131
CUS01845,2025-09-30,1,0.8475585579872131
CUS05492,2025-08-31,0,0.8475585579872131
CUS06836,2025-07-31,0,0.8475585579872131
CUS05856,2025-08-31,0,0.8475585579872131
CUS06594,2025-07-31,1,0.8475585579872131
CUS06971,2025-09-30,1,0.8475585579872131
CUS01891,2025-08-31,1,0.8475585579872131
CUS04121,2025-09-30,1,0.8475585579872131
CUS03457,2025-08-31,1,0.8475585579872131
CUS03667,2025-07-31,0,0.8475585579872131
CUS00254,2025-09-30,1,0.8475585579872131
CUS01234,2025-08-31,1,0.8474917411804199
CUS01324,2025-09-30,1,0.8472369909286499
CUS01397,2025-09-30,0,0.8472369909286499
CUS03916,2025-09-30,1,0.8472369909286499
CUS00862,2025-07-31,1,0.8472369909286499
CUS02190,2025-08-31,1,0.8472369909286499
CUS01319,2025-09-30,1,0.8472369909286499
CUS01510,2025-09-30,1,0.8472369909286499
CUS02605,2025-08-31,1,0.8472369909286499
CUS00891,2025-07-31,1,0.8472369909286499
CUS01987,2025-09-30,1,0.8472369909286499
CUS07733,2025-08-31,1,0.8472369909286499
CUS05928,2025-08-31,0,0.8472369909286499
CUS04240,2025-09-30,1,0.8472369909286499
CUS03213,2025-09-30,1,0.8472369909286499
CUS04795,2025-08-31,1,0.8472369909286499
CUS03482,2025-07-31,1,0.8472369909286499
CUS03157,2025-09-30,0,0.8472369909286499
CUS02860,2025-08-31,1,0.8472369909286499
CUS03715,2025-08-31,1,0.8470667004585266
CUS00041,2025-08-31,1,0.8470667004585266
CUS02539,2025-09-30,1,0.8470252752304077
CUS02249,2025-08-31,1,0.8470252752304077
CUS03250,2025-08-31,1,0.8470252752304077
CUS04953,2025-09-30,1,0.8470252752304077
CUS02946,2025-08-31,1,0.8470097184181213
CUS05275,2025-07-31,1,0.846998929977417
CUS04552,2025-09-30,1,0.8467471599578857
CUS06705,2025-08-31,0,0.8464710712432861
CUS03378,2025-08-31,1,0.8464710712432861
CUS07858,2025-09-30,1,0.8464710712432861
CUS05747,2025-09-30,0,0.8464710712432861
CUS05534,2025-09-30,0,0.8463658690452576
CUS05056,2025-09-30,1,0.846107542514801
CUS07497,2025-07-31,0,0.8460187911987305
CUS01080,2025-07-31,1,0.8459709286689758
CUS01300,2025-09-30,1,0.8459709286689758
CUS04405,2025-08-31,0,0.8459336757659912
CUS01270,2025-08-31,1,0.8458153605461121
CUS01762,2025-09-30,1,0.845576822757721
CUS01776,2025-09-30,0,0.845576822757721
CUS05443,2025-07-31,0,0.845576822757721
CUS06252,2025-09-30,0,0.845576822757721
CUS07353,2025-09-30,1,0.845576822757721
CUS03234,2025-09-30,1,0.845576822757721
CUS04903,2025-07-31,1,0.845576822757721
CUS05353,2025-08-31,0,0.845576822757721
CUS07506,2025-07-31,0,0.845576822757721
CUS07054,2025-08-31,0,0.845576822757721
CUS07619,2025-09-30,1,0.845576822757721
CUS04916,2025-07-31,0,0.845576822757721
CUS07749,2025-07-31,0,0.845576822757721
CUS06185,2025-07-31,0,0.845576822757721
CUS06674,2025-07-31,1,0.845576822757721
CUS00091,2025-08-31,0,0.8450675010681152
CUS02921,2025-07-31,1,0.8450675010681152
CUS04576,2025-09-30,1,0.8450675010681152
CUS05226,2025-09-30,1,0.8450675010681152
CUS02453,2025-09-30,1,0.8450055718421936
CUS01243,2025-08-31,0,0.844820499420166
CUS02771,2025-08-31,1,0.844820499420166
CUS01612,2025-09-30,1,0.844820499420166
CUS01004,2025-07-31,1,0.844820499420166
CUS06711,2025-07-31,1,0.844820499420166
CUS07243,2025-07-31,0,0.844820499420166
CUS01432,2025-09-30,1,0.844820499420166
CUS00801,2025-08-31,0,0.844820499420166
CUS05341,2025-08-31,0,0.8447661995887756
CUS00383,2025-08-31,1,0.8445948958396912
CUS06720,2025-08-31,1,0.8445948958396912
CUS06197,2025-08-31,1,0.8445948958396912
CUS04029,2025-07-31,0,0.8445144295692444
CUS02778,2025-08-31,1,0.8445144295692444
CUS03213,2025-07-31,1,0.8439393639564514
CUS04820,2025-09-30,0,0.8439393639564514
CUS02237,2025-09-30,1,0.8439010977745056
CUS01127,2025-09-30,1,0.8439010977745056
CUS03821,2025-08-31,1,0.8439010977745056
CUS07436,2025-07-31,0,0.8438118696212769
CUS00770,2025-08-31,1,0.8435763716697693
CUS03883,2025-09-30,1,0.843558669090271
CUS02505,2025-09-30,1,0.843558669090271
CUS07739,2025-09-30,1,0.843558669090271
CUS03589,2025-08-31,1,0.843558669090271
CUS05133,2025-09-30,1,0.843558669090271
CUS00078,2025-09-30,1,0.843558669090271
CUS04321,2025-07-31,1,0.843558669090271
CUS00099,2025-08-31,1,0.843558669090271
CUS01967,2025-08-31,1,0.843558669090271
CUS04772,2025-08-31,0,0.843558669090271
CUS00703,2025-09-30,0,0.843558669090271
CUS02981,2025-08-31,1,0.843558669090271
CUS03299,2025-09-30,1,0.843558669090271
CUS00788,2025-07-31,1,0.843558669090271
CUS04794,2025-07-31,1,0.843558669090271
CUS00911,2025-08-31,0,0.843558669090271
CUS06111,2025-09-30,1,0.843558669090271
CUS07305,2025-09-30,1,0.843558669090271
CUS05209,2025-09-30,1,0.843558669090271
CUS02987,2025-09-30,1,0.843558669090271
CUS07545,2025-08-31,0,0.843558669090271
CUS04080,2025-07-31,1,0.843558669090271
CUS07432,2025-07-31,1,0.843558669090271
CUS02058,2025-08-31,1,0.843558669090271
CUS06502,2025-08-31,1,0.843558669090271
CUS03869,2025-09-30,1,0.8430823087692261
CUS01471,2025-09-30,1,0.8430823087692261
CUS01723,2025-08-31,0,0.8430823087692261
CUS06163,2025-09-30,1,0.8430823087692261
CUS04486,2025-09-30,1,0.8430823087692261
CUS07345,2025-09-30,1,0.8430823087692261
CUS05972,2025-09-30,1,0.8430823087692261
CUS05372,2025-08-31,1,0.8430823087692261
CUS06108,2025-08-31,1,0.8430823087692261
CUS07300,2025-08-31,1,0.8430823087692261
CUS07185,2025-08-31,1,0.8430823087692261
CUS07206,2025-08-31,0,0.8430823087692261
CUS05916,2025-08-31,1,0.8430823087692261
CUS07079,2025-08-31,1,0.8430823087692261
CUS06875,2025-08-31,0,0.8430823087692261
CUS01496,2025-07-31,1,0.8430823087692261
CUS06853,2025-08-31,1,0.8430823087692261
CUS03737,2025-09-30,1,0.8430823087692261
CUS06527,2025-08-31,0,0.8430823087692261
CUS06765,2025-09-30,1,0.8430823087692261
CUS00016,2025-08-31,0,0.8430823087692261
CUS00388,2025-08-31,1,0.8430823087692261
CUS03031,2025-08-31,1,0.8430753946304321
CUS07760,2025-07-31,1,0.843059241771698
CUS01862,2025-08-31,1,0.843059241771698
CUS07859,2025-08-31,0,0.843059241771698
CUS01995,2025-07-31,1,0.8430389761924744
CUS04060,2025-08-31,1,0.8429495096206665
CUS04552,2025-08-31,1,0.8426394462585449
CUS02704,2025-07-31,0,0.8426038026809692
CUS00017,2025-08-31,1,0.8424546122550964
CUS04520,2025-07-31,1,0.842380702495575
CUS06795,2025-08-31,1,0.8421778678894043
CUS01942,2025-09-30,1,0.8421778678894043
CUS07531,2025-07-31,1,0.8421515226364136
CUS04698,2025-08-31,1,0.8421515226364136
CUS04979,2025-09-30,1,0.8420960307121277
CUS01074,2025-09-30,1,0.841760516166687
CUS03597,2025-08-31,1,0.8416242003440857
CUS07698,2025-09-30,1,0.8416242003440857
CUS03249,2025-07-31,0,0.8416242003440857
CUS05629,2025-07-31,1,0.8416242003440857
CUS01586,2025-07-31,0,0.8416242003440857
CUS02762,2025-09-30,1,0.8413110971450806
CUS07434,2025-08-31,0,0.8408679366111755
CUS01908,2025-09-30,1,0.8408679366111755
CUS01510,2025-08-31,1,0.8408679366111755
CUS04698,2025-09-30,1,0.8408679366111755
CUS06147,2025-09-30,1,0.8408679366111755
CUS07531,2025-08-31,1,0.8408679366111755
CUS00854,2025-08-31,0,0.8408679366111755
CUS05380,2025-09-30,1,0.8408679366111755
CUS01319,2025-08-31,1,0.8408679366111755
CUS05743,2025-09-30,1,0.8408679366111755
CUS03213,2025-08-31,1,0.8408679366111755
CUS06075,2025-09-30,0,0.8408679366111755
CUS06427,2025-09-30,1,0.8408679366111755
CUS07468,2025-09-30,1,0.8408679366111755
CUS02190,2025-07-31,1,0.8408679366111755
CUS04795,2025-07-31,1,0.8408679366111755
CUS02605,2025-07-31,1,0.8408679366111755
CUS01900,2025-09-30,1,0.8408679366111755
CUS05928,2025-07-31,0,0.8408679366111755
CUS05880,2025-09-30,1,0.8408679366111755
CUS04103,2025-08-31,1,0.8408679366111755
CUS00526,2025-08-31,0,0.8408679366111755
CUS05856,2025-07-31,0,0.8408268094062805
CUS04240,2025-08-31,1,0.8408268094062805
CUS01217,2025-08-31,1,0.8406797647476196
CUS02641,2025-07-31,1,0.8405841588973999
CUS02296,2025-09-30,1,0.8405841588973999
CUS03910,2025-07-31,1,0.8405572772026062
CUS06280,2025-09-30,1,0.8404848575592041
CUS07740,2025-09-30,1,0.8404848575592041
CUS02884,2025-09-30,1,0.8404498100280762
CUS06473,2025-08-31,0,0.8401057720184326
CUS01005,2025-07-31,0,0.8400528430938721
CUS02976,2025-08-31,1,0.8398691415786743
CUS02672,2025-08-31,1,0.8398691415786743
CUS01989,2025-07-31,1,0.8398167490959167
CUS06081,2025-09-30,0,0.8398140072822571
CUS03479,2025-08-31,1,0.8395620584487915
CUS06552,2025-08-31,1,0.8392720222473145
CUS03916,2025-08-31,1,0.8390101194381714
CUS00635,2025-08-31,1,0.8389679193496704
CUS03789,2025-09-30,1,0.8389192819595337
CUS04113,2025-09-30,1,0.8389192819595337
CUS07789,2025-07-31,0,0.838779628276825
CUS04799,2025-09-30,1,0.8385343551635742
CUS01664,2025-09-30,1,0.8382560610771179
CUS01796,2025-07-31,0,0.8382048010826111
CUS02347,2025-08-31,0,0.8380355834960938
CUS06333,2025-09-30,1,0.8380265235900879
CUS00235,2025-09-30,1,0.8380265235900879
CUS06778,2025-08-31,1,0.8380265235900879
CUS04121,2025-08-31,1,0.8380265235900879
CUS01845,2025-08-31,1,0.8380265235900879
CUS04341,2025-08-31,1,0.8380265235900879
CUS02543,2025-09-30,1,0.8380265235900879
CUS01232,2025-09-30,0,0.8380265235900879
CUS04841,2025-09-30,1,0.8380265235900879
CUS01891,2025-07-31,1,0.8380265235900879
CUS00472,2025-09-30,1,0.8380265235900879
CUS00768,2025-09-30,0,0.8380265235900879
CUS00254,2025-08-31,1,0.8380265235900879
CUS03417,2025-09-30,1,0.8380265235900879
CUS03302,2025-07-31,1,0.8380265235900879
CUS05560,2025-09-30,1,0.8380265235900879
CUS04285,2025-09-30,1,0.8380265235900879
CUS03094,2025-08-31,0,0.8380265235900879
CUS05205,2025-09-30,1,0.8380265235900879
CUS02065,2025-07-31,0,0.8379839062690735
CUS05598,2025-07-31,1,0.8379154801368713
CUS00223,2025-08-31,0,0.8378254771232605
CUS06698,2025-08-31,0,0.8376767635345459
CUS04748,2025-08-31,0,0.8376767635345459
CUS05446,2025-07-31,1,0.8376767635345459
CUS01930,2025-08-31,0,0.8376767635345459
CUS01974,2025-07-31,1,0.8376767635345459
CUS07365,2025-07-31,0,0.8376767635345459
CUS02203,2025-09-30,0,0.837222695350647
CUS02464,2025-07-31,1,0.8370330333709717
CUS07148,2025-08-31,1,0.8370330333709717
CUS07958,2025-07-31,1,0.8370330333709717
CUS07244,2025-08-31,1,0.8370330333709717
CUS02865,2025-09-30,0,0.8370015025138855
CUS05532,2025-08-31,1,0.8368734121322632
CUS07747,2025-08-31,1,0.8368734121322632
CUS00014,2025-09-30,1,0.8368734121322632
CUS07492,2025-07-31,0,0.8367517590522766
CUS04369,2025-09-30,1,0.8367517590522766
CUS07425,2025-07-31,0,0.8367350101470947
CUS07611,2025-09-30,0,0.8367254734039307
CUS04141,2025-07-31,0,0.8367254734039307
CUS01145,2025-07-31,0,0.8367254734039307
CUS03255,2025-07-31,1,0.8367254734039307
CUS04625,2025-09-30,0,0.8367254734039307
CUS01935,2025-09-30,1,0.8367236256599426
CUS00498,2025-09-30,1,0.8367236256599426
CUS00446,2025-08-31,0,0.836718738079071
CUS07628,2025-08-31,1,0.8365790843963623
CUS03762,2025-07-31,1,0.8365790843963623
CUS00114,2025-07-31,1,0.83612060546875
CUS00375,2025-07-31,1,0.8360628485679626
CUS07895,2025-08-31,1,0.8360013365745544
CUS07848,2025-09-30,1,0.8360013365745544
CUS04018,2025-07-31,1,0.8360013365745544
CUS00355,2025-07-31,1,0.8356178402900696
CUS05890,2025-07-31,1,0.8356178402900696
CUS06815,2025-09-30,0,0.8356178402900696
CUS00854,2025-07-31,0,0.8356172442436218
CUS00428,2025-08-31,1,0.8356142640113831
CUS05623,2025-08-31,0,0.8356142640113831
CUS02470,2025-07-31,1,0.8356142640113831
CUS03673,2025-09-30,1,0.8356142640113831
CUS03675,2025-09-30,1,0.8356142640113831
CUS04801,2025-08-31,1,0.8356142640113831
CUS02584,2025-07-31,1,0.8350380063056946
CUS07451,2025-07-31,0,0.834991455078125
CUS00097,2025-09-30,0,0.8347026705741882
CUS00470,2025-09-30,0,0.8346261382102966
CUS05636,2025-09-30,1,0.8345081806182861
CUS04216,2025-09-30,1,0.8341223001480103
CUS00806,2025-09-30,0,0.8338243365287781
CUS05841,2025-08-31,0,0.8338243365287781
CUS05934,2025-09-30,0,0.8338082432746887
CUS06696,2025-07-31,0,0.833728551864624
CUS01874,2025-08-31,1,0.833472490310669
CUS04575,2025-08-31,0,0.8321288228034973
CUS01090,2025-07-31,0,0.8320357799530029
CUS00770,2025-07-31,1,0.8317746520042419
CUS02762,2025-08-31,1,0.8317746520042419
CUS00504,2025-09-30,1,0.831663191318512
CUS07989,2025-09-30,1,0.8315621614456177
CUS02985,2025-07-31,1,0.8315005302429199
CUS06071,2025-07-31,1,0.8314344882965088
CUS05159,2025-09-30,0,0.8314344882965088
CUS03559,2025-09-30,0,0.8312443494796753
CUS02785,2025-08-31,1,0.8312351107597351
CUS07288,2025-09-30,1,0.8307328820228577
CUS00722,2025-07-31,1,0.8306789398193359
CUS06843,2025-08-31,1,0.8306789398193359
CUS07434,2025-07-31,1,0.8304254412651062
CUS04103,2025-07-31,1,0.8304254412651062
CUS06427,2025-08-31,1,0.8304254412651062
CUS05730,2025-09-30,0,0.8304254412651062
CUS07468,2025-08-31,1,0.8304254412651062
CUS05743,2025-08-31,1,0.8304254412651062
CUS00526,2025-07-31,0,0.8304254412651062
CUS06147,2025-08-31,1,0.8304254412651062
CUS06075,2025-08-31,0,0.8304254412651062
CUS01908,2025-08-31,1,0.8304254412651062
CUS05380,2025-08-31,1,0.8304254412651062
CUS03520,2025-07-31,0,0.8304254412651062
CUS07071,2025-09-30,1,0.8304254412651062
CUS05880,2025-08-31,1,0.8304254412651062
CUS02748,2025-09-30,1,0.8304254412651062
CUS06751,2025-09-30,1,0.8304254412651062
CUS00111,2025-09-30,1,0.8304254412651062
CUS03878,2025-09-30,1,0.8304254412651062
CUS03024,2025-08-31,1,0.8304170370101929
CUS00876,2025-08-31,0,0.8300729990005493
CUS00822,2025-08-31,0,0.8298430442810059
CUS00285,2025-08-31,0,0.8297653198242188
CUS01886,2025-08-31,0,0.8297653198242188
CUS00470,2025-08-31,0,0.829732358455658
CUS00126,2025-09-30,0,0.8293969631195068
CUS04170,2025-07-31,1,0.8293969631195068
CUS03316,2025-07-31,1,0.8293919563293457
CUS05268,2025-07-31,0,0.8281129598617554
CUS02719,2025-07-31,0,0.8281129598617554
CUS06360,2025-09-30,0,0.8279809355735779
CUS01322,2025-08-31,0,0.8276134729385376
CUS07373,2025-07-31,1,0.8272684812545776
CUS05797,2025-07-31,0,0.8271100521087646
CUS02860,2025-07-31,1,0.827098548412323
CUS03157,2025-08-31,0,0.827098548412323
CUS07051,2025-09-30,0,0.827098548412323
CUS07543,2025-09-30,1,0.827098548412323
CUS06171,2025-09-30,1,0.827098548412323
CUS04252,2025-09-30,1,0.827098548412323
CUS05492,2025-07-31,1,0.827098548412323
CUS01397,2025-08-31,0,0.827098548412323
CUS01324,2025-08-31,1,0.827098548412323
CUS02657,2025-09-30,1,0.827098548412323
CUS07765,2025-09-30,1,0.8269549012184143
CUS02529,2025-08-31,0,0.8269549012184143
CUS06405,2025-08-31,1,0.8265407085418701
CUS00161,2025-07-31,1,0.8260868787765503
CUS01182,2025-09-30,1,0.8260868787765503
CUS07274,2025-07-31,1,0.8260519504547119
CUS05539,2025-09-30,1,0.8260519504547119
CUS05439,2025-09-30,1,0.8260519504547119
CUS06070,2025-07-31,1,0.8242193460464478
CUS07538,2025-07-31,0,0.824135959148407
CUS00530,2025-08-31,1,0.8239070773124695
CUS00262,2025-09-30,1,0.8236389756202698
CUS06821,2025-07-31,0,0.8232786655426025
CUS04630,2025-09-30,0,0.8232786655426025
CUS00718,2025-07-31,1,0.8221089243888855
CUS07329,2025-08-31,1,0.8221089243888855
CUS07804,2025-09-30,0,0.8221089243888855
CUS07002,2025-09-30,0,0.8220788836479187
CUS02795,2025-09-30,1,0.8220788836479187
CUS04285,2025-08-31,1,0.8220788836479187
CUS06527,2025-07-31,0,0.8220788836479187
CUS07539,2025-09-30,1,0.8220788836479187
CUS06163,2025-08-31,1,0.8220788836479187
CUS05205,2025-08-31,1,0.8220788836479187
CUS05341,2025-07-31,0,0.8219184279441833
CUS01608,2025-08-31,1,0.8217944502830505
CUS00633,2025-07-31,0,0.821529746055603
CUS02884,2025-08-31,1,0.821529746055603
CUS07558,2025-07-31,1,0.821529746055603
CUS00737,2025-07-31,0,0.8211895227432251
CUS07204,2025-08-31,1,0.8209955096244812
CUS07591,2025-08-31,0,0.8209256529808044
CUS02539,2025-08-31,1,0.8208839893341064
CUS03250,2025-07-31,1,0.8208839893341064
CUS06884,2025-07-31,0,0.8208271265029907
CUS05141,2025-08-31,1,0.8206945061683655
CUS04060,2025-07-31,1,0.8206439018249512
CUS05994,2025-09-30,0,0.8205448985099792
CUS05747,2025-08-31,1,0.8204143047332764
CUS03378,2025-07-31,1,0.8204143047332764
CUS00149,2025-09-30,0,0.8204143047332764
CUS02129,2025-08-31,0,0.8200939893722534
CUS07189,2025-08-31,0,0.8200072050094604
CUS05682,2025-09-30,1,0.8200072050094604
CUS05193,2025-09-30,1,0.8198234438896179
CUS06070,2025-08-31,1,0.8192525506019592
CUS02869,2025-09-30,0,0.8188658952713013
CUS04704,2025-07-31,1,0.8186782598495483
CUS06542,2025-08-31,1,0.8180132508277893
CUS04402,2025-09-30,1,0.8179956078529358
CUS07855,2025-07-31,0,0.8179956078529358
CUS05615,2025-09-30,1,0.8179956078529358
CUS01704,2025-09-30,1,0.8179956078529358
CUS01962,2025-09-30,0,0.8179956078529358
CUS06666,2025-09-30,0,0.8179956078529358
CUS01232,2025-08-31,0,0.8179956078529358
CUS06778,2025-07-31,1,0.8179956078529358
CUS07861,2025-09-30,1,0.8179956078529358
CUS06705,2025-07-31,1,0.8177669644355774
CUS07848,2025-08-31,1,0.8177669644355774
CUS03144,2025-09-30,1,0.8177144527435303
CUS05948,2025-07-31,1,0.81767338514328
CUS02952,2025-07-31,1,0.8176713585853577
CUS02793,2025-09-30,0,0.8176713585853577
CUS07471,2025-07-31,1,0.8176713585853577
CUS07986,2025-07-31,1,0.8172704577445984
CUS04489,2025-07-31,1,0.8172704577445984
CUS05056,2025-08-31,1,0.8168928623199463
CUS02797,2025-09-30,1,0.8167321085929871
CUS06971,2025-07-31,1,0.816586434841156
CUS00625,2025-09-30,1,0.816586434841156
CUS02492,2025-09-30,1,0.8165017366409302
CUS07858,2025-08-31,1,0.8163012266159058
CUS05041,2025-08-31,1,0.8160867691040039
CUS03094,2025-07-31,0,0.8159753680229187
CUS05690,2025-09-30,1,0.8159753680229187
CUS00254,2025-07-31,1,0.8159753680229187
CUS01159,2025-07-31,1,0.8153988122940063
CUS03082,2025-08-31,1,0.8152345418930054
CUS01826,2025-08-31,0,0.8150089383125305
CUS02820,2025-09-30,0,0.8145500421524048
CUS05093,2025-07-31,0,0.8145500421524048
CUS07740,2025-08-31,1,0.8145344853401184
CUS06709,2025-09-30,1,0.8144487738609314
CUS03662,2025-09-30,0,0.8144487738609314
CUS02024,2025-09-30,1,0.8144487738609314
CUS07732,2025-09-30,0,0.8144305944442749
CUS02875,2025-08-31,1,0.8144305944442749
CUS02991,2025-08-31,1,0.8144305944442749
CUS01505,2025-09-30,1,0.814113438129425
CUS07767,2025-09-30,0,0.814089834690094
CUS04049,2025-09-30,1,0.8139844536781311
CUS02826,2025-09-30,1,0.813737154006958
CUS06212,2025-09-30,1,0.813643217086792
CUS03181,2025-09-30,1,0.8136317133903503
CUS04440,2025-07-31,1,0.8136317133903503
CUS03485,2025-07-31,0,0.8136317133903503
CUS02491,2025-07-31,1,0.8136094808578491
CUS01629,2025-08-31,1,0.813511848449707
CUS02147,2025-07-31,1,0.8132075071334839
CUS04589,2025-08-31,1,0.8132075071334839
CUS03139,2025-09-30,1,0.8132075071334839
CUS05260,2025-09-30,1,0.8132075071334839
CUS02278,2025-09-30,1,0.8131118416786194
CUS05534,2025-08-31,0,0.8131118416786194
CUS02491,2025-08-31,1,0.8130203485488892
CUS04433,2025-09-30,0,0.8128496408462524
CUS00524,2025-09-30,1,0.8128496408462524
CUS06008,2025-07-31,1,0.8128283619880676
CUS04172,2025-09-30,1,0.8127487897872925
CUS02544,2025-08-31,0,0.8127406239509583
CUS05041,2025-09-30,1,0.8126984238624573
CUS00450,2025-09-30,1,0.8125428557395935
CUS02079,2025-08-31,0,0.8123055696487427
CUS03232,2025-08-31,1,0.8119480609893799
CUS06851,2025-08-31,0,0.8119480609893799
CUS01270,2025-07-31,1,0.8119426369667053
CUS04953,2025-08-31,1,0.8119373917579651
CUS03434,2025-07-31,1,0.8115425705909729
CUS07543,2025-08-31,1,0.8109835386276245
CUS01510,2025-07-31,1,0.8109835386276245
CUS03157,2025-07-31,1,0.8109835386276245
CUS07895,2025-07-31,1,0.810748279094696
CUS02296,2025-08-31,1,0.810748279094696
CUS02866,2025-08-31,1,0.8106854557991028
CUS00472,2025-08-31,1,0.810212254524231
CUS05009,2025-09-30,1,0.810212254524231
CUS00822,2025-07-31,0,0.8102030158042908
CUS00003,2025-08-31,0,0.8102030158042908
CUS07288,2025-08-31,1,0.8102030158042908
CUS07228,2025-09-30,1,0.8100858926773071
CUS02271,2025-07-31,1,0.8099080324172974
CUS07103,2025-08-31,0,0.8098896145820618
CUS06815,2025-08-31,1,0.8098482489585876
CUS07129,2025-08-31,0,0.8098482489585876
CUS01942,2025-08-31,1,0.8097406029701233
CUS04801,2025-07-31,1,0.8097406029701233
CUS06795,2025-07-31,1,0.8097406029701233
CUS05623,2025-07-31,1,0.8097406029701233
CUS02961,2025-08-31,1,0.8097406029701233
CUS06905,2025-07-31,0,0.8097406029701233
CUS00428,2025-07-31,1,0.8097406029701233
CUS01515,2025-07-31,1,0.8097406029701233
CUS05583,2025-09-30,0,0.8097406029701233
CUS03562,2025-07-31,0,0.8097406029701233
CUS00553,2025-09-30,0,0.8097406029701233
CUS04439,2025-09-30,1,0.8097406029701233
CUS07174,2025-07-31,1,0.8097406029701233
CUS00303,2025-09-30,0,0.8097313642501831
CUS06378,2025-09-30,0,0.8096184134483337
CUS01322,2025-07-31,1,0.8095645904541016
CUS04240,2025-07-31,1,0.8095328211784363
CUS01987,2025-07-31,1,0.8095328211784363
CUS00498,2025-08-31,1,0.8093994855880737
CUS03406,2025-09-30,0,0.8090792298316956
CUS04624,2025-08-31,0,0.8090032339096069
CUS02659,2025-09-30,0,0.8089679479598999
CUS03916,2025-07-31,1,0.8089679479598999
CUS07051,2025-08-31,0,0.808903694152832
CUS01324,2025-07-31,1,0.808903694152832
CUS01182,2025-08-31,1,0.808641791343689
CUS02938,2025-07-31,1,0.808628261089325
CUS05057,2025-08-31,1,0.8083390593528748
CUS04412,2025-08-31,1,0.8083390593528748
CUS03300,2025-07-31,0,0.8083390593528748
CUS04027,2025-08-31,1,0.8083390593528748
CUS04353,2025-07-31,1,0.8083390593528748
CUS05403,2025-08-31,1,0.8083390593528748
CUS05454,2025-07-31,0,0.8083390593528748
CUS00594,2025-09-30,0,0.8083390593528748
CUS06698,2025-07-31,0,0.8083390593528748
CUS01930,2025-07-31,0,0.8083390593528748
CUS07651,2025-09-30,1,0.8083390593528748
CUS06452,2025-07-31,1,0.8083390593528748
CUS07581,2025-08-31,1,0.8083390593528748
CUS07367,2025-07-31,1,0.8083390593528748
CUS07382,2025-07-31,0,0.8083390593528748
CUS00464,2025-07-31,1,0.8083390593528748
CUS06145,2025-09-30,1,0.8083390593528748
CUS03927,2025-08-31,0,0.8083390593528748
CUS00403,2025-08-31,0,0.8083390593528748
CUS05191,2025-08-31,1,0.8083390593528748
CUS04930,2025-08-31,1,0.8083390593528748
CUS03861,2025-08-31,1,0.8083390593528748
CUS07281,2025-07-31,1,0.8083390593528748
CUS01718,2025-08-31,1,0.8083390593528748
CUS03086,2025-07-31,0,0.8083390593528748
CUS06118,2025-09-30,1,0.8083390593528748
CUS03745,2025-07-31,1,0.8083000779151917
CUS00747,2025-09-30,0,0.8081411719322205
CUS01208,2025-09-30,1,0.8080846667289734
CUS01093,2025-08-31,0,0.8080846667289734
CUS02794,2025-09-30,0,0.8078250288963318
CUS01159,2025-08-31,1,0.8077796697616577
CUS01146,2025-07-31,1,0.8076866269111633
CUS04087,2025-08-31,1,0.8076866269111633
CUS06873,2025-09-30,0,0.8076866269111633
CUS07532,2025-09-30,1,0.8076866269111633
CUS02639,2025-08-31,1,0.8076866269111633
CUS01074,2025-08-31,1,0.8076866269111633
CUS02734,2025-07-31,1,0.8076866269111633
CUS07611,2025-08-31,1,0.8075007200241089
CUS04748,2025-07-31,0,0.8075007200241089
CUS02789,2025-09-30,0,0.8074204921722412
CUS02976,2025-07-31,1,0.8074204921722412
CUS02672,2025-07-31,1,0.8074204921722412
CUS06280,2025-08-31,1,0.8074204921722412
CUS02422,2025-08-31,1,0.807158887386322
CUS03559,2025-08-31,0,0.8071578145027161
CUS07802,2025-09-30,0,0.8071046471595764
CUS00315,2025-09-30,0,0.8071046471595764
CUS04341,2025-07-31,1,0.8071046471595764
CUS00016,2025-07-31,0,0.8071046471595764
CUS03869,2025-08-31,1,0.8071046471595764
CUS06862,2025-09-30,1,0.8071046471595764
CUS04486,2025-08-31,1,0.8071046471595764
CUS03697,2025-09-30,1,0.8071046471595764
CUS06712,2025-09-30,1,0.8071046471595764
CUS00103,2025-09-30,1,0.8071046471595764
CUS01148,2025-09-30,0,0.8071046471595764
CUS03073,2025-09-30,1,0.8071046471595764
CUS04841,2025-08-31,1,0.8071046471595764
CUS01058,2025-09-30,1,0.8071046471595764
CUS07783,2025-09-30,1,0.8071046471595764
CUS01345,2025-09-30,0,0.8071046471595764
CUS06875,2025-07-31,0,0.8071046471595764
CUS04121,2025-07-31,1,0.8071046471595764
CUS00768,2025-08-31,0,0.8071046471595764
CUS05916,2025-07-31,1,0.8071046471595764
CUS06333,2025-08-31,1,0.8071046471595764
CUS01006,2025-09-30,1,0.8071046471595764
CUS07156,2025-09-30,1,0.8071046471595764
CUS07403,2025-09-30,1,0.8071046471595764
CUS05372,2025-07-31,1,0.8071046471595764
CUS01258,2025-09-30,1,0.8071046471595764
CUS04348,2025-09-30,1,0.8071046471595764
CUS06629,2025-09-30,1,0.8071046471595764
CUS03737,2025-08-31,1,0.8071046471595764
CUS07345,2025-08-31,1,0.8071046471595764
CUS06765,2025-08-31,1,0.8071046471595764
CUS01471,2025-08-31,1,0.8071046471595764
CUS06853,2025-07-31,1,0.8071046471595764
CUS07244,2025-07-31,1,0.8068534135818481
CUS07148,2025-07-31,1,0.8068534135818481
CUS06901,2025-07-31,1,0.8068103194236755
CUS03960,2025-09-30,0,0.8068103194236755
CUS00475,2025-09-30,0,0.8067416548728943
CUS06590,2025-07-31,1,0.8067416548728943
CUS02034,2025-07-31,0,0.805309534072876
CUS04625,2025-08-31,1,0.805309534072876
CUS03673,2025-08-31,1,0.805309534072876
CUS03675,2025-08-31,1,0.805309534072876
CUS03273,2025-07-31,1,0.8052594661712646
CUS01652,2025-07-31,1,0.8052090406417847
CUS00449,2025-07-31,0,0.8046814799308777
CUS01625,2025-08-31,0,0.8043234944343567
CUS02203,2025-08-31,1,0.804194986820221
CUS01652,2025-08-31,1,0.8041825890541077
CUS04813,2025-07-31,1,0.8038384914398193
CUS03472,2025-09-30,0,0.8032215237617493
CUS03307,2025-09-30,1,0.8032215237617493
CUS07717,2025-09-30,0,0.8032215237617493
CUS03720,2025-08-31,0,0.8031452298164368
CUS03031,2025-07-31,1,0.802947461605072
CUS01674,2025-09-30,1,0.802760124206543
CUS03417,2025-08-31,1,0.802760124206543
CUS05560,2025-08-31,1,0.802760124206543
CUS03652,2025-09-30,1,0.802760124206543
CUS01845,2025-07-31,1,0.802760124206543
CUS03619,2025-09-30,0,0.802760124206543
CUS05070,2025-08-31,0,0.802760124206543
CUS00376,2025-09-30,1,0.802760124206543
CUS06265,2025-09-30,1,0.802760124206543
CUS03847,2025-09-30,1,0.802760124206543
CUS03159,2025-09-30,1,0.802760124206543
CUS02764,2025-09-30,1,0.802760124206543
CUS01867,2025-09-30,1,0.802760124206543
CUS00235,2025-08-31,1,0.802760124206543
CUS02328,2025-09-30,1,0.802760124206543
CUS04007,2025-09-30,1,0.802760124206543
CUS02543,2025-08-31,1,0.802760124206543
CUS02680,2025-09-30,1,0.802760124206543
CUS05678,2025-09-30,1,0.802760124206543
CUS01561,2025-09-30,1,0.802760124206543
CUS04934,2025-09-30,1,0.802760124206543
CUS04762,2025-09-30,1,0.802760124206543
CUS05201,2025-09-30,1,0.802760124206543
CUS04473,2025-09-30,1,0.802760124206543
CUS04534,2025-09-30,1,0.802760124206543
CUS04041,2025-09-30,1,0.802760124206543
CUS02946,2025-07-31,1,0.8026406168937683
CUS01200,2025-07-31,1,0.8026158809661865
CUS01549,2025-09-30,0,0.8025996088981628
CUS04712,2025-07-31,1,0.8022745251655579
CUS01886,2025-07-31,0,0.8021363615989685
CUS01935,2025-08-31,1,0.8021363615989685
CUS00285,2025-07-31,1,0.8021363615989685
CUS05056,2025-07-31,1,0.8020815253257751
CUS03154,2025-07-31,1,0.801946222782135
CUS05636,2025-08-31,1,0.8016849756240845
CUS07347,2025-09-30,1,0.8013178706169128
CUS06171,2025-08-31,1,0.8013178706169128
CUS01900,2025-08-31,1,0.8013178706169128
CUS02584,2025-08-31,1,0.8012818098068237
CUS04405,2025-07-31,0,0.801203727722168
CUS05841,2025-07-31,0,0.8010745048522949
CUS03038,2025-09-30,1,0.8010745048522949
CUS05159,2025-08-31,0,0.8010745048522949
CUS00919,2025-09-30,1,0.8010745048522949
CUS03720,2025-07-31,0,0.8008869886398315
CUS07810,2025-08-31,1,0.8008837103843689
CUS05176,2025-08-31,0,0.8007354140281677
CUS06405,2025-07-31,1,0.8006386160850525
CUS02852,2025-08-31,1,0.8003743886947632
CUS02332,2025-07-31,1,0.8003743886947632
CUS01745,2025-09-30,1,0.8003743886947632
CUS05204,2025-09-30,0,0.8000656366348267
CUS05539,2025-08-31,1,0.8000656366348267
CUS02690,2025-09-30,1,0.7997262477874756
CUS07206,2025-07-31,0,0.7996934056282043
CUS07079,2025-07-31,1,0.7996934056282043
CUS02558,2025-09-30,1,0.7996934056282043
CUS02768,2025-08-31,1,0.7993819117546082
CUS02463,2025-08-31,1,0.7993819117546082
CUS02904,2025-08-31,0,0.7993192076683044
CUS04372,2025-07-31,1,0.7993035316467285
CUS03993,2025-07-31,1,0.7992613315582275
CUS02826,2025-08-31,1,0.7990168929100037
CUS05935,2025-08-31,0,0.7988113760948181
CUS05934,2025-08-31,1,0.7988113760948181
CUS06887,2025-08-31,0,0.7987852096557617
CUS03154,2025-08-31,1,0.7986146807670593
CUS04076,2025-09-30,0,0.7984638810157776
CUS01762,2025-08-31,1,0.7984638810157776
CUS07353,2025-08-31,1,0.7984638810157776
CUS07619,2025-08-31,1,0.7984638810157776
CUS05353,2025-07-31,0,0.7984638810157776
CUS02446,2025-08-31,1,0.7975587248802185
CUS01723,2025-07-31,0,0.7975202798843384
CUS07745,2025-09-30,0,0.7975202798843384
CUS06388,2025-09-30,1,0.7974957823753357
CUS07094,2025-09-30,0,0.7971794009208679
CUS06887,2025-07-31,1,0.7966927886009216
CUS02797,2025-08-31,1,0.796653687953949
CUS05994,2025-08-31,1,0.796653687953949
CUS03809,2025-07-31,0,0.7964830994606018
CUS03234,2025-08-31,1,0.7964274883270264
CUS06252,2025-08-31,0,0.7964274883270264
CUS01776,2025-08-31,1,0.7964274883270264
CUS07054,2025-07-31,0,0.7964274883270264
CUS04665,2025-09-30,0,0.7964274883270264
CUS02153,2025-09-30,0,0.7961655259132385
CUS02826,2025-07-31,0,0.7961351871490479
CUS03380,2025-08-31,0,0.7959710359573364
CUS02645,2025-08-31,1,0.7958959341049194
CUS01300,2025-08-31,1,0.7958959341049194
CUS02771,2025-07-31,1,0.7958959341049194
CUS00801,2025-07-31,0,0.7958959341049194
CUS01432,2025-08-31,1,0.7958959341049194
CUS05041,2025-07-31,0,0.7958959341049194
CUS01164,2025-09-30,1,0.7958959341049194
CUS01243,2025-07-31,0,0.7958959341049194
CUS01612,2025-08-31,1,0.7958959341049194
CUS02404,2025-09-30,0,0.7958788871765137
CUS01234,2025-07-31,1,0.7957146167755127
CUS01053,2025-09-30,1,0.7953202724456787
CUS06865,2025-08-31,0,0.795307993888855
CUS07135,2025-09-30,1,0.795307993888855
CUS04252,2025-08-31,1,0.795307993888855
CUS04559,2025-09-30,1,0.795307993888855
CUS01397,2025-07-31,0,0.795307993888855
CUS03334,2025-09-30,0,0.795307993888855
CUS02657,2025-08-31,1,0.795307993888855
CUS01319,2025-07-31,1,0.795307993888855
CUS00357,2025-07-31,0,0.795307993888855
CUS00080,2025-09-30,1,0.795307993888855
CUS06867,2025-09-30,1,0.795307993888855
CUS04224,2025-07-31,0,0.795182466506958
CUS05439,2025-08-31,1,0.7950451970100403
CUS01217,2025-07-31,1,0.7950451970100403
CUS05849,2025-09-30,0,0.7949284315109253
CUS05821,2025-08-31,1,0.7945587635040283
CUS02492,2025-08-31,1,0.7944591641426086
CUS03809,2025-08-31,0,0.7944208979606628
CUS05176,2025-07-31,0,0.7942716479301453
CUS00806,2025-08-31,1,0.7942364811897278
CUS03841,2025-09-30,1,0.7939146161079407
CUS02846,2025-09-30,0,0.7937722206115723
CUS03294,2025-09-30,0,0.7937357425689697
CUS06473,2025-07-31,1,0.7937357425689697
CUS05747,2025-07-31,1,0.7934948205947876
CUS00149,2025-08-31,0,0.7934948205947876
CUS07332,2025-07-31,0,0.7932717204093933
CUS04979,2025-08-31,1,0.7932024002075195
CUS06757,2025-07-31,1,0.7931036353111267
CUS00078,2025-08-31,1,0.7930698990821838
CUS03883,2025-08-31,1,0.7930698990821838
CUS06502,2025-07-31,1,0.7930698990821838
CUS07305,2025-08-31,1,0.7930698990821838
CUS00099,2025-07-31,1,0.7930698990821838
CUS00217,2025-07-31,1,0.7929115891456604
CUS04714,2025-07-31,1,0.7927723526954651
CUS07374,2025-08-31,0,0.7927507758140564
CUS01386,2025-08-31,1,0.792609453201294
CUS02049,2025-07-31,1,0.7925075888633728
CUS01386,2025-07-31,1,0.792100191116333
CUS07282,2025-08-31,1,0.7918545603752136
CUS00091,2025-07-31,0,0.7918545603752136
CUS03809,2025-09-30,0,0.791489839553833
CUS04637,2025-07-31,1,0.791253387928009
CUS00911,2025-07-31,0,0.7908437848091125
CUS05296,2025-09-30,1,0.7908437848091125
CUS06532,2025-09-30,1,0.7906346917152405
CUS06744,2025-08-31,1,0.7905640006065369
CUS06308,2025-09-30,0,0.7905289530754089
CUS06197,2025-07-31,1,0.7904542684555054
CUS04576,2025-08-31,1,0.7904542684555054
CUS00383,2025-07-31,1,0.7904542684555054
CUS06720,2025-07-31,1,0.7904542684555054
CUS05614,2025-08-31,1,0.789991021156311
CUS06815,2025-07-31,1,0.7894725203514099
CUS00005,2025-07-31,1,0.7892569303512573
CUS03902,2025-07-31,1,0.7892569303512573
CUS03539,2025-07-31,0,0.7892441153526306
CUS06205,2025-09-30,1,0.7892441153526306
CUS07335,2025-09-30,0,0.7891625761985779
CUS05141,2025-07-31,1,0.7890017032623291
CUS02328,2025-08-31,1,0.7889676094055176
CUS07802,2025-08-31,1,0.7889676094055176
CUS00103,2025-08-31,1,0.7889676094055176
CUS03417,2025-07-31,1,0.7889676094055176
CUS07403,2025-08-31,1,0.7889676094055176
CUS01148,2025-08-31,0,0.7889676094055176
CUS06333,2025-07-31,1,0.7889676094055176
CUS04720,2025-07-31,0,0.7889177203178406
CUS05684,2025-07-31,1,0.7888785600662231
CUS07613,2025-07-31,0,0.7887281179428101
CUS04993,2025-09-30,1,0.7886157035827637
CUS01826,2025-07-31,0,0.7885501384735107
CUS00014,2025-08-31,1,0.7884620428085327
CUS04709,2025-09-30,1,0.7883986830711365
CUS05408,2025-07-31,1,0.7883981466293335
CUS06744,2025-09-30,1,0.7881149649620056
CUS03139,2025-08-31,1,0.7877346277236938
CUS05260,2025-08-31,1,0.7877346277236938
CUS02061,2025-07-31,0,0.7876814603805542
CUS05197,2025-08-31,1,0.7875482439994812
CUS02795,2025-08-31,1,0.7873921394348145
CUS07861,2025-08-31,1,0.7873921394348145
CUS02347,2025-07-31,0,0.7871764302253723
CUS07089,2025-09-30,0,0.7867091298103333
CUS01258,2025-08-31,1,0.7867091298103333
CUS04534,2025-08-31,1,0.7867091298103333
CUS05030,2025-09-30,1,0.7867091298103333
CUS00315,2025-08-31,0,0.7867091298103333
CUS01704,2025-08-31,1,0.7866104245185852
CUS01232,2025-07-31,0,0.7866104245185852
CUS01962,2025-08-31,1,0.7866104245185852
CUS06128,2025-09-30,0,0.78564453125
CUS03024,2025-07-31,1,0.78564453125
CUS07129,2025-07-31,0,0.7856391072273254
CUS03436,2025-07-31,1,0.7855915427207947
CUS02249,2025-07-31,1,0.7853007912635803
CUS00524,2025-08-31,1,0.7850037217140198
CUS04216,2025-08-31,1,0.7847201824188232
CUS04433,2025-08-31,1,0.7842289209365845
CUS00833,2025-09-30,0,0.7842289209365845
CUS00003,2025-09-30,0,0.7842139601707458
CUS06552,2025-07-31,1,0.784080445766449
CUS05615,2025-08-31,1,0.7839576601982117
CUS07539,2025-08-31,1,0.7839576601982117
CUS04806,2025-09-30,1,0.7839576601982117
CUS05883,2025-07-31,0,0.7838521003723145
CUS04793,2025-08-31,1,0.7837192416191101
CUS05226,2025-08-31,1,0.7836079597473145
CUS03382,2025-08-31,0,0.7836079597473145
CUS07992,2025-08-31,1,0.7834970355033875
CUS03299,2025-08-31,1,0.7833316922187805
CUS05972,2025-08-31,1,0.7833316922187805
CUS00582,2025-09-30,1,0.7833316922187805
CUS06364,2025-09-30,1,0.7833316922187805
CUS07185,2025-07-31,1,0.7833316922187805
CUS00388,2025-07-31,1,0.7833316922187805
CUS06518,2025-09-30,1,0.7833316922187805
CUS05878,2025-09-30,1,0.7833316922187805
CUS02505,2025-08-31,1,0.7833316922187805
CUS05562,2025-09-30,0,0.7833316922187805
CUS06108,2025-07-31,1,0.7833316922187805
CUS07545,2025-07-31,0,0.7833316922187805
CUS05997,2025-09-30,1,0.7833316922187805
CUS07300,2025-07-31,1,0.7833316922187805
CUS06703,2025-09-30,0,0.7833316922187805
CUS02987,2025-08-31,1,0.7833316922187805
CUS05133,2025-08-31,1,0.7833316922187805
CUS00971,2025-09-30,0,0.7833316922187805
CUS05318,2025-09-30,0,0.7833316922187805
CUS01506,2025-07-31,0,0.7832618951797485
CUS05510,2025-09-30,1,0.7830170392990112
CUS05107,2025-07-31,1,0.7829359769821167
CUS02981,2025-07-31,1,0.7827335596084595
CUS07858,2025-07-31,1,0.7825823426246643
CUS00329,2025-07-31,0,0.7825040221214294
CUS00041,2025-07-31,1,0.7817676067352295
CUS00046,2025-07-31,0,0.7817676067352295
CUS03715,2025-07-31,1,0.7817676067352295
CUS04697,2025-07-31,1,0.7817258834838867
CUS03383,2025-09-30,0,0.7816939353942871
CUS07698,2025-08-31,1,0.7815601825714111
CUS04799,2025-08-31,1,0.7814982533454895
CUS00625,2025-08-31,1,0.7810131907463074
CUS05603,2025-09-30,1,0.7810131907463074
CUS06865,2025-07-31,0,0.7809780836105347
CUS04301,2025-09-30,1,0.7809780836105347
CUS03847,2025-08-31,1,0.7809780836105347
CUS07011,2025-07-31,0,0.7809780836105347
CUS04272,2025-09-30,0,0.7809315919876099
CUS04793,2025-07-31,1,0.780503511428833
CUS02120,2025-08-31,0,0.7804889678955078
CUS04097,2025-08-31,0,0.7804889678955078
CUS04636,2025-09-30,1,0.7802762985229492
CUS03662,2025-08-31,0,0.7799333333969116
CUS07117,2025-09-30,1,0.7799333333969116
CUS02659,2025-08-31,0,0.7797114849090576
CUS00498,2025-07-31,1,0.7794800996780396
CUS05988,2025-09-30,0,0.7794800996780396
CUS07362,2025-09-30,1,0.779438316822052
CUS04695,2025-08-31,1,0.7794114947319031
CUS02991,2025-07-31,1,0.7793702483177185
CUS07732,2025-08-31,0,0.7793702483177185
CUS02875,2025-07-31,1,0.7793702483177185
CUS00472,2025-07-31,1,0.7793702483177185
CUS05873,2025-09-30,1,0.7793596386909485
CUS04630,2025-08-31,0,0.7792498469352722
CUS00323,2025-09-30,0,0.7791956067085266
CUS04568,2025-07-31,1,0.7790501713752747
CUS06189,2025-09-30,1,0.7788892984390259
CUS05205,2025-07-31,1,0.7788892984390259
CUS03619,2025-08-31,0,0.7786581516265869
CUS02680,2025-08-31,1,0.7786581516265869
CUS03498,2025-07-31,0,0.7785910964012146
CUS04695,2025-07-31,1,0.7784301042556763
CUS00126,2025-08-31,0,0.7783403396606445
CUS01208,2025-08-31,1,0.7781685590744019
CUS01505,2025-08-31,1,0.778080940246582
CUS07591,2025-07-31,0,0.7776060700416565
CUS04695,2025-09-30,1,0.7774868011474609
CUS01216,2025-08-31,1,0.7774742245674133
CUS02008,2025-07-31,1,0.7774742245674133
CUS02556,2025-07-31,0,0.7774742245674133
CUS07859,2025-07-31,0,0.777248740196228
CUS04544,2025-07-31,0,0.777248740196228
CUS01015,2025-09-30,0,0.7769352793693542
CUS06542,2025-07-31,1,0.7769352793693542
CUS01790,2025-09-30,1,0.7769066095352173
CUS01166,2025-09-30,0,0.7767188549041748
CUS03921,2025-07-31,1,0.7763566374778748
CUS00703,2025-08-31,0,0.7763184905052185
CUS04772,2025-07-31,0,0.7763184905052185
CUS07577,2025-08-31,0,0.7763184905052185
CUS03589,2025-07-31,1,0.7763184905052185
CUS07739,2025-08-31,1,0.7763184905052185
CUS02058,2025-07-31,1,0.7763184905052185
CUS01967,2025-07-31,1,0.7763184905052185
CUS05209,2025-08-31,1,0.7763184905052185
CUS01722,2025-09-30,1,0.7763184905052185
CUS06111,2025-08-31,1,0.7763184905052185
CUS04234,2025-09-30,1,0.7763184905052185
CUS02130,2025-07-31,1,0.7762093544006348
CUS03406,2025-08-31,0,0.7761610150337219
CUS05794,2025-09-30,1,0.7761194705963135
CUS06122,2025-09-30,0,0.7759137153625488
CUS02218,2025-08-31,1,0.7759137153625488
CUS06141,2025-09-30,1,0.7759137153625488
CUS01341,2025-09-30,1,0.7759010791778564
CUS04402,2025-08-31,1,0.7758323550224304
CUS06687,2025-08-31,0,0.7750281095504761
CUS07632,2025-09-30,1,0.774856686592102
CUS05369,2025-09-30,1,0.7744932174682617
CUS01420,2025-09-30,0,0.7744720578193665
CUS05156,2025-07-31,0,0.7744720578193665
CUS07251,2025-09-30,1,0.7744496464729309
CUS07651,2025-07-31,1,0.7744496464729309
CUS06145,2025-07-31,1,0.7744496464729309
CUS06118,2025-07-31,1,0.7744496464729309
CUS00710,2025-09-30,1,0.7744496464729309
CUS00870,2025-08-31,0,0.7744496464729309
CUS03492,2025-08-31,1,0.7744496464729309
CUS00594,2025-07-31,0,0.7744496464729309
CUS03597,2025-07-31,1,0.7739914059638977
CUS03253,2025-07-31,1,0.773791491985321
CUS02684,2025-09-30,0,0.7736391425132751
CUS03479,2025-07-31,1,0.7733979225158691
CUS02079,2025-07-31,0,0.7733553647994995
CUS02820,2025-08-31,0,0.773155927658081
CUS07129,2025-09-30,1,0.7730706334114075
CUS02547,2025-07-31,0,0.7730358839035034
CUS02422,2025-07-31,1,0.7729666829109192
CUS02773,2025-09-30,0,0.7729666829109192
CUS03472,2025-08-31,1,0.7727450728416443
CUS04708,2025-09-30,0,0.7727450728416443
CUS05805,2025-09-30,0,0.772737979888916
CUS04964,2025-07-31,0,0.7724339365959167
CUS04369,2025-08-31,1,0.7724339365959167
CUS05924,2025-09-30,1,0.7724339365959167
CUS06154,2025-07-31,0,0.7724339365959167
CUS07744,2025-07-31,0,0.7724339365959167
CUS04378,2025-09-30,1,0.7724339365959167
CUS06708,2025-07-31,0,0.7724339365959167
CUS06193,2025-09-30,0,0.7724339365959167
CUS03889,2025-09-30,1,0.7724339365959167
CUS03921,2025-08-31,1,0.7721245288848877
CUS07051,2025-07-31,1,0.7720528244972229
CUS05961,2025-09-30,0,0.771979570388794
CUS01345,2025-08-31,0,0.771979570388794
CUS05678,2025-08-31,1,0.771979570388794
CUS06265,2025-08-31,1,0.771979570388794
CUS06712,2025-08-31,1,0.771979570388794
CUS03652,2025-08-31,1,0.771979570388794
CUS04934,2025-08-31,1,0.771979570388794
CUS07540,2025-08-31,0,0.771979570388794
CUS04473,2025-08-31,1,0.771979570388794
CUS00235,2025-07-31,1,0.771979570388794
CUS01070,2025-09-30,1,0.771979570388794
CUS04041,2025-08-31,1,0.771979570388794
CUS00930,2025-08-31,0,0.771979570388794
CUS03159,2025-08-31,1,0.771979570388794
CUS04841,2025-07-31,1,0.771979570388794
CUS02116,2025-09-30,1,0.771979570388794
CUS06629,2025-08-31,1,0.771979570388794
CUS06450,2025-09-30,1,0.771979570388794
CUS03995,2025-09-30,0,0.7719414830207825
CUS01414,2025-09-30,0,0.7717501521110535
CUS05439,2025-07-31,1,0.7717501521110535
CUS04767,2025-09-30,1,0.7717501521110535
CUS02748,2025-08-31,1,0.7717458009719849
CUS03334,2025-08-31,0,0.7717458009719849
CUS05743,2025-07-31,1,0.7717458009719849
CUS04252,2025-07-31,1,0.7717458009719849
CUS07468,2025-07-31,1,0.7717458009719849
CUS00080,2025-08-31,1,0.7717458009719849
CUS03232,2025-07-31,1,0.7717010974884033
CUS06709,2025-08-31,1,0.7717007398605347
CUS01629,2025-07-31,1,0.7717007398605347
CUS02024,2025-08-31,1,0.7717007398605347
CUS07747,2025-07-31,1,0.7716114521026611
CUS02789,2025-08-31,0,0.7716114521026611
CUS04667,2025-09-30,0,0.7715691924095154
CUS02129,2025-07-31,0,0.7715691924095154
CUS02275,2025-09-30,0,0.7714914679527283
CUS00512,2025-07-31,0,0.7714031934738159
CUS02778,2025-07-31,1,0.7714031934738159
CUS03993,2025-08-31,1,0.7712768912315369
CUS05204,2025-08-31,0,0.7711926698684692
CUS05539,2025-07-31,1,0.7711926698684692
CUS00303,2025-08-31,0,0.7711926698684692
CUS05009,2025-08-31,1,0.7711227536201477
CUS00850,2025-08-31,1,0.7710667848587036
CUS00850,2025-07-31,1,0.7707646489143372
CUS05690,2025-08-31,1,0.7706291675567627
CUS06666,2025-08-31,0,0.7706291675567627
CUS02528,2025-08-31,0,0.7706291675567627
CUS07740,2025-07-31,1,0.7704604864120483
CUS04087,2025-07-31,1,0.7704604864120483
CUS02639,2025-07-31,1,0.7704604864120483
CUS00223,2025-07-31,1,0.7704414129257202
CUS05272,2025-09-30,0,0.7704414129257202
CUS05935,2025-07-31,0,0.7702609300613403
CUS04905,2025-09-30,0,0.770251989364624
CUS03894,2025-09-30,0,0.7702127695083618
CUS04624,2025-07-31,1,0.7702101469039917
CUS04552,2025-07-31,1,0.770203173160553
CUS02990,2025-09-30,1,0.770203173160553
CUS07510,2025-09-30,0,0.770203173160553
CUS06848,2025-09-30,0,0.770203173160553
CUS01935,2025-07-31,1,0.770203173160553
CUS07848,2025-07-31,1,0.7701848745346069
CUS04820,2025-08-31,0,0.7700792551040649
CUS07635,2025-09-30,0,0.7700792551040649
CUS04015,2025-09-30,0,0.7700792551040649
CUS00755,2025-08-31,0,0.7700135707855225
CUS03291,2025-08-31,1,0.7699661254882812
CUS07103,2025-07-31,0,0.769799530506134
CUS05899,2025-07-31,0,0.7694281339645386
CUS02547,2025-08-31,1,0.7693711519241333
CUS05735,2025-09-30,1,0.7693568468093872
CUS01908,2025-07-31,1,0.7693568468093872
CUS00111,2025-08-31,1,0.7693568468093872
CUS04129,2025-07-31,1,0.7693036198616028
CUS03251,2025-08-31,1,0.7692878842353821
CUS07543,2025-07-31,1,0.7692525386810303
CUS04669,2025-09-30,0,0.7685223817825317
CUS05405,2025-09-30,0,0.7684618830680847
CUS00755,2025-07-31,1,0.7680317163467407
CUS06532,2025-08-31,1,0.7679944038391113
CUS01692,2025-07-31,0,0.7679568529129028
CUS01147,2025-09-30,1,0.7678637504577637
CUS01900,2025-07-31,1,0.7675537467002869
CUS02172,2025-08-31,0,0.7675440311431885
CUS06454,2025-08-31,1,0.767156720161438
CUS06454,2025-07-31,1,0.767111599445343
CUS02426,2025-08-31,1,0.7670086622238159
CUS01087,2025-07-31,1,0.7668874263763428
CUS07804,2025-08-31,0,0.7667360901832581
CUS07329,2025-07-31,1,0.7667360901832581
CUS02690,2025-08-31,1,0.7667360901832581
CUS06171,2025-07-31,1,0.7667346596717834
CUS07347,2025-08-31,1,0.7667346596717834
CUS03921,2025-09-30,0,0.7663483023643494
CUS01771,2025-09-30,1,0.7663467526435852
CUS03684,2025-09-30,1,0.7661831378936768
CUS07204,2025-07-31,1,0.7661116123199463
CUS05164,2025-09-30,1,0.7659860253334045
CUS03082,2025-07-31,1,0.7654967904090881
CUS00331,2025-07-31,0,0.7653454542160034
CUS02296,2025-07-31,1,0.7653454542160034
CUS07402,2025-09-30,0,0.765164315700531
CUS04132,2025-07-31,1,0.7649624347686768
CUS03469,2025-07-31,0,0.7648283243179321
CUS05065,2025-07-31,1,0.7647445201873779
CUS06788,2025-09-30,1,0.7643009424209595
CUS07242,2025-09-30,0,0.7637973427772522
CUS00376,2025-08-31,1,0.7635396718978882
CUS03524,2025-09-30,0,0.7635396718978882
CUS00175,2025-09-30,0,0.7635396718978882
CUS02764,2025-08-31,1,0.7635396718978882
CUS02994,2025-09-30,1,0.7635396718978882
CUS05201,2025-08-31,1,0.7635396718978882
CUS01674,2025-08-31,1,0.7635396718978882
CUS02204,2025-09-30,0,0.7635396718978882
CUS03241,2025-09-30,1,0.7635396718978882
CUS04762,2025-08-31,1,0.7635396718978882
CUS01561,2025-08-31,1,0.7635396718978882
CUS01867,2025-08-31,1,0.7635396718978882
CUS05070,2025-07-31,0,0.7635396718978882
CUS06767,2025-09-30,0,0.7635396718978882
CUS04007,2025-08-31,1,0.7635396718978882
CUS02872,2025-09-30,1,0.7635396718978882
CUS04711,2025-09-30,1,0.7635396718978882
CUS05560,2025-07-31,1,0.7635396718978882
CUS07703,2025-08-31,0,0.7635396718978882
CUS02543,2025-07-31,1,0.7635396718978882
CUS05129,2025-08-31,0,0.7635396718978882
CUS01074,2025-07-31,1,0.7632540464401245
CUS07532,2025-08-31,1,0.7632540464401245
CUS06873,2025-08-31,1,0.7632540464401245
CUS02794,2025-08-31,0,0.7628965377807617
CUS00885,2025-08-31,1,0.7626490592956543
CUS07429,2025-09-30,1,0.76255863904953
CUS03492,2025-09-30,1,0.7624077200889587
CUS06118,2025-08-31,1,0.7624077200889587
CUS00594,2025-08-31,0,0.7624077200889587
CUS05403,2025-07-31,1,0.7624077200889587
CUS03861,2025-07-31,1,0.7624077200889587
CUS06145,2025-08-31,1,0.7624077200889587
CUS07581,2025-07-31,1,0.7624077200889587
CUS07611,2025-07-31,1,0.7624077200889587
CUS04412,2025-07-31,1,0.7624077200889587
CUS00870,2025-09-30,0,0.7624077200889587
CUS06005,2025-07-31,0,0.7623950839042664
CUS02426,2025-09-30,1,0.7622557282447815
CUS02237,2025-08-31,1,0.76219642162323
CUS03821,2025-07-31,1,0.76219642162323
CUS01127,2025-08-31,1,0.76219642162323
CUS03294,2025-08-31,0,0.7617770433425903
CUS05940,2025-09-30,1,0.7616736888885498
CUS05127,2025-07-31,0,0.7616736888885498
CUS02420,2025-09-30,0,0.7616736888885498
CUS02453,2025-08-31,1,0.7616736888885498
CUS06360,2025-08-31,1,0.7616736888885498
CUS02205,2025-09-30,0,0.7616448402404785
CUS03424,2025-09-30,0,0.7616448402404785
CUS04132,2025-08-31,1,0.7616255879402161
CUS05849,2025-08-31,0,0.7616018652915955
CUS03789,2025-08-31,1,0.7616018652915955
CUS04182,2025-09-30,1,0.7616018652915955
CUS04113,2025-08-31,1,0.7616018652915955
CUS02130,2025-08-31,1,0.7615829706192017
CUS03307,2025-08-31,1,0.761126697063446
CUS06763,2025-09-30,1,0.761096715927124
CUS04698,2025-07-31,1,0.7610940337181091
CUS06843,2025-07-31,1,0.760920524597168
CUS06280,2025-07-31,1,0.760920524597168
CUS05532,2025-07-31,1,0.760920524597168
CUS03559,2025-07-31,1,0.7608351707458496
CUS06075,2025-07-31,1,0.7606656551361084
CUS04096,2025-09-30,1,0.7606656551361084
CUS06147,2025-07-31,1,0.7606656551361084
CUS00635,2025-07-31,1,0.7602406740188599
CUS01550,2025-08-31,1,0.7602165341377258
CUS04242,2025-08-31,0,0.7599620819091797
CUS03992,2025-08-31,1,0.7599135637283325
CUS01311,2025-08-31,0,0.7599135637283325
CUS02172,2025-07-31,1,0.7598613500595093
CUS00699,2025-07-31,0,0.7598586678504944
CUS02866,2025-07-31,1,0.7597816586494446
CUS04575,2025-07-31,0,0.759479284286499
CUS00446,2025-07-31,0,0.759479284286499
CUS00386,2025-07-31,0,0.7589324712753296
CUS03829,2025-09-30,1,0.7587710618972778
CUS03917,2025-08-31,1,0.7587710618972778
CUS04488,2025-09-30,1,0.7585170865058899
CUS07456,2025-07-31,0,0.7582757472991943
CUS02573,2025-09-30,1,0.7579958438873291
CUS00113,2025-07-31,1,0.7578248977661133
CUS06788,2025-08-31,1,0.7575209140777588
CUS07494,2025-08-31,0,0.7574077248573303
CUS03380,2025-07-31,0,0.7574077248573303
CUS07187,2025-07-31,0,0.7573590874671936
CUS04930,2025-07-31,1,0.7573590874671936
CUS07651,2025-08-31,1,0.7573590874671936
CUS04027,2025-07-31,1,0.7573590874671936
CUS07241,2025-07-31,0,0.7573590874671936
CUS01311,2025-09-30,0,0.7573590874671936
CUS06986,2025-09-30,0,0.7573590874671936
CUS01164,2025-08-31,1,0.7573590874671936
CUS05191,2025-07-31,1,0.7573590874671936
CUS03992,2025-09-30,1,0.7573590874671936
CUS03927,2025-07-31,1,0.7573590874671936
CUS01612,2025-07-31,1,0.7573590874671936
CUS02645,2025-07-31,1,0.7573590874671936
CUS03917,2025-09-30,0,0.7573590874671936
CUS07835,2025-09-30,1,0.7573590874671936
CUS01432,2025-07-31,1,0.7573590874671936
CUS01300,2025-07-31,1,0.7573590874671936
CUS05057,2025-07-31,1,0.7573590874671936
CUS01718,2025-07-31,1,0.7573590874671936
CUS00403,2025-07-31,1,0.7573590874671936
CUS04822,2025-07-31,1,0.7573376893997192
CUS05230,2025-09-30,0,0.7572921514511108
CUS01118,2025-08-31,1,0.7569440007209778
CUS03200,2025-09-30,1,0.7568696141242981
CUS00017,2025-07-31,1,0.7568440437316895
CUS05505,2025-09-30,0,0.7567158341407776
CUS01745,2025-08-31,1,0.756689727306366
CUS01565,2025-08-31,0,0.7565364837646484
CUS05272,2025-08-31,1,0.7565364837646484
CUS04132,2025-09-30,1,0.7565290927886963
CUS06378,2025-08-31,0,0.756240725517273
CUS00886,2025-09-30,1,0.756240725517273
CUS01093,2025-07-31,0,0.756240725517273
CUS00885,2025-07-31,1,0.7558391094207764
CUS05917,2025-07-31,1,0.7554658055305481
CUS00876,2025-07-31,0,0.7553784847259521
CUS02785,2025-07-31,1,0.7553784847259521
CUS03181,2025-08-31,1,0.7553539872169495
CUS00251,2025-07-31,1,0.7551673650741577
CUS02793,2025-08-31,0,0.7551156282424927
CUS04172,2025-08-31,1,0.754554271697998
CUS02841,2025-07-31,0,0.7542605996131897
CUS07038,2025-09-30,1,0.7541003823280334
CUS05337,2025-07-31,0,0.7540584206581116
CUS07110,2025-09-30,0,0.7538039684295654
CUS06867,2025-08-31,1,0.7538039684295654
CUS07553,2025-09-30,1,0.7538039684295654
CUS06758,2025-09-30,1,0.7538039684295654
CUS02657,2025-07-31,1,0.7538039684295654
CUS07951,2025-09-30,0,0.7538039684295654
CUS07616,2025-09-30,0,0.7538039684295654
CUS07071,2025-08-31,1,0.7538039684295654
CUS05535,2025-09-30,0,0.7538039684295654
CUS02494,2025-09-30,1,0.7538039684295654
CUS06427,2025-07-31,1,0.7538039684295654
CUS02626,2025-08-31,0,0.7538039684295654
CUS05880,2025-07-31,1,0.7538039684295654
CUS04559,2025-08-31,1,0.7538039684295654
CUS06827,2025-07-31,0,0.7538039684295654
CUS03878,2025-08-31,1,0.7538039684295654
CUS07135,2025-08-31,1,0.7538039684295654
CUS00183,2025-09-30,1,0.7538039684295654
CUS05730,2025-08-31,1,0.7538039684295654
CUS04244,2025-09-30,1,0.7538039684295654
CUS05203,2025-09-30,1,0.7538039684295654
CUS00289,2025-07-31,0,0.7538039684295654
CUS06243,2025-09-30,0,0.7538039684295654
CUS05380,2025-07-31,1,0.7538039684295654
CUS03776,2025-08-31,0,0.7538039684295654
CUS06716,2025-09-30,1,0.7538039684295654
CUS06751,2025-08-31,1,0.7538039684295654
CUS07083,2025-08-31,0,0.7538039684295654
CUS02159,2025-09-30,1,0.7538039684295654
CUS03546,2025-07-31,0,0.7537487745285034
CUS02852,2025-07-31,1,0.7535104751586914
CUS06389,2025-09-30,0,0.7535104751586914
CUS05581,2025-09-30,1,0.7535104751586914
CUS02426,2025-07-31,1,0.7534806728363037
CUS00814,2025-08-31,0,0.7533308267593384
CUS00814,2025-09-30,0,0.7529421448707581
CUS05046,2025-07-31,1,0.7524336576461792
CUS07874,2025-09-30,1,0.7524297833442688
CUS02904,2025-07-31,0,0.7524139285087585
CUS05934,2025-07-31,1,0.7524139285087585
CUS07282,2025-07-31,1,0.7524002194404602
CUS01471,2025-07-31,1,0.7521888017654419
CUS04486,2025-07-31,1,0.7521888017654419
CUS05318,2025-08-31,0,0.7521888017654419
CUS02987,2025-07-31,1,0.7521888017654419
CUS06862,2025-08-31,1,0.7521888017654419
CUS02272,2025-09-30,0,0.7521888017654419
CUS04195,2025-09-30,1,0.7521888017654419
CUS03073,2025-08-31,1,0.7521888017654419
CUS07765,2025-08-31,1,0.7519923448562622
CUS07942,2025-09-30,0,0.7519923448562622
CUS01631,2025-08-31,0,0.7517643570899963
CUS06091,2025-08-31,0,0.7515700459480286
CUS04576,2025-07-31,1,0.7514163851737976
CUS01620,2025-09-30,1,0.7514163851737976
CUS00366,2025-09-30,1,0.7510257959365845
CUS04200,2025-07-31,0,0.7508087158203125
CUS00803,2025-08-31,0,0.7508087158203125
CUS01088,2025-09-30,1,0.7508087158203125
CUS04589,2025-07-31,1,0.7508087158203125
CUS05614,2025-07-31,1,0.7508087158203125
CUS05065,2025-08-31,1,0.7507986426353455
CUS06964,2025-08-31,1,0.750687837600708
CUS02558,2025-08-31,1,0.7504256367683411
CUS04019,2025-09-30,1,0.7504256367683411
CUS05337,2025-08-31,0,0.75035160779953
CUS01862,2025-07-31,1,0.7503383755683899
CUS02762,2025-07-31,1,0.7503196597099304
CUS01947,2025-09-30,0,0.7498788237571716
CUS00919,2025-08-31,1,0.7498788237571716
CUS05534,2025-07-31,0,0.7498788237571716
CUS02278,2025-08-31,1,0.7498788237571716
CUS02529,2025-07-31,1,0.7498307228088379
CUS06602,2025-08-31,0,0.7498307228088379
CUS04216,2025-07-31,1,0.7498005628585815
CUS07172,2025-07-31,1,0.749762237071991
CUS02912,2025-07-31,0,0.7496615648269653
CUS07783,2025-08-31,1,0.7496615648269653
CUS01550,2025-09-30,1,0.7495545148849487
CUS07002,2025-08-31,0,0.7495511770248413
CUS05500,2025-07-31,0,0.7495012283325195
CUS02446,2025-07-31,1,0.7489714622497559
CUS02267,2025-09-30,1,0.7489714622497559
CUS02001,2025-09-30,1,0.7487756609916687
CUS06986,2025-08-31,1,0.7481716275215149
CUS01164,2025-07-31,1,0.7481716275215149
CUS07835,2025-08-31,1,0.7481716275215149
CUS01956,2025-09-30,1,0.7481716275215149
CUS05234,2025-09-30,1,0.7481716275215149
CUS07050,2025-07-31,1,0.7480748295783997
CUS07094,2025-08-31,0,0.7478312253952026
CUS04555,2025-07-31,1,0.7475054264068604
CUS04953,2025-07-31,1,0.7474255561828613
CUS02539,2025-07-31,1,0.7474255561828613
CUS05230,2025-08-31,0,0.747142493724823
CUS06739,2025-07-31,0,0.7470068335533142
CUS05682,2025-08-31,1,0.7469998002052307
CUS07189,2025-07-31,1,0.7469998002052307
CUS02404,2025-08-31,0,0.7469998002052307
CUS03397,2025-08-31,0,0.7469998002052307
CUS00747,2025-08-31,0,0.7469738125801086
CUS05954,2025-07-31,1,0.7469738125801086
CUS00530,2025-07-31,1,0.7469738125801086
CUS06453,2025-09-30,1,0.7468891739845276
CUS07927,2025-09-30,1,0.7468549013137817
CUS00135,2025-09-30,1,0.7468549013137817
CUS04242,2025-07-31,0,0.7467087507247925
CUS06163,2025-07-31,1,0.7465861439704895
CUS04285,2025-07-31,1,0.7465861439704895
CUS06393,2025-09-30,1,0.7465861439704895
CUS04952,2025-08-31,0,0.7462698817253113
CUS03572,2025-09-30,1,0.7460711598396301
CUS05260,2025-07-31,1,0.7460570335388184
CUS02659,2025-07-31,1,0.7460570335388184
CUS01481,2025-09-30,1,0.7454298734664917
CUS04047,2025-09-30,0,0.7454298734664917
CUS07277,2025-09-30,1,0.7453410029411316
CUS02492,2025-07-31,1,0.7446295619010925
CUS07874,2025-08-31,1,0.74455326795578
CUS01015,2025-08-31,1,0.7444886565208435
CUS03383,2025-08-31,1,0.7444886565208435
CUS00949,2025-08-31,0,0.7444886565208435
CUS06851,2025-07-31,0,0.7443408966064453
CUS01874,2025-07-31,1,0.7442367672920227
CUS02387,2025-09-30,0,0.744044303894043
CUS02815,2025-09-30,0,0.7440001368522644
CUS00517,2025-07-31,0,0.7440001368522644
CUS04683,2025-09-30,0,0.7440001368522644
CUS00800,2025-09-30,1,0.7439755201339722
CUS03984,2025-09-30,1,0.7439520359039307
CUS07901,2025-09-30,0,0.7438746094703674
CUS06788,2025-07-31,0,0.7435468435287476
CUS02768,2025-07-31,1,0.7431498169898987
CUS01608,2025-07-31,1,0.7431498169898987
CUS07219,2025-09-30,0,0.7431498169898987
CUS02463,2025-07-31,1,0.7431498169898987
CUS02505,2025-07-31,1,0.7424771785736084
CUS00768,2025-07-31,0,0.7424771785736084
CUS01942,2025-07-31,1,0.7424720525741577
CUS04625,2025-07-31,1,0.7424720525741577
CUS03675,2025-07-31,1,0.7424720525741577
CUS03673,2025-07-31,1,0.7424720525741577
CUS07068,2025-09-30,1,0.7424720525741577
CUS02884,2025-07-31,1,0.7423747777938843
CUS00327,2025-09-30,1,0.7418394088745117
CUS02059,2025-07-31,0,0.7417494654655457
CUS05358,2025-09-30,1,0.7414668202400208
CUS07459,2025-07-31,0,0.7414668202400208
CUS00475,2025-08-31,1,0.7414668202400208
CUS06825,2025-09-30,0,0.7414668202400208
CUS05702,2025-08-31,0,0.7414668202400208
CUS03139,2025-07-31,1,0.741441011428833
CUS03604,2025-08-31,0,0.741412878036499
CUS02756,2025-09-30,0,0.7412249445915222
CUS04709,2025-08-31,1,0.7412249445915222
CUS02153,2025-08-31,0,0.7410882711410522
CUS00615,2025-09-30,0,0.7409501075744629
CUS05603,2025-08-31,1,0.7409501075744629
CUS00625,2025-07-31,1,0.7409501075744629
CUS06752,2025-09-30,1,0.7409307956695557
CUS05789,2025-08-31,1,0.7409240007400513
CUS03995,2025-08-31,0,0.7408153414726257
CUS03766,2025-09-30,1,0.7405089139938354
CUS03869,2025-07-31,1,0.7404785752296448
CUS00582,2025-08-31,1,0.7404785752296448
CUS02943,2025-09-30,0,0.7404785752296448
CUS03105,2025-08-31,0,0.7402325868606567
CUS01693,2025-09-30,0,0.7399170994758606
CUS04993,2025-08-31,1,0.7399170994758606
CUS04113,2025-07-31,1,0.7396991848945618
CUS01117,2025-09-30,1,0.7394446730613708
CUS05422,2025-07-31,1,0.7391861081123352
CUS07628,2025-07-31,1,0.7389920353889465
CUS02865,2025-08-31,0,0.7389920353889465
CUS03382,2025-07-31,0,0.7389293909072876
CUS05226,2025-07-31,1,0.7389293909072876
CUS01625,2025-07-31,0,0.7387999296188354
CUS06424,2025-07-31,0,0.7387337684631348
CUS03287,2025-07-31,1,0.7386379837989807
CUS06529,2025-09-30,1,0.7383095622062683
CUS03182,2025-08-31,0,0.7381779551506042
CUS04385,2025-09-30,0,0.7379799485206604
CUS03913,2025-09-30,1,0.7379403710365295
CUS05510,2025-08-31,1,0.7378009557723999
CUS01511,2025-09-30,1,0.7377592325210571
CUS07392,2025-07-31,0,0.7377396821975708
CUS01166,2025-08-31,1,0.7376832365989685
CUS02748,2025-07-31,1,0.7376224994659424
CUS05679,2025-07-31,0,0.7376196384429932
CUS06376,2025-08-31,0,0.7371390461921692
CUS04226,2025-07-31,0,0.7371390461921692
CUS02483,2025-09-30,1,0.7371178269386292
CUS01288,2025-09-30,1,0.7370749115943909
CUS06751,2025-07-31,1,0.7368330359458923
CUS00887,2025-07-31,0,0.7368330359458923
CUS05789,2025-09-30,1,0.7367501854896545
CUS02452,2025-09-30,1,0.7365947961807251
CUS04820,2025-07-31,0,0.7364419102668762
CUS01863,2025-07-31,1,0.7364059090614319
CUS03499,2025-09-30,1,0.7361113429069519
CUS00078,2025-07-31,1,0.7361113429069519
CUS07305,2025-07-31,1,0.7361113429069519
CUS03883,2025-07-31,1,0.7361113429069519
CUS00814,2025-07-31,1,0.7359676361083984
CUS06149,2025-09-30,1,0.7358762621879578
CUS06486,2025-09-30,0,0.7358762621879578
CUS04439,2025-08-31,1,0.7358762621879578
CUS02961,2025-07-31,1,0.7358762621879578
CUS06134,2025-09-30,1,0.7358762621879578
CUS00553,2025-08-31,0,0.7358762621879578
CUS01804,2025-09-30,0,0.7358762621879578
CUS05583,2025-08-31,0,0.7358762621879578
CUS04555,2025-08-31,1,0.7356859445571899
CUS00777,2025-09-30,1,0.7355153560638428
CUS04905,2025-08-31,0,0.7353800535202026
CUS03835,2025-09-30,1,0.7353190183639526
CUS02306,2025-09-30,1,0.7352044582366943
CUS06992,2025-09-30,1,0.7352044582366943
CUS02032,2025-09-30,1,0.7349650859832764
CUS04851,2025-07-31,1,0.7346308827400208
CUS02423,2025-09-30,0,0.7346034049987793
CUS00366,2025-07-31,0,0.7345099449157715
CUS07885,2025-09-30,1,0.7344558835029602
CUS06964,2025-07-31,1,0.7342170476913452
CUS01352,2025-07-31,0,0.7336559295654297
CUS05734,2025-09-30,1,0.7336046695709229
CUS06765,2025-07-31,1,0.7332410216331482
CUS05878,2025-08-31,1,0.7332410216331482
CUS04959,2025-09-30,1,0.7332410216331482
CUS06364,2025-08-31,1,0.7332410216331482
CUS04902,2025-09-30,1,0.7332410216331482
CUS07999,2025-09-30,1,0.7332410216331482
CUS06421,2025-09-30,1,0.7332410216331482
CUS05562,2025-08-31,1,0.7332410216331482
CUS06518,2025-08-31,1,0.7332410216331482
CUS04234,2025-08-31,1,0.7332410216331482
CUS04093,2025-09-30,0,0.7332410216331482
CUS00367,2025-09-30,1,0.7332410216331482
CUS05947,2025-09-30,1,0.7332410216331482
CUS03697,2025-08-31,1,0.7332410216331482
CUS00586,2025-08-31,0,0.7332410216331482
CUS06521,2025-09-30,1,0.7332410216331482
CUS01006,2025-08-31,1,0.7332410216331482
CUS00971,2025-08-31,1,0.7332410216331482
CUS03737,2025-07-31,1,0.7332410216331482
CUS05495,2025-09-30,1,0.7332410216331482
CUS05972,2025-07-31,1,0.7332410216331482
CUS01058,2025-08-31,1,0.7332410216331482
CUS06703,2025-08-31,0,0.7332410216331482
CUS04608,2025-09-30,1,0.7332410216331482
CUS06702,2025-09-30,1,0.7332410216331482
CUS05997,2025-08-31,1,0.7332410216331482
CUS03145,2025-09-30,1,0.7332410216331482
CUS03497,2025-09-30,0,0.7332410216331482
CUS07156,2025-08-31,1,0.7332410216331482
CUS06678,2025-09-30,1,0.7332410216331482
CUS01722,2025-08-31,1,0.7332410216331482
CUS07345,2025-07-31,1,0.7332410216331482
CUS04348,2025-08-31,1,0.7332410216331482
CUS03299,2025-07-31,1,0.7332410216331482
CUS07158,2025-09-30,1,0.7332410216331482
CUS05133,2025-07-31,1,0.7332410216331482
CUS00014,2025-07-31,1,0.7330005168914795
CUS05194,2025-09-30,1,0.732785165309906
CUS07375,2025-09-30,1,0.732785165309906
CUS07745,2025-08-31,0,0.732785165309906
CUS02810,2025-08-31,0,0.7326838374137878
CUS07698,2025-07-31,1,0.7325664162635803
CUS07335,2025-08-31,0,0.7325591444969177
CUS06260,2025-08-31,1,0.7324308753013611
CUS04298,2025-09-30,0,0.7323982119560242
CUS03507,2025-08-31,1,0.7321769595146179
CUS03214,2025-09-30,0,0.7319648861885071
CUS06740,2025-08-31,1,0.7319597005844116
CUS07539,2025-07-31,1,0.7319545149803162
CUS04806,2025-08-31,1,0.7319545149803162
CUS02795,2025-07-31,1,0.7319545149803162
CUS06558,2025-07-31,0,0.7316457033157349
CUS00003,2025-07-31,0,0.7316457033157349
CUS07288,2025-07-31,1,0.7316457033157349
CUS06215,2025-07-31,0,0.731480062007904
CUS07403,2025-07-31,1,0.731480062007904
CUS02576,2025-08-31,0,0.7314616441726685
CUS05173,2025-09-30,0,0.7313050031661987
CUS03214,2025-08-31,1,0.7312846779823303
CUS05988,2025-08-31,0,0.7311525344848633
CUS04096,2025-08-31,1,0.7308856248855591
CUS00637,2025-08-31,1,0.7307958006858826
CUS05197,2025-07-31,1,0.7307828664779663
CUS05794,2025-08-31,1,0.7307543158531189
CUS03984,2025-08-31,1,0.7306413054466248
CUS02990,2025-08-31,1,0.7305018901824951
CUS07810,2025-07-31,1,0.7303988933563232
CUS00956,2025-09-30,1,0.7303758263587952
CUS04555,2025-09-30,1,0.7303183078765869
CUS06848,2025-08-31,1,0.7298033833503723
CUS00523,2025-08-31,1,0.7296801805496216
CUS00111,2025-07-31,1,0.7294132113456726
CUS07838,2025-07-31,0,0.7291533946990967
CUS05892,2025-09-30,1,0.7290108799934387
CUS03345,2025-08-31,0,0.7289757132530212
CUS07732,2025-07-31,0,0.7287548184394836
CUS00833,2025-08-31,0,0.7287548184394836
CUS05092,2025-09-30,0,0.7287548184394836
CUS05009,2025-07-31,1,0.7287548184394836
CUS07374,2025-07-31,0,0.7285691499710083
CUS07573,2025-09-30,1,0.7285049557685852
CUS03514,2025-08-31,0,0.7284080386161804
CUS07510,2025-08-31,1,0.7282348871231079
CUS01773,2025-08-31,0,0.7281005382537842
CUS07347,2025-07-31,1,0.7281005382537842
CUS03789,2025-07-31,1,0.7281005382537842
CUS01447,2025-07-31,1,0.7280599474906921
CUS05744,2025-07-31,0,0.7279265522956848
CUS02546,2025-09-30,1,0.7279056906700134
CUS02017,2025-09-30,1,0.7278723120689392
CUS06973,2025-09-30,1,0.7278172373771667
CUS03331,2025-09-30,0,0.7275987267494202
CUS04371,2025-09-30,0,0.7275987267494202
CUS00217,2025-08-31,1,0.7275062799453735
CUS06687,2025-07-31,0,0.7273837924003601
CUS02198,2025-09-30,1,0.7273505330085754
CUS04015,2025-08-31,1,0.7272906303405762
CUS07861,2025-07-31,1,0.7272906303405762
CUS00470,2025-07-31,1,0.7272740006446838
CUS04558,2025-07-31,1,0.7272158861160278
CUS06899,2025-09-30,1,0.727142870426178
CUS03699,2025-09-30,0,0.7269961833953857
CUS02287,2025-09-30,0,0.7269079089164734
CUS07867,2025-09-30,0,0.7269079089164734
CUS06141,2025-08-31,1,0.7268258333206177
CUS03168,2025-09-30,1,0.7268258333206177
CUS06122,2025-08-31,0,0.7268258333206177
CUS02688,2025-09-30,0,0.7268258333206177
CUS02218,2025-07-31,1,0.7268258333206177
CUS02573,2025-08-31,1,0.7266520857810974
CUS03393,2025-09-30,1,0.7266343235969543
CUS07635,2025-08-31,0,0.7266340851783752
CUS04138,2025-08-31,1,0.7264925837516785
CUS04019,2025-08-31,1,0.7264813780784607
CUS05849,2025-07-31,0,0.7263895273208618
CUS01269,2025-07-31,0,0.7263644933700562
CUS00713,2025-09-30,1,0.7262705564498901
CUS05296,2025-08-31,1,0.7262705564498901
CUS00149,2025-07-31,0,0.7262377738952637
CUS04097,2025-07-31,0,0.7260357141494751
CUS04153,2025-09-30,0,0.7260147929191589
CUS06308,2025-08-31,0,0.7260003685951233
CUS05679,2025-09-30,0,0.725860595703125
CUS00703,2025-07-31,1,0.7258021831512451
CUS02528,2025-07-31,0,0.7257817387580872
CUS05690,2025-07-31,1,0.7257817387580872
CUS06189,2025-08-31,1,0.7257817387580872
CUS00807,2025-09-30,1,0.7257817387580872
CUS01118,2025-07-31,1,0.7257576584815979
CUS06346,2025-07-31,0,0.7255768775939941
CUS02789,2025-07-31,0,0.725558340549469
CUS06873,2025-07-31,1,0.725558340549469
CUS05042,2025-07-31,0,0.725558340549469
CUS07532,2025-07-31,1,0.725558340549469
CUS04473,2025-07-31,1,0.7253809571266174
CUS06712,2025-07-31,1,0.7253809571266174
CUS02204,2025-08-31,0,0.7253809571266174
CUS07216,2025-09-30,0,0.7253809571266174
CUS04737,2025-08-31,0,0.7253809571266174
CUS04007,2025-07-31,1,0.7253809571266174
CUS00209,2025-09-30,1,0.7253809571266174
CUS06767,2025-08-31,0,0.7253809571266174
CUS03652,2025-07-31,1,0.7253809571266174
CUS05201,2025-07-31,1,0.7253809571266174
CUS03639,2025-09-30,1,0.7253809571266174
CUS05031,2025-09-30,0,0.725371241569519
CUS00273,2025-07-31,0,0.725371241569519
CUS06460,2025-09-30,0,0.725371241569519
CUS00178,2025-09-30,0,0.7253472805023193
CUS06666,2025-07-31,0,0.7252614498138428
CUS05873,2025-08-31,1,0.7252614498138428
CUS05681,2025-09-30,1,0.7252614498138428
CUS06424,2025-08-31,0,0.7252506017684937
CUS03274,2025-07-31,0,0.7252492308616638
CUS01771,2025-08-31,1,0.7252492308616638
CUS07429,2025-08-31,1,0.7252465486526489
CUS05159,2025-07-31,1,0.7249025702476501
CUS03038,2025-08-31,1,0.7249025702476501
CUS01549,2025-08-31,1,0.7249025702476501
CUS00806,2025-07-31,1,0.7249025702476501
CUS05318,2025-07-31,0,0.7248640656471252
CUS03878,2025-07-31,1,0.7247214913368225
CUS00654,2025-07-31,0,0.7247214913368225
CUS00183,2025-08-31,1,0.7247214913368225
CUS06065,2025-09-30,1,0.7245912551879883
CUS01364,2025-09-30,0,0.7245452404022217
CUS06414,2025-09-30,1,0.7244575023651123
CUS02328,2025-07-31,1,0.7244442701339722
CUS07802,2025-07-31,1,0.7244442701339722
CUS03296,2025-09-30,1,0.7244442701339722
CUS01148,2025-07-31,0,0.7244442701339722
CUS04301,2025-08-31,1,0.7244442701339722
CUS03847,2025-07-31,1,0.7244442701339722
CUS00310,2025-07-31,0,0.7244442701339722
CUS00559,2025-08-31,0,0.7240238189697266
CUS03014,2025-09-30,1,0.7240238189697266
CUS01088,2025-08-31,1,0.7240238189697266
CUS00524,2025-07-31,1,0.7239407896995544
CUS04433,2025-07-31,1,0.7239407896995544
CUS04182,2025-08-31,1,0.723884642124176
CUS05073,2025-09-30,0,0.7237834334373474
CUS06483,2025-09-30,1,0.7237834334373474
CUS02949,2025-07-31,0,0.7237834334373474
CUS04298,2025-08-31,0,0.723701536655426
CUS00808,2025-09-30,0,0.723662793636322
CUS07673,2025-09-30,1,0.7232705950737
CUS07717,2025-08-31,0,0.7229688763618469
CUS06621,2025-07-31,0,0.7229688763618469
CUS01641,2025-07-31,1,0.7228988409042358
CUS05932,2025-09-30,1,0.7228707075119019
CUS04002,2025-09-30,1,0.7228654623031616
CUS04385,2025-08-31,1,0.7228099703788757
CUS01258,2025-07-31,1,0.7227621674537659
CUS00930,2025-07-31,0,0.7226812243461609
CUS03776,2025-07-31,0,0.7226812243461609
CUS01345,2025-07-31,0,0.7226812243461609
CUS01674,2025-07-31,1,0.7226812243461609
CUS05129,2025-07-31,0,0.7226812243461609
CUS01867,2025-07-31,1,0.7226812243461609
CUS02872,2025-08-31,1,0.7226812243461609
CUS03241,2025-08-31,1,0.7226812243461609
CUS00907,2025-09-30,1,0.7226812243461609
CUS02764,2025-07-31,1,0.7226812243461609
CUS05678,2025-07-31,1,0.7226812243461609
CUS06716,2025-08-31,1,0.7226812243461609
CUS07742,2025-07-31,1,0.7226495146751404
CUS06927,2025-09-30,0,0.7225714921951294
CUS00103,2025-07-31,1,0.7225345373153687
CUS04381,2025-09-30,0,0.7225345373153687
CUS03894,2025-08-31,0,0.7225345373153687
CUS01362,2025-09-30,0,0.7225185632705688
CUS02275,2025-08-31,0,0.7225185632705688
CUS04556,2025-08-31,0,0.7224376201629639
CUS05688,2025-07-31,1,0.7220408916473389
CUS03406,2025-07-31,0,0.7220391631126404
CUS01641,2025-08-31,1,0.7219977378845215
CUS07376,2025-08-31,0,0.7219367623329163
CUS06346,2025-08-31,0,0.7218554019927979
CUS01790,2025-08-31,1,0.7217320203781128
CUS05615,2025-07-31,1,0.7217320203781128
CUS04402,2025-07-31,1,0.7217320203781128
CUS01962,2025-07-31,1,0.7217320203781128
CUS03432,2025-09-30,1,0.7217320203781128
CUS01704,2025-07-31,1,0.7217320203781128
CUS04979,2025-07-31,1,0.7216847538948059
CUS00080,2025-07-31,1,0.7215319871902466
CUS07089,2025-08-31,0,0.7215319871902466
CUS07985,2025-07-31,0,0.7213699817657471
CUS01745,2025-07-31,1,0.7213408350944519
CUS06389,2025-08-31,0,0.7213408350944519
CUS07376,2025-09-30,0,0.721218466758728
CUS03334,2025-07-31,0,0.720866858959198
CUS06511,2025-09-30,0,0.720839262008667
CUS05581,2025-08-31,1,0.7207046151161194
CUS00130,2025-08-31,0,0.7203426957130432
CUS03207,2025-09-30,1,0.7201842665672302
CUS02159,2025-08-31,1,0.7198854088783264
CUS07359,2025-09-30,1,0.7198854088783264
CUS04244,2025-08-31,1,0.7198854088783264
CUS04070,2025-08-31,0,0.7198854088783264
CUS05730,2025-07-31,1,0.7198854088783264
CUS07083,2025-07-31,0,0.7198854088783264
CUS05203,2025-08-31,1,0.7198854088783264
CUS02494,2025-08-31,1,0.7198854088783264
CUS01517,2025-07-31,0,0.7198854088783264
CUS07616,2025-08-31,0,0.7198854088783264
CUS07553,2025-08-31,1,0.7198854088783264
CUS02626,2025-07-31,0,0.7198854088783264
CUS07428,2025-09-30,0,0.7197272777557373
CUS00337,2025-09-30,0,0.7197197079658508
CUS05850,2025-07-31,1,0.7196636199951172
CUS04073,2025-08-31,1,0.7194972634315491
CUS03338,2025-08-31,0,0.7194154262542725
CUS06714,2025-09-30,1,0.7194154262542725
CUS03899,2025-09-30,1,0.7194154262542725
CUS06740,2025-09-30,1,0.7193478941917419
CUS03960,2025-08-31,0,0.719170331954956
CUS07804,2025-07-31,0,0.7187021374702454
CUS06396,2025-07-31,0,0.718524158000946
CUS02544,2025-07-31,1,0.718524158000946
CUS05821,2025-07-31,1,0.718524158000946
CUS00097,2025-08-31,0,0.7185238003730774
CUS01039,2025-07-31,1,0.7184284925460815
CUS05865,2025-09-30,1,0.7183111906051636
CUS02177,2025-09-30,0,0.7183111906051636
CUS06758,2025-08-31,1,0.7183111906051636
CUS07739,2025-07-31,1,0.7183111906051636
CUS03970,2025-09-30,1,0.7183111906051636
CUS07577,2025-07-31,0,0.7183111906051636
CUS00673,2025-09-30,1,0.7183111906051636
CUS07951,2025-08-31,0,0.7183111906051636
CUS06111,2025-07-31,1,0.7183111906051636
CUS00385,2025-09-30,1,0.7183111906051636
CUS05209,2025-07-31,1,0.7183111906051636
CUS03579,2025-09-30,0,0.7183111906051636
CUS06664,2025-09-30,0,0.7183111906051636
CUS00407,2025-08-31,1,0.7180283069610596
CUS04241,2025-07-31,1,0.7179847359657288
CUS00803,2025-07-31,0,0.7179349660873413
CUS04608,2025-08-31,1,0.7178899645805359
CUS04941,2025-09-30,1,0.7178899645805359
CUS04826,2025-09-30,1,0.7178899645805359
CUS02414,2025-09-30,1,0.7177755236625671
CUS02272,2025-08-31,0,0.7177216410636902
CUS02039,2025-08-31,1,0.7175962328910828
CUS03913,2025-08-31,1,0.7175444960594177
CUS06181,2025-07-31,1,0.7174875736236572
CUS02690,2025-07-31,1,0.7170974016189575
CUS07852,2025-08-31,1,0.7169989943504333
CUS07934,2025-08-31,1,0.7168592810630798
CUS05679,2025-08-31,0,0.7166244983673096
CUS02039,2025-09-30,1,0.7161438465118408
CUS06260,2025-09-30,1,0.7161202430725098
CUS01465,2025-09-30,0,0.7158566117286682
CUS04667,2025-08-31,0,0.7158566117286682
CUS04636,2025-08-31,1,0.7158566117286682
CUS00347,2025-09-30,1,0.7158566117286682
CUS04432,2025-09-30,0,0.7158566117286682
CUS05359,2025-07-31,0,0.7157019972801208
CUS02773,2025-08-31,0,0.715668261051178
CUS02704,2025-09-30,1,0.7152759432792664
CUS03200,2025-08-31,1,0.7152348160743713
CUS05562,2025-07-31,1,0.715145468711853
CUS04394,2025-09-30,0,0.7150495648384094
CUS06511,2025-08-31,0,0.7150385975837708
CUS06265,2025-07-31,1,0.7150167226791382
CUS02680,2025-07-31,1,0.7150167226791382
CUS07540,2025-07-31,0,0.7150167226791382
CUS06655,2025-07-31,1,0.7148589491844177
CUS06190,2025-09-30,0,0.7147663831710815
CUS07783,2025-07-31,1,0.7147663831710815
CUS02375,2025-09-30,1,0.7147663831710815
CUS04968,2025-09-30,0,0.7147663831710815
CUS04195,2025-08-31,1,0.7147663831710815
CUS04640,2025-09-30,1,0.7145677208900452
CUS03507,2025-09-30,0,0.7145296335220337
CUS03676,2025-07-31,1,0.7144841551780701
CUS01037,2025-09-30,1,0.7143422961235046
CUS00875,2025-08-31,0,0.7142491340637207
CUS07219,2025-08-31,0,0.7142491340637207
CUS04745,2025-09-30,1,0.7139381170272827
CUS03205,2025-09-30,1,0.7138509154319763
CUS06709,2025-07-31,1,0.7135335803031921
CUS02024,2025-07-31,1,0.7135335803031921
CUS07934,2025-09-30,1,0.7134773135185242
CUS06521,2025-08-31,1,0.7134657502174377
CUS00224,2025-09-30,0,0.7134657502174377
CUS04034,2025-09-30,1,0.7134657502174377
CUS07178,2025-08-31,0,0.7134280800819397
CUS06828,2025-07-31,0,0.7134280800819397
CUS05296,2025-07-31,1,0.7132470011711121
CUS07953,2025-09-30,0,0.7132009863853455
CUS06332,2025-07-31,1,0.7131690382957458
CUS05046,2025-08-31,1,0.7130522727966309
CUS05030,2025-08-31,1,0.7130126357078552
CUS03619,2025-07-31,0,0.7130126357078552
CUS04534,2025-07-31,1,0.7130126357078552
CUS00315,2025-07-31,0,0.7130126357078552
CUS05805,2025-08-31,0,0.7129852771759033
CUS02420,2025-08-31,0,0.7129530310630798
CUS04640,2025-08-31,1,0.7127227783203125
CUS03499,2025-08-31,1,0.7127123475074768
CUS05240,2025-09-30,1,0.7125925421714783
CUS06862,2025-07-31,1,0.7125044465065002
CUS02660,2025-07-31,0,0.7124892473220825
CUS05735,2025-08-31,1,0.7123352885246277
CUS07117,2025-08-31,1,0.7122788429260254
CUS03822,2025-08-31,0,0.7121414542198181
CUS06360,2025-07-31,1,0.7120758891105652
CUS04093,2025-08-31,1,0.7120541334152222
CUS06518,2025-07-31,1,0.7120541334152222
CUS00586,2025-07-31,0,0.7120541334152222
CUS07243,2025-09-30,1,0.711794912815094
CUS00977,2025-09-30,1,0.7117639780044556
CUS00115,2025-09-30,1,0.7115653157234192
CUS04073,2025-09-30,1,0.7114260196685791
CUS06532,2025-07-31,1,0.7112410664558411
CUS05994,2025-07-31,1,0.7112410664558411
CUS02797,2025-07-31,1,0.7112410664558411
CUS01127,2025-07-31,1,0.7112154364585876
CUS02576,2025-09-30,0,0.7112021446228027
CUS00364,2025-09-30,1,0.7111371159553528
CUS04645,2025-09-30,1,0.7110769152641296
CUS07172,2025-08-31,1,0.7109546065330505
CUS03889,2025-08-31,1,0.7109431624412537
CUS02120,2025-07-31,0,0.7109431624412537
CUS04378,2025-08-31,1,0.7109431624412537
CUS01641,2025-09-30,1,0.7108367681503296
CUS04640,2025-07-31,1,0.7107447981834412
CUS06643,2025-09-30,1,0.7107274532318115
CUS04348,2025-07-31,1,0.7106955051422119
CUS01606,2025-09-30,1,0.7106955051422119
CUS01658,2025-07-31,1,0.7105669975280762
CUS02558,2025-07-31,1,0.7105563879013062
CUS03073,2025-07-31,1,0.7105451822280884
CUS05358,2025-08-31,1,0.7100948691368103
CUS02688,2025-08-31,0,0.7100948691368103
CUS05985,2025-09-30,0,0.7097362875938416
CUS02943,2025-08-31,0,0.7096012234687805
CUS01488,2025-07-31,1,0.709600567817688
CUS03145,2025-08-31,1,0.7092759013175964
CUS00932,2025-07-31,0,0.7092243432998657
CUS06393,2025-08-31,1,0.709174633026123
CUS07464,2025-09-30,0,0.7091167569160461
CUS03175,2025-09-30,1,0.7089920043945312
CUS06752,2025-08-31,1,0.7089920043945312
CUS02177,2025-08-31,0,0.7089905738830566
CUS07641,2025-08-31,0,0.7089126706123352
CUS06296,2025-08-31,0,0.708890974521637
CUS02057,2025-09-30,0,0.708890974521637
CUS04952,2025-09-30,0,0.7088232040405273
CUS00713,2025-08-31,1,0.7088115215301514
CUS03662,2025-07-31,0,0.7087425589561462
CUS06181,2025-08-31,1,0.7086744904518127
CUS03419,2025-09-30,1,0.708452582359314
CUS07852,2025-09-30,1,0.7083519101142883
CUS03181,2025-07-31,1,0.7083317041397095
CUS04583,2025-08-31,0,0.7081550359725952
CUS07857,2025-09-30,0,0.7081289887428284
CUS06376,2025-07-31,0,0.7081140279769897
CUS06027,2025-09-30,1,0.7080592513084412
CUS02237,2025-07-31,1,0.7080592513084412
CUS07375,2025-08-31,1,0.7079975605010986
CUS02514,2025-09-30,0,0.7079975605010986
CUS00582,2025-07-31,1,0.7079655528068542
CUS04501,2025-09-30,1,0.7079625129699707
CUS05715,2025-09-30,1,0.7074920535087585
CUS03259,2025-09-30,0,0.7074517607688904
CUS06655,2025-08-31,1,0.7074177265167236
CUS07742,2025-08-31,1,0.707140326499939
CUS04709,2025-07-31,1,0.7067887783050537
CUS00764,2025-07-31,0,0.7067669630050659
CUS05993,2025-09-30,1,0.7067669630050659
CUS03835,2025-08-31,1,0.7066823840141296
CUS03106,2025-09-30,1,0.7066823840141296
CUS06912,2025-08-31,0,0.7065674066543579
CUS07073,2025-07-31,1,0.70654296875
CUS02530,2025-09-30,0,0.7064599394798279
CUS07999,2025-08-31,1,0.7064599394798279
CUS05907,2025-09-30,1,0.7064599394798279
CUS00637,2025-07-31,1,0.7064353227615356
CUS07934,2025-07-31,0,0.7063409090042114
CUS03227,2025-08-31,1,0.7061620950698853
CUS07172,2025-09-30,1,0.7059835195541382
CUS07369,2025-07-31,0,0.7059317827224731
CUS05686,2025-09-30,1,0.7059317827224731
CUS06453,2025-08-31,1,0.7058123350143433
CUS05702,2025-07-31,0,0.7058123350143433
CUS01407,2025-09-30,1,0.7058123350143433
CUS03100,2025-09-30,0,0.7057229280471802
CUS03168,2025-08-31,1,0.7056307792663574
CUS03217,2025-07-31,0,0.7056188583374023
CUS02203,2025-07-31,1,0.7054967880249023
CUS04976,2025-09-30,1,0.7054967880249023
CUS00269,2025-08-31,1,0.7054130434989929
CUS04634,2025-07-31,1,0.7052593231201172
CUS03186,2025-09-30,0,0.7051869630813599
CUS01527,2025-09-30,0,0.7051869630813599
CUS03125,2025-09-30,1,0.7051869630813599
CUS00098,2025-09-30,1,0.7051869630813599
CUS03159,2025-07-31,1,0.7051869630813599
CUS04559,2025-07-31,1,0.7051869630813599
CUS07472,2025-09-30,1,0.7051869630813599
CUS06268,2025-08-31,0,0.7051869630813599
CUS06450,2025-08-31,1,0.7051869630813599
CUS07784,2025-09-30,1,0.7051869630813599
CUS04730,2025-09-30,0,0.7051869630813599
CUS01561,2025-07-31,1,0.7051869630813599
CUS00809,2025-09-30,1,0.7051869630813599
CUS07140,2025-09-30,1,0.7051869630813599
CUS04672,2025-09-30,1,0.7051869630813599
CUS02994,2025-08-31,1,0.7051869630813599
CUS06243,2025-08-31,0,0.7051869630813599
CUS04982,2025-09-30,0,0.7051869630813599
CUS00175,2025-08-31,0,0.7051869630813599
CUS04711,2025-08-31,1,0.7051869630813599
CUS07135,2025-07-31,1,0.7051869630813599
CUS04041,2025-07-31,1,0.7051869630813599
CUS05249,2025-08-31,0,0.7051869630813599
CUS00343,2025-09-30,0,0.7051869630813599
CUS06241,2025-09-30,1,0.7051869630813599
CUS04762,2025-07-31,1,0.7051869630813599
CUS04442,2025-09-30,0,0.7051869630813599
CUS05961,2025-08-31,0,0.7051869630813599
CUS03842,2025-09-30,0,0.7051869630813599
CUS04934,2025-07-31,1,0.7051869630813599
CUS06867,2025-07-31,1,0.7051869630813599
CUS06629,2025-07-31,1,0.7051869630813599
CUS01070,2025-08-31,1,0.7051869630813599
CUS00067,2025-09-30,1,0.7051869630813599
CUS03524,2025-08-31,0,0.7051869630813599
CUS07145,2025-09-30,1,0.7051869630813599
CUS02116,2025-08-31,1,0.7051869630813599
CUS07703,2025-07-31,0,0.7051869630813599
CUS00376,2025-07-31,1,0.7051869630813599
CUS07214,2025-09-30,1,0.7051869630813599
CUS01511,2025-08-31,1,0.7051413059234619
CUS04508,2025-07-31,1,0.7049852609634399
CUS01620,2025-08-31,1,0.704598069190979
CUS04583,2025-09-30,0,0.7045347690582275
CUS05873,2025-07-31,1,0.7045192122459412
CUS05335,2025-09-30,1,0.7045130729675293
CUS03034,2025-09-30,1,0.7045130729675293
CUS02571,2025-09-30,1,0.7045130729675293
CUS02915,2025-09-30,1,0.7045130729675293
CUS03814,2025-09-30,1,0.7044987678527832
CUS07071,2025-07-31,1,0.7044987678527832
CUS05566,2025-09-30,1,0.7044987678527832
CUS00400,2025-09-30,1,0.7044987678527832
CUS00855,2025-09-30,0,0.7044987678527832
CUS05535,2025-08-31,0,0.7044987678527832
CUS01706,2025-09-30,1,0.7044987678527832
CUS00571,2025-09-30,1,0.7044987678527832
CUS07110,2025-08-31,0,0.7044987678527832
CUS04256,2025-07-31,0,0.7044987678527832
CUS07909,2025-08-31,1,0.7043976187705994
CUS01692,2025-08-31,1,0.7041754722595215
CUS03200,2025-07-31,1,0.7041739821434021
CUS07775,2025-09-30,1,0.704031229019165
CUS07511,2025-09-30,1,0.7038144469261169
CUS00387,2025-07-31,1,0.7037438154220581
CUS07803,2025-09-30,1,0.7036970257759094
CUS05194,2025-08-31,1,0.7036970257759094
CUS07682,2025-09-30,1,0.7036970257759094
CUS04799,2025-07-31,1,0.7036346793174744
CUS07881,2025-09-30,0,0.7035685777664185
CUS02017,2025-08-31,1,0.7035146355628967
CUS04047,2025-08-31,0,0.7034938931465149
CUS07619,2025-07-31,1,0.7034363150596619
CUS04076,2025-08-31,0,0.7034363150596619
CUS01546,2025-08-31,0,0.7034363150596619
CUS06838,2025-09-30,1,0.7034363150596619
CUS01762,2025-07-31,1,0.7034363150596619
CUS00475,2025-07-31,1,0.7033284306526184
CUS06119,2025-09-30,0,0.7033284306526184
CUS04450,2025-07-31,1,0.703149139881134
CUS06122,2025-07-31,1,0.7031459808349609
CUS04993,2025-07-31,1,0.7030701041221619
CUS01229,2025-09-30,0,0.7030465006828308
CUS01199,2025-08-31,0,0.7029479742050171
CUS03013,2025-09-30,1,0.70294588804245
CUS05522,2025-09-30,1,0.70294588804245
CUS03757,2025-09-30,1,0.70294588804245
CUS04665,2025-08-31,1,0.70294588804245
CUS03234,2025-07-31,1,0.70294588804245
CUS01776,2025-07-31,1,0.70294588804245
CUS06252,2025-07-31,0,0.70294588804245
CUS05272,2025-07-31,1,0.7029231786727905
CUS07156,2025-07-31,1,0.7028361558914185
CUS02306,2025-08-31,1,0.7027859687805176
CUS06992,2025-08-31,1,0.7027859687805176
CUS00962,2025-08-31,1,0.7026136517524719
CUS00123,2025-09-30,1,0.7024558782577515
CUS03583,2025-07-31,1,0.702415943145752
CUS05326,2025-09-30,1,0.7024093866348267
CUS07437,2025-09-30,0,0.7023374438285828
CUS07494,2025-07-31,0,0.7021640539169312
CUS01693,2025-08-31,1,0.702131450176239
CUS07362,2025-08-31,1,0.7020593285560608
CUS01846,2025-08-31,0,0.7020593285560608
CUS07745,2025-07-31,0,0.7020420432090759
CUS00526,2025-09-30,0,0.7019621133804321
CUS01692,2025-09-30,1,0.7018652558326721
CUS06825,2025-08-31,0,0.701672375202179
CUS07370,2025-09-30,0,0.701672375202179
CUS01667,2025-09-30,1,0.701672375202179
CUS00615,2025-08-31,0,0.70158851146698
CUS07702,2025-09-30,1,0.7014572620391846
CUS04544,2025-09-30,1,0.7013879418373108
CUS06141,2025-07-31,1,0.7012094855308533
CUS00443,2025-07-31,0,0.700858473777771
CUS06425,2025-09-30,1,0.7007970213890076
CUS00962,2025-09-30,0,0.7007019519805908
CUS00744,2025-07-31,1,0.7006521224975586
CUS00426,2025-09-30,0,0.7005729675292969
CUS01565,2025-07-31,0,0.7003052830696106
CUS03275,2025-09-30,1,0.7002815008163452
CUS07490,2025-07-31,0,0.7002051472663879
CUS07226,2025-07-31,0,0.6999491453170776
CUS03254,2025-08-31,1,0.6999431848526001
CUS07066,2025-07-31,0,0.6998931169509888
CUS02321,2025-09-30,0,0.6998931169509888
CUS03587,2025-09-30,1,0.6998931169509888
CUS00377,2025-09-30,1,0.6998931169509888
CUS00532,2025-09-30,1,0.6998931169509888
CUS05924,2025-08-31,1,0.6998931169509888
CUS02363,2025-09-30,1,0.6998931169509888
CUS04369,2025-07-31,1,0.6998931169509888
CUS06193,2025-08-31,0,0.6998931169509888
CUS07353,2025-07-31,1,0.6998931169509888
CUS03565,2025-09-30,1,0.6998822093009949
CUS01190,2025-08-31,1,0.6997347474098206
CUS06686,2025-07-31,1,0.6997157335281372
CUS00407,2025-07-31,1,0.6995548009872437
CUS06758,2025-07-31,1,0.6994965076446533
CUS02708,2025-09-30,0,0.6994965076446533
CUS07951,2025-07-31,1,0.6994965076446533
CUS00337,2025-08-31,0,0.6993457078933716
CUS00735,2025-09-30,1,0.6990568041801453
CUS00012,2025-08-31,1,0.6990433931350708
CUS03381,2025-09-30,0,0.6989718675613403
CUS07885,2025-08-31,1,0.6988268494606018
CUS01577,2025-09-30,1,0.6988115310668945
CUS05176,2025-09-30,0,0.6988100409507751
CUS00523,2025-07-31,1,0.6986523866653442
CUS00217,2025-09-30,1,0.6985439658164978
CUS06529,2025-08-31,1,0.6984546780586243
CUS00008,2025-08-31,0,0.6984546780586243
CUS07068,2025-08-31,1,0.6984546780586243
CUS07002,2025-07-31,0,0.6984413266181946
CUS00182,2025-07-31,0,0.6982773542404175
CUS02839,2025-09-30,1,0.698204517364502
CUS07866,2025-09-30,0,0.6980616450309753
CUS04247,2025-08-31,0,0.6980484127998352
CUS00794,2025-08-31,0,0.6979727149009705
CUS04015,2025-07-31,1,0.6977991461753845
CUS05603,2025-07-31,1,0.6976047158241272
CUS05702,2025-09-30,0,0.6973849534988403
CUS02187,2025-09-30,1,0.6973748803138733
CUS01535,2025-09-30,1,0.6973748803138733
CUS03579,2025-08-31,0,0.6973748803138733
CUS05808,2025-09-30,0,0.6973748803138733
CUS05865,2025-08-31,1,0.6973748803138733
CUS05997,2025-07-31,1,0.6973748803138733
CUS04234,2025-07-31,1,0.6973748803138733
CUS07158,2025-08-31,1,0.6973748803138733
CUS06664,2025-08-31,0,0.6973748803138733
CUS07907,2025-09-30,1,0.6973748803138733
CUS01722,2025-07-31,1,0.6973748803138733
CUS00539,2025-09-30,1,0.6973748803138733
CUS06263,2025-09-30,1,0.6973748803138733
CUS06822,2025-09-30,0,0.6973748803138733
CUS04774,2025-09-30,0,0.6973748803138733
CUS07289,2025-09-30,0,0.6973748803138733
CUS06570,2025-08-31,0,0.6972855925559998
CUS01481,2025-08-31,1,0.6972416639328003
CUS01338,2025-08-31,0,0.6970487236976624
CUS01182,2025-07-31,1,0.6969082355499268
CUS00012,2025-07-31,1,0.6967962384223938
CUS03227,2025-07-31,1,0.6966856122016907
CUS06129,2025-09-30,0,0.6965884566307068
CUS02452,2025-08-31,1,0.696388840675354
CUS03275,2025-08-31,1,0.6963249444961548
CUS00303,2025-07-31,1,0.6962935328483582
CUS02198,2025-08-31,1,0.6962764859199524
CUS03291,2025-07-31,1,0.6957342028617859
CUS03583,2025-08-31,1,0.6957011222839355
CUS02453,2025-07-31,1,0.6955935955047607
CUS06848,2025-07-31,1,0.6952119469642639
CUS03604,2025-07-31,0,0.6952119469642639
CUS03699,2025-08-31,0,0.6949728727340698
CUS02072,2025-07-31,0,0.6949023008346558
CUS06128,2025-08-31,1,0.6948826313018799
CUS07799,2025-09-30,1,0.6948826313018799
CUS05369,2025-08-31,1,0.6948826313018799
CUS01216,2025-07-31,1,0.6948826313018799
CUS05405,2025-08-31,0,0.6948826313018799
CUS01519,2025-09-30,1,0.6948117613792419
CUS03424,2025-08-31,0,0.6946653127670288
CUS02205,2025-08-31,0,0.6946653127670288
CUS01208,2025-07-31,1,0.6946653127670288
CUS04952,2025-07-31,0,0.6946653127670288
CUS00807,2025-08-31,1,0.694462239742279
CUS07635,2025-07-31,0,0.6943824887275696
CUS00650,2025-09-30,0,0.6942657828330994
CUS02756,2025-08-31,0,0.6942657828330994
CUS02404,2025-07-31,1,0.6942657828330994
CUS07335,2025-07-31,0,0.6942657828330994
CUS05660,2025-09-30,0,0.6942657828330994
CUS03669,2025-09-30,1,0.694123387336731
CUS05829,2025-07-31,1,0.6939513683319092
CUS07106,2025-09-30,1,0.6939350366592407
CUS03251,2025-07-31,1,0.6938952207565308
CUS07342,2025-08-31,0,0.6938835382461548
CUS07909,2025-07-31,1,0.693816065788269
CUS01420,2025-08-31,0,0.6937863230705261
CUS05467,2025-09-30,0,0.6937465071678162
CUS04426,2025-09-30,1,0.6937465071678162
CUS02863,2025-09-30,1,0.693723738193512
CUS05636,2025-07-31,1,0.6934508085250854
CUS04767,2025-08-31,1,0.6934508085250854
CUS01414,2025-08-31,1,0.6934508085250854
CUS00269,2025-09-30,1,0.6933907866477966
CUS00381,2025-09-30,1,0.6931830048561096
CUS05173,2025-08-31,0,0.6931607127189636
CUS07852,2025-07-31,1,0.6929293274879456
CUS01299,2025-09-30,0,0.6927996277809143
CUS06980,2025-09-30,0,0.6927996277809143
CUS03337,2025-09-30,1,0.6927996277809143
CUS03970,2025-08-31,1,0.6927996277809143
CUS00673,2025-08-31,1,0.6927996277809143
CUS00385,2025-08-31,1,0.6927996277809143
CUS00026,2025-09-30,1,0.6927996277809143
CUS03697,2025-07-31,1,0.6927666664123535
CUS01006,2025-07-31,1,0.6927666664123535
CUS01058,2025-07-31,1,0.6927666664123535
CUS06421,2025-08-31,1,0.6927666664123535
CUS01460,2025-08-31,0,0.6927666664123535
CUS03497,2025-08-31,0,0.6927666664123535
CUS02416,2025-09-30,1,0.6927666664123535
CUS03786,2025-09-30,1,0.6927666664123535
CUS04959,2025-08-31,1,0.6927666664123535
CUS06479,2025-09-30,1,0.6927666664123535
CUS04902,2025-08-31,1,0.6927666664123535
CUS03987,2025-09-30,0,0.6927666664123535
CUS00367,2025-08-31,1,0.6927666664123535
CUS06702,2025-08-31,1,0.6927666664123535
CUS06678,2025-08-31,1,0.6927666664123535
CUS00971,2025-07-31,1,0.6927666664123535
CUS05947,2025-08-31,1,0.6927666664123535
CUS04337,2025-09-30,1,0.6927666664123535
CUS07355,2025-09-30,1,0.6927666664123535
CUS05495,2025-08-31,1,0.6927666664123535
CUS05558,2025-09-30,0,0.6927472352981567
CUS00194,2025-09-30,1,0.6926950812339783
CUS04272,2025-08-31,0,0.6926950812339783
CUS06378,2025-07-31,0,0.6926950812339783
CUS00886,2025-08-31,1,0.6926950812339783
CUS04405,2025-09-30,1,0.6926882266998291
CUS01552,2025-07-31,0,0.6926519274711609
CUS02059,2025-09-30,1,0.6925590634346008
CUS06675,2025-07-31,0,0.6924446225166321
CUS02032,2025-08-31,1,0.6924183368682861
CUS01984,2025-09-30,1,0.6923781633377075
CUS05955,2025-09-30,1,0.6921696066856384
CUS05505,2025-08-31,0,0.6920311450958252
CUS06763,2025-08-31,1,0.692012369632721
CUS02962,2025-07-31,0,0.692012369632721
CUS02349,2025-09-30,1,0.692012369632721
CUS00126,2025-07-31,0,0.692012369632721
CUS01564,2025-09-30,0,0.692012369632721
CUS07266,2025-09-30,0,0.692012369632721
CUS07062,2025-08-31,0,0.6919496059417725
CUS07913,2025-07-31,1,0.6917798519134521
CUS02204,2025-07-31,1,0.6917620301246643
CUS06010,2025-09-30,0,0.6917620301246643
CUS03880,2025-09-30,1,0.6917620301246643
CUS01658,2025-08-31,0,0.6916057467460632
CUS05337,2025-09-30,1,0.6915138363838196
CUS01843,2025-09-30,0,0.6914918422698975
CUS01117,2025-08-31,1,0.6913769841194153
CUS05878,2025-07-31,1,0.691297173500061
CUS06703,2025-07-31,1,0.691297173500061
CUS06144,2025-09-30,0,0.691297173500061
CUS06364,2025-07-31,1,0.691297173500061
CUS02085,2025-09-30,1,0.691297173500061
CUS06919,2025-09-30,1,0.691297173500061
CUS07857,2025-08-31,1,0.6908184289932251
CUS06521,2025-07-31,1,0.6906237006187439
CUS01311,2025-07-31,0,0.6905879378318787
CUS03992,2025-07-31,1,0.6905879378318787
CUS02996,2025-09-30,0,0.6905879378318787
CUS03829,2025-08-31,1,0.6905879378318787
CUS01630,2025-07-31,0,0.6905879378318787
CUS03917,2025-07-31,1,0.6905879378318787
CUS01575,2025-09-30,1,0.6905879378318787
CUS03448,2025-09-30,1,0.690457284450531
CUS03965,2025-07-31,1,0.6904510855674744
CUS03965,2025-08-31,1,0.6900909543037415
CUS07700,2025-07-31,0,0.690002977848053
CUS00337,2025-07-31,0,0.6899175643920898
CUS07237,2025-09-30,0,0.6898515820503235
CUS02221,2025-07-31,0,0.6898059248924255
CUS01552,2025-08-31,0,0.6897866129875183
CUS03448,2025-08-31,1,0.6897781491279602
CUS00962,2025-07-31,1,0.6897643804550171
CUS07437,2025-08-31,0,0.6896671652793884
CUS07062,2025-09-30,0,0.6896155476570129
CUS06205,2025-08-31,1,0.6893722414970398
CUS07767,2025-08-31,0,0.6893722414970398
CUS06714,2025-08-31,1,0.6892383098602295
CUS02423,2025-08-31,0,0.6891450881958008
CUS04292,2025-09-30,1,0.6890721917152405
CUS03734,2025-08-31,1,0.6890071630477905
CUS03598,2025-07-31,0,0.6889817118644714
CUS03754,2025-09-30,1,0.688852071762085
CUS01455,2025-08-31,0,0.688714325428009
CUS06864,2025-07-31,0,0.6886962056159973
CUS04073,2025-07-31,0,0.6886962056159973
CUS03405,2025-07-31,0,0.6886153221130371
CUS04394,2025-08-31,0,0.6885436773300171
CUS06091,2025-07-31,0,0.6885436773300171
CUS04881,2025-09-30,0,0.6885355710983276
CUS05204,2025-07-31,1,0.6882848739624023
CUS05940,2025-08-31,1,0.6882848739624023
CUS05682,2025-07-31,1,0.6881360411643982
CUS01455,2025-07-31,0,0.6880581378936768
CUS04019,2025-07-31,1,0.6880404353141785
CUS07044,2025-09-30,1,0.6880404353141785
CUS01020,2025-07-31,0,0.6880389451980591
CUS05935,2025-09-30,0,0.6878564357757568
CUS07073,2025-08-31,1,0.6877087950706482
CUS05399,2025-09-30,0,0.6875983476638794
CUS06809,2025-07-31,0,0.6875747442245483
CUS03448,2025-07-31,1,0.6874805092811584
CUS04645,2025-08-31,1,0.6874221563339233
CUS01840,2025-07-31,0,0.6873879432678223
CUS06939,2025-08-31,1,0.6872700452804565
CUS02872,2025-07-31,1,0.687236487865448
CUS05688,2025-08-31,1,0.6872177124023438
CUS05012,2025-09-30,1,0.6871841549873352
CUS07216,2025-08-31,0,0.6871827840805054
CUS01606,2025-08-31,1,0.6871668100357056
CUS06547,2025-07-31,0,0.6871197819709778
CUS04093,2025-07-31,1,0.6870043873786926
CUS00221,2025-09-30,0,0.6868800520896912
CUS04630,2025-07-31,1,0.6867414116859436
CUS03639,2025-08-31,1,0.6861998438835144
CUS06767,2025-07-31,0,0.6861998438835144
CUS00183,2025-07-31,1,0.686146080493927
CUS04737,2025-07-31,0,0.6861301064491272
CUS00224,2025-08-31,0,0.6861301064491272
CUS01039,2025-09-30,1,0.6860247850418091
CUS07909,2025-09-30,1,0.6859848499298096
CUS04464,2025-09-30,1,0.6859452128410339
CUS01984,2025-08-31,1,0.685687780380249
CUS06231,2025-08-31,1,0.6856368184089661
CUS06189,2025-07-31,1,0.6856288313865662
CUS05681,2025-08-31,1,0.6856288313865662
CUS01177,2025-09-30,1,0.6856288313865662
CUS07350,2025-07-31,0,0.6854842901229858
CUS00462,2025-08-31,0,0.6854580044746399
CUS07480,2025-07-31,1,0.6854011416435242
CUS04672,2025-08-31,1,0.6853418946266174
CUS04370,2025-07-31,1,0.6852178573608398
CUS04693,2025-09-30,1,0.6851583123207092
CUS02704,2025-08-31,1,0.6850709915161133
CUS03014,2025-08-31,1,0.685019314289093
CUS04868,2025-08-31,0,0.685019314289093
CUS00559,2025-07-31,0,0.685019314289093
CUS03397,2025-07-31,0,0.6848393678665161
CUS02387,2025-08-31,0,0.6846904754638672
CUS02267,2025-08-31,1,0.6846904754638672
CUS04138,2025-07-31,1,0.6845881938934326
CUS02246,2025-07-31,1,0.6845384240150452
CUS04091,2025-09-30,1,0.6845107674598694
CUS07385,2025-07-31,0,0.6842062473297119
CUS04070,2025-07-31,0,0.6842062473297119
CUS02159,2025-07-31,1,0.6842062473297119
CUS03006,2025-08-31,1,0.6841639280319214
CUS01805,2025-09-30,0,0.684134840965271
CUS07791,2025-08-31,0,0.684134840965271
CUS00209,2025-08-31,1,0.684134840965271
CUS01106,2025-09-30,0,0.6840235590934753
CUS04998,2025-09-30,0,0.6839916706085205
CUS02186,2025-09-30,1,0.6837554574012756
CUS03086,2025-09-30,1,0.6837172508239746
CUS02013,2025-09-30,0,0.6835669279098511
CUS00100,2025-08-31,0,0.6832045316696167
CUS06069,2025-07-31,1,0.6832037568092346
CUS00414,2025-09-30,1,0.6831331849098206
CUS01699,2025-09-30,1,0.6831265091896057
CUS01039,2025-08-31,1,0.6830670237541199
CUS01799,2025-07-31,0,0.6830428242683411
CUS05378,2025-09-30,1,0.6829812526702881
CUS06231,2025-07-31,1,0.6829130053520203
CUS06261,2025-07-31,1,0.6828136444091797
CUS07510,2025-07-31,1,0.6827374696731567
CUS04488,2025-08-31,0,0.6826746463775635
CUS04763,2025-08-31,1,0.6826716661453247
CUS07899,2025-07-31,1,0.6826143264770508
CUS02820,2025-07-31,1,0.6825235486030579
CUS04417,2025-08-31,0,0.682494044303894
CUS06243,2025-07-31,1,0.6824208498001099
CUS06444,2025-07-31,0,0.6822636127471924
CUS07573,2025-08-31,1,0.6822636127471924
CUS04413,2025-09-30,0,0.682119607925415
CUS07784,2025-07-31,1,0.682119607925415
CUS05493,2025-09-30,1,0.6820731163024902
CUS04711,2025-07-31,1,0.6819027662277222
CUS01697,2025-09-30,1,0.6819027662277222
CUS04349,2025-09-30,0,0.6819027662277222
CUS00042,2025-07-31,0,0.6819027662277222
CUS03626,2025-07-31,0,0.6818486452102661
CUS07784,2025-08-31,1,0.6818486452102661
CUS02005,2025-09-30,0,0.6816684603691101
CUS00808,2025-07-31,0,0.6815907955169678
CUS07241,2025-08-31,1,0.681556224822998
CUS02990,2025-07-31,1,0.6815242767333984
CUS03175,2025-08-31,1,0.6815069913864136
CUS07241,2025-09-30,1,0.6814466714859009
CUS00340,2025-09-30,1,0.6814305186271667
CUS05250,2025-08-31,0,0.6814305186271667
CUS01926,2025-09-30,1,0.6813178658485413
CUS02689,2025-07-31,1,0.6812276244163513
CUS05038,2025-07-31,1,0.681215763092041
CUS04134,2025-09-30,1,0.6809859275817871
CUS05493,2025-08-31,1,0.6809694170951843
CUS05253,2025-09-30,1,0.6809289455413818
CUS06675,2025-08-31,1,0.6808168888092041
CUS05988,2025-07-31,0,0.6807898283004761
CUS00816,2025-09-30,0,0.6805997490882874
CUS01477,2025-09-30,0,0.6805997490882874
CUS00458,2025-09-30,0,0.6805997490882874
CUS07359,2025-08-31,1,0.6805997490882874
CUS06057,2025-07-31,0,0.6804437637329102
CUS06643,2025-08-31,1,0.6803628206253052
CUS04941,2025-08-31,1,0.6803628206253052
CUS02442,2025-09-30,0,0.6803628206253052
CUS00560,2025-07-31,0,0.67999267578125
CUS04669,2025-08-31,0,0.6799190044403076
CUS04156,2025-09-30,1,0.6799190044403076
CUS03546,2025-09-30,0,0.679885983467102
CUS05590,2025-09-30,0,0.67984539270401
CUS07902,2025-09-30,0,0.6798281669616699
CUS00433,2025-09-30,1,0.6798226833343506
CUS03842,2025-08-31,0,0.6798226833343506
CUS01695,2025-08-31,0,0.679668664932251
CUS04519,2025-09-30,0,0.6793493628501892
CUS04826,2025-08-31,1,0.6793140172958374
CUS04608,2025-07-31,1,0.6793140172958374
CUS02839,2025-08-31,1,0.679252028465271
CUS03419,2025-08-31,1,0.6790080070495605
CUS03309,2025-09-30,0,0.6789647340774536
CUS07999,2025-07-31,1,0.6789634227752686
CUS07238,2025-08-31,0,0.6789634227752686
CUS04560,2025-09-30,1,0.6789103150367737
CUS06061,2025-09-30,1,0.6788969039916992
CUS04096,2025-07-31,1,0.678853452205658
CUS07429,2025-07-31,1,0.678853452205658
CUS04182,2025-07-31,1,0.6788491606712341
CUS06973,2025-08-31,1,0.6788021326065063
CUS00790,2025-07-31,0,0.6787278056144714
CUS02421,2025-09-30,0,0.6785808205604553
CUS05399,2025-07-31,0,0.6785125732421875
CUS01926,2025-08-31,1,0.6784806847572327
CUS03287,2025-08-31,1,0.678407609462738
CUS04388,2025-09-30,1,0.6783462166786194
CUS06752,2025-07-31,1,0.6783334612846375
CUS06273,2025-07-31,1,0.6782477498054504
CUS06191,2025-09-30,0,0.6782433986663818
CUS06716,2025-07-31,1,0.6781591773033142
CUS00022,2025-09-30,1,0.6781241297721863
CUS03499,2025-07-31,1,0.6781241297721863
CUS05349,2025-09-30,1,0.6781241297721863
CUS06745,2025-09-30,0,0.6781209111213684
CUS06085,2025-09-30,0,0.6779583692550659
CUS05367,2025-07-31,0,0.6779470443725586
CUS05514,2025-09-30,1,0.677879273891449
CUS07428,2025-08-31,0,0.6778159141540527
CUS02793,2025-07-31,1,0.6777153611183167
CUS05203,2025-07-31,1,0.6776553988456726
CUS00327,2025-08-31,1,0.6775983572006226
CUS04687,2025-07-31,1,0.6775388717651367
CUS01591,2025-09-30,1,0.6775224804878235
CUS00458,2025-08-31,1,0.6775224804878235
CUS05367,2025-09-30,1,0.6774773001670837
CUS01773,2025-07-31,0,0.6774514317512512
CUS07614,2025-09-30,1,0.677310585975647
CUS05278,2025-09-30,1,0.6772489547729492
CUS07977,2025-09-30,1,0.6771969199180603
CUS02832,2025-09-30,1,0.6771873235702515
CUS00737,2025-09-30,0,0.6771121025085449
CUS06094,2025-09-30,0,0.677089273929596
CUS04034,2025-08-31,1,0.677068293094635
CUS05530,2025-07-31,0,0.6770290732383728
CUS03308,2025-09-30,0,0.6770212054252625
CUS01364,2025-08-31,0,0.6770044565200806
CUS00809,2025-08-31,1,0.676874577999115
CUS01678,2025-09-30,0,0.676874577999115
CUS02258,2025-09-30,1,0.6768145561218262
CUS04687,2025-08-31,0,0.6767836213111877
CUS01190,2025-07-31,1,0.676771879196167
CUS02072,2025-09-30,0,0.6767274737358093
CUS03560,2025-09-30,1,0.6766834259033203
CUS06876,2025-09-30,1,0.6766330003738403
CUS03899,2025-08-31,1,0.6766330003738403
CUS04039,2025-09-30,0,0.6766330003738403
CUS04492,2025-07-31,0,0.6766324639320374
CUS05167,2025-09-30,0,0.6766097545623779
CUS06499,2025-09-30,0,0.6765490770339966
CUS01508,2025-07-31,1,0.6765295267105103
CUS07897,2025-07-31,0,0.6764001250267029
CUS06515,2025-07-31,0,0.6764001250267029
CUS04701,2025-07-31,0,0.6763490438461304
CUS01018,2025-07-31,0,0.6763342022895813
CUS06909,2025-07-31,1,0.6763110756874084
CUS03734,2025-09-30,1,0.6762797236442566
CUS07794,2025-09-30,0,0.6761941909790039
CUS06085,2025-08-31,1,0.6761714220046997
CUS02042,2025-09-30,0,0.6761705279350281
CUS02375,2025-08-31,1,0.6761552095413208
CUS04731,2025-07-31,1,0.6761308312416077
CUS01194,2025-09-30,1,0.6760749220848083
CUS03643,2025-09-30,1,0.6759753227233887
CUS00696,2025-07-31,0,0.6758456230163574
CUS01460,2025-07-31,0,0.6757767200469971
CUS05495,2025-07-31,1,0.6757767200469971
CUS01915,2025-09-30,0,0.6757767200469971
CUS00961,2025-09-30,1,0.6757767200469971
CUS04415,2025-07-31,0,0.6757352352142334
CUS05985,2025-08-31,0,0.6757070422172546
CUS01477,2025-08-31,1,0.6756775975227356
CUS03595,2025-09-30,0,0.6756775975227356
CUS00221,2025-07-31,1,0.6756680011749268
CUS03338,2025-07-31,0,0.6756204962730408
CUS06824,2025-08-31,0,0.6756204962730408
CUS03768,2025-09-30,1,0.6755982637405396
CUS06190,2025-08-31,1,0.6755828261375427
CUS00772,2025-09-30,0,0.6754797101020813
CUS05568,2025-09-30,0,0.6754686832427979
CUS04546,2025-07-31,0,0.675443708896637
CUS03612,2025-08-31,0,0.6754151582717896
CUS03019,2025-08-31,1,0.675335168838501
CUS01088,2025-07-31,1,0.6752628684043884
CUS00233,2025-07-31,0,0.6750523447990417
CUS02033,2025-07-31,0,0.6748327612876892
CUS03207,2025-08-31,1,0.674771785736084
CUS07913,2025-08-31,1,0.6747531890869141
CUS00221,2025-08-31,0,0.6746687889099121
CUS01198,2025-09-30,0,0.6744806170463562
CUS04556,2025-07-31,0,0.6743736267089844
CUS03710,2025-07-31,0,0.6743736267089844
CUS03609,2025-09-30,1,0.6743736267089844
CUS01698,2025-09-30,0,0.6743661165237427
CUS06241,2025-08-31,1,0.6742075085639954
CUS05727,2025-09-30,1,0.6742075085639954
CUS02905,2025-07-31,1,0.6742018461227417
CUS06987,2025-08-31,1,0.6741979122161865
CUS03659,2025-09-30,1,0.6740778684616089
CUS07962,2025-07-31,1,0.6739979386329651
CUS00529,2025-09-30,1,0.6739702224731445
CUS00381,2025-08-31,1,0.6739599108695984
CUS02039,2025-07-31,1,0.6738911271095276
CUS04467,2025-07-31,1,0.6738474369049072
CUS01701,2025-07-31,0,0.6736891865730286
CUS01465,2025-08-31,0,0.6735655069351196
CUS06027,2025-08-31,1,0.6735326051712036
CUS04154,2025-07-31,0,0.6734935641288757
CUS02494,2025-07-31,1,0.6733604073524475
CUS02863,2025-08-31,1,0.6733316779136658
CUS05685,2025-07-31,0,0.6733043193817139
CUS03158,2025-09-30,0,0.6732109785079956
CUS03547,2025-07-31,0,0.6731551289558411
CUS06287,2025-09-30,0,0.673148512840271
CUS01090,2025-09-30,1,0.6731051802635193
CUS06611,2025-07-31,0,0.672967255115509
CUS02278,2025-07-31,1,0.672967255115509
CUS00919,2025-07-31,1,0.672967255115509
CUS01947,2025-08-31,0,0.672967255115509
CUS00462,2025-09-30,0,0.6728852391242981
CUS00367,2025-07-31,1,0.6728091835975647
CUS04051,2025-09-30,1,0.672683835029602
CUS07155,2025-08-31,0,0.6726118922233582
CUS00710,2025-08-31,1,0.6726118922233582
CUS02104,2025-07-31,0,0.6726118922233582
CUS07251,2025-08-31,1,0.6726118922233582
CUS07968,2025-08-31,0,0.6726118922233582
CUS06358,2025-09-30,0,0.6726118922233582
CUS02635,2025-09-30,0,0.6726118922233582
CUS03492,2025-07-31,1,0.6726118922233582
CUS00870,2025-07-31,1,0.6726118922233582
CUS03315,2025-09-30,1,0.6726118922233582
CUS05985,2025-07-31,1,0.6725811958312988
CUS04359,2025-09-30,1,0.6725209355354309
CUS00441,2025-09-30,0,0.672465980052948
CUS04247,2025-07-31,0,0.672404944896698
CUS03734,2025-07-31,1,0.6724045872688293
CUS07614,2025-08-31,1,0.6723901629447937
CUS05249,2025-07-31,0,0.6723862290382385
CUS04195,2025-07-31,1,0.6723787188529968
CUS05026,2025-08-31,0,0.6723707318305969
CUS06911,2025-09-30,0,0.6723654866218567
CUS07472,2025-08-31,1,0.6723312139511108
CUS01799,2025-08-31,0,0.6722745895385742
CUS05502,2025-08-31,0,0.6722667813301086
CUS04105,2025-09-30,1,0.6722511649131775
CUS05776,2025-08-31,0,0.6722447872161865
CUS04720,2025-09-30,0,0.6721912622451782
CUS04467,2025-08-31,1,0.6721264719963074
CUS03651,2025-07-31,1,0.6720719933509827
CUS05395,2025-09-30,1,0.6720661520957947
CUS01368,2025-08-31,0,0.6720612049102783
CUS00550,2025-09-30,1,0.6720552444458008
CUS02930,2025-07-31,1,0.6719783544540405
CUS01358,2025-09-30,1,0.6718546152114868
CUS01984,2025-07-31,1,0.67183518409729
CUS05067,2025-08-31,1,0.6718311905860901
CUS00347,2025-08-31,1,0.6717337369918823
CUS04936,2025-09-30,0,0.6714953780174255
CUS04371,2025-08-31,0,0.6713749766349792
CUS04579,2025-08-31,0,0.6713749766349792
CUS04430,2025-09-30,1,0.671326220035553
CUS02116,2025-07-31,1,0.6712326407432556
CUS03186,2025-08-31,0,0.6712326407432556
CUS04467,2025-09-30,1,0.6711310148239136
CUS05067,2025-09-30,1,0.6710654497146606
CUS05171,2025-09-30,0,0.6710630059242249
CUS07553,2025-07-31,1,0.6710630059242249
CUS06587,2025-09-30,1,0.6710630059242249
CUS00176,2025-09-30,0,0.6710174679756165
CUS06061,2025-07-31,0,0.6710174679756165
CUS07682,2025-08-31,1,0.6710174679756165
CUS01631,2025-07-31,0,0.6709251403808594
CUS05092,2025-08-31,0,0.6709080338478088
CUS05859,2025-09-30,0,0.6709059476852417
CUS06186,2025-08-31,0,0.6709059476852417
CUS03345,2025-07-31,0,0.6709059476852417
CUS01306,2025-09-30,0,0.6708847880363464
CUS00834,2025-08-31,0,0.6708811521530151
CUS04385,2025-07-31,1,0.6708804965019226
CUS07076,2025-08-31,1,0.6705791354179382
CUS04662,2025-09-30,1,0.6705437302589417
CUS05119,2025-09-30,1,0.6705403923988342
CUS07277,2025-08-31,0,0.6704407930374146
CUS00907,2025-08-31,1,0.6704091429710388
CUS03241,2025-07-31,1,0.6704091429710388
CUS00175,2025-07-31,0,0.670274019241333
CUS01103,2025-08-31,0,0.6702152490615845
CUS03643,2025-08-31,1,0.67005854845047
CUS05185,2025-09-30,1,0.6700008511543274
CUS05735,2025-07-31,1,0.6700008511543274
CUS01037,2025-08-31,1,0.6700008511543274
CUS00868,2025-09-30,1,0.6698431372642517
CUS01922,2025-07-31,0,0.6698300242424011
CUS01550,2025-07-31,0,0.6698191165924072
CUS03497,2025-07-31,0,0.6697942614555359
CUS03987,2025-08-31,1,0.6697942614555359
CUS06465,2025-09-30,1,0.669711172580719
CUS07359,2025-07-31,1,0.669711172580719
CUS00816,2025-08-31,0,0.669711172580719
CUS02186,2025-08-31,1,0.669711172580719
CUS03189,2025-09-30,1,0.669711172580719
CUS00652,2025-09-30,1,0.669711172580719
CUS02708,2025-08-31,0,0.669711172580719
CUS03894,2025-07-31,0,0.6696886420249939
CUS01051,2025-09-30,0,0.6696886420249939
CUS01843,2025-08-31,1,0.6695911288261414
CUS02056,2025-09-30,1,0.6694229245185852
CUS04642,2025-08-31,0,0.6694229245185852
CUS06134,2025-08-31,1,0.6694025993347168
CUS02702,2025-09-30,1,0.6694025993347168
CUS01804,2025-08-31,0,0.6694025993347168
CUS06149,2025-08-31,1,0.6694025993347168
CUS06486,2025-08-31,1,0.6694025993347168
CUS06479,2025-08-31,1,0.6694015860557556
CUS06872,2025-09-30,1,0.6694015860557556
CUS05527,2025-07-31,1,0.6693708896636963
CUS04434,2025-09-30,1,0.6692269444465637
CUS04002,2025-08-31,1,0.6692269444465637
CUS04091,2025-07-31,0,0.6691879034042358
CUS02915,2025-08-31,1,0.6691269874572754
CUS02571,2025-08-31,1,0.6691269874572754
CUS07472,2025-07-31,1,0.669122040271759
CUS02863,2025-07-31,1,0.6691070795059204
CUS04391,2025-09-30,1,0.6690813899040222
CUS02787,2025-09-30,1,0.6690813899040222
CUS01549,2025-07-31,1,0.6689107418060303
CUS03038,2025-07-31,1,0.6689107418060303
CUS07089,2025-07-31,0,0.6688637733459473
CUS00310,2025-09-30,0,0.668728232383728
CUS07614,2025-07-31,1,0.6686252355575562
CUS07243,2025-08-31,1,0.6685987114906311
CUS02562,2025-09-30,1,0.6685030460357666
CUS00713,2025-07-31,1,0.6685030460357666
CUS06973,2025-07-31,1,0.6685030460357666
CUS06824,2025-07-31,0,0.6685030460357666
CUS06985,2025-08-31,1,0.6683710813522339
CUS01411,2025-07-31,0,0.6682018041610718
CUS07187,2025-09-30,1,0.6678096652030945
CUS07138,2025-09-30,0,0.667790412902832
CUS06386,2025-09-30,1,0.667680025100708
CUS07734,2025-07-31,1,0.6676718592643738
CUS06272,2025-07-31,0,0.667669951915741
CUS00310,2025-08-31,0,0.6675912737846375
CUS00772,2025-08-31,1,0.6675186157226562
CUS07992,2025-07-31,1,0.6674780249595642
CUS02250,2025-07-31,0,0.6674780249595642
CUS04172,2025-07-31,1,0.6674026846885681
CUS01497,2025-09-30,0,0.6673109531402588
CUS06896,2025-08-31,1,0.6673047542572021
CUS01229,2025-08-31,1,0.6672384142875671
CUS05467,2025-08-31,0,0.6672207713127136
CUS04426,2025-08-31,1,0.6672207713127136
CUS04335,2025-09-30,0,0.6671952605247498
CUS02272,2025-07-31,0,0.667141854763031
CUS06422,2025-08-31,1,0.667138397693634
CUS01810,2025-09-30,0,0.6671339869499207
CUS03300,2025-08-31,0,0.6671297550201416
CUS06268,2025-09-30,0,0.6670458316802979
CUS04968,2025-08-31,0,0.666945219039917
CUS00583,2025-08-31,1,0.6668217182159424
CUS05270,2025-07-31,0,0.6667990684509277
CUS01863,2025-08-31,1,0.6667499542236328
CUS07487,2025-09-30,0,0.6667030453681946
CUS04287,2025-07-31,1,0.666698694229126
CUS03405,2025-08-31,1,0.6666662693023682
CUS07901,2025-08-31,0,0.6666519641876221
CUS01142,2025-09-30,0,0.6664853692054749
CUS01799,2025-09-30,0,0.6664480566978455
CUS03629,2025-07-31,1,0.6662973761558533
CUS04774,2025-08-31,0,0.6662939190864563
CUS07605,2025-09-30,1,0.6662939190864563
CUS02392,2025-09-30,0,0.6662939190864563
CUS00539,2025-08-31,1,0.6662939190864563
CUS06927,2025-07-31,0,0.6661930084228516
CUS06460,2025-08-31,0,0.6661415696144104
CUS07867,2025-08-31,0,0.6661415696144104
CUS01707,2025-08-31,0,0.6661415696144104
CUS05031,2025-08-31,1,0.6661415696144104
CUS00553,2025-07-31,1,0.6661269068717957
CUS02581,2025-09-30,1,0.6661269068717957
CUS05298,2025-09-30,1,0.6661269068717957
CUS04439,2025-07-31,1,0.6661269068717957
CUS05583,2025-07-31,0,0.6661269068717957
CUS07953,2025-08-31,0,0.6661269068717957
CUS02601,2025-07-31,0,0.6660613417625427
CUS06543,2025-07-31,0,0.6659896969795227
CUS00309,2025-09-30,0,0.665866494178772
CUS00100,2025-07-31,0,0.6658549904823303
CUS00169,2025-09-30,0,0.6657294631004333
CUS00877,2025-08-31,0,0.6657135486602783
CUS06483,2025-08-31,1,0.6657135486602783
CUS04464,2025-08-31,1,0.6655324101448059
CUS04260,2025-09-30,1,0.6654812693595886
CUS02628,2025-09-30,0,0.6654812693595886
CUS03145,2025-07-31,1,0.6654812693595886
CUS06675,2025-09-30,1,0.6654313802719116
CUS04123,2025-09-30,1,0.6654086112976074
CUS07885,2025-07-31,1,0.6653847694396973
CUS02340,2025-07-31,0,0.6653004288673401
CUS07950,2025-07-31,1,0.6651558876037598
CUS06987,2025-07-31,1,0.6651382446289062
CUS00460,2025-08-31,0,0.6651186347007751
CUS05038,2025-08-31,1,0.6650066375732422
CUS06943,2025-09-30,0,0.6649700403213501
CUS01145,2025-09-30,0,0.6648911833763123
CUS04873,2025-09-30,0,0.6647606492042542
CUS07977,2025-08-31,1,0.6647080779075623
CUS02032,2025-07-31,1,0.6646958589553833
CUS06450,2025-07-31,1,0.6645740270614624
CUS06138,2025-09-30,1,0.6644325256347656
CUS05073,2025-08-31,0,0.6644325256347656
CUS03996,2025-09-30,1,0.6644294857978821
CUS06896,2025-07-31,1,0.6642711162567139
CUS02158,2025-09-30,1,0.6642706990242004
CUS07875,2025-09-30,1,0.6642003059387207
CUS02815,2025-08-31,0,0.6641562581062317
CUS04763,2025-07-31,1,0.6640591025352478
CUS03182,2025-07-31,0,0.6640270948410034
CUS02588,2025-09-30,1,0.6638724207878113
CUS06061,2025-08-31,1,0.663813054561615
CUS05194,2025-07-31,1,0.6638041138648987
CUS07977,2025-07-31,1,0.6637673377990723
CUS06559,2025-09-30,0,0.6637624502182007
CUS06852,2025-07-31,0,0.6637021899223328
CUS04636,2025-07-31,1,0.6636678576469421
CUS05758,2025-09-30,1,0.6636678576469421
CUS04667,2025-07-31,1,0.6636678576469421
CUS00805,2025-09-30,0,0.6636678576469421
CUS04432,2025-08-31,0,0.6636678576469421
CUS01821,2025-09-30,1,0.6636173129081726
CUS07216,2025-07-31,0,0.6636173129081726
CUS02588,2025-07-31,1,0.6636034846305847
CUS05425,2025-09-30,1,0.6635691523551941
CUS06693,2025-09-30,0,0.6635691523551941
CUS07145,2025-08-31,1,0.6635691523551941
CUS04279,2025-09-30,1,0.6635691523551941
CUS06023,2025-09-30,1,0.6635691523551941
CUS02614,2025-07-31,0,0.6635691523551941
CUS05302,2025-09-30,0,0.6635517477989197
CUS07280,2025-08-31,0,0.6635517477989197
CUS00364,2025-08-31,1,0.6635517477989197
CUS07464,2025-08-31,0,0.6635517477989197
CUS02177,2025-07-31,0,0.6635517477989197
CUS04130,2025-09-30,1,0.6635517477989197
CUS03106,2025-08-31,1,0.6635517477989197
CUS01411,2025-08-31,0,0.6635178923606873
CUS00808,2025-08-31,1,0.6634962558746338
CUS07158,2025-07-31,1,0.6632829308509827
CUS03962,2025-09-30,1,0.6632829308509827
CUS02187,2025-08-31,1,0.6632829308509827
CUS00551,2025-09-30,1,0.6632829308509827
CUS02454,2025-09-30,1,0.6631906032562256
CUS02028,2025-09-30,0,0.6631906032562256
CUS05030,2025-07-31,1,0.6631854772567749
CUS03997,2025-09-30,0,0.6631854772567749
CUS04505,2025-09-30,0,0.6631854772567749
CUS05167,2025-08-31,0,0.663185179233551
CUS01551,2025-08-31,0,0.6631819009780884
CUS04720,2025-08-31,0,0.6631426811218262
CUS02340,2025-08-31,0,0.6630395650863647
CUS07375,2025-07-31,1,0.6628991365432739
CUS02514,2025-08-31,0,0.6628991365432739
CUS06063,2025-09-30,0,0.6627280116081238
CUS04683,2025-08-31,0,0.6627280116081238
CUS00529,2025-08-31,1,0.6626887917518616
CUS04370,2025-08-31,0,0.6626796722412109
CUS06020,2025-09-30,1,0.662638783454895
CUS00794,2025-09-30,1,0.6625860333442688
CUS01706,2025-07-31,1,0.6625831127166748
CUS05675,2025-08-31,0,0.6625831127166748
CUS07809,2025-07-31,0,0.6625831127166748
CUS00097,2025-07-31,0,0.6625564098358154
CUS02862,2025-09-30,0,0.6625418663024902
CUS06822,2025-08-31,0,0.662401020526886
CUS02221,2025-09-30,1,0.6623386740684509
CUS05710,2025-09-30,0,0.6622428297996521
CUS00696,2025-09-30,1,0.6622255444526672
CUS03006,2025-07-31,1,0.6620811820030212
CUS04244,2025-07-31,1,0.6619271039962769
CUS07616,2025-07-31,1,0.6619271039962769
CUS06041,2025-07-31,0,0.6619271039962769
CUS02476,2025-09-30,0,0.6619271039962769
CUS00269,2025-07-31,1,0.6618550419807434
CUS04381,2025-08-31,0,0.6618461012840271
CUS03296,2025-08-31,1,0.6618461012840271
CUS04301,2025-07-31,1,0.6618461012840271
CUS06729,2025-09-30,0,0.6617660522460938
CUS01264,2025-09-30,1,0.6617660522460938
CUS07487,2025-08-31,1,0.6617382168769836
CUS07557,2025-09-30,1,0.661734402179718
CUS02943,2025-07-31,1,0.661734402179718
CUS07803,2025-08-31,1,0.661734402179718
CUS01790,2025-07-31,1,0.6615421175956726
CUS02310,2025-08-31,0,0.6614683270454407
CUS07626,2025-07-31,0,0.6614514589309692
CUS04175,2025-09-30,0,0.661441445350647
CUS03754,2025-07-31,0,0.6613423228263855
CUS01508,2025-08-31,1,0.6612687706947327
CUS05327,2025-09-30,0,0.661266028881073
CUS03254,2025-09-30,1,0.6612280607223511
CUS01954,2025-09-30,1,0.6611769199371338
CUS03215,2025-09-30,0,0.6610570549964905
CUS01173,2025-07-31,0,0.6610270738601685
CUS05570,2025-09-30,1,0.660982072353363
CUS02588,2025-08-31,1,0.6609662175178528
CUS03965,2025-09-30,1,0.660836398601532
CUS05971,2025-09-30,0,0.6608268022537231
CUS01442,2025-09-30,0,0.6608268022537231
CUS06275,2025-09-30,1,0.6608268022537231
CUS01823,2025-07-31,0,0.6608268022537231
CUS03205,2025-08-31,1,0.6608268022537231
CUS04796,2025-08-31,0,0.6605525612831116
CUS05522,2025-08-31,1,0.6604788899421692
CUS07963,2025-09-30,0,0.6604788899421692
CUS03757,2025-08-31,1,0.6604788899421692
CUS03955,2025-09-30,0,0.6604788899421692
CUS03013,2025-08-31,1,0.6604788899421692
CUS06449,2025-09-30,1,0.6604788899421692
CUS04665,2025-07-31,1,0.6604788899421692
CUS06838,2025-08-31,1,0.6604788899421692
CUS01467,2025-09-30,0,0.6604788899421692
CUS07836,2025-09-30,0,0.6604788899421692
CUS04560,2025-08-31,1,0.6604266166687012
CUS07914,2025-07-31,0,0.6602936387062073
CUS02833,2025-07-31,0,0.6602922677993774
CUS05171,2025-08-31,0,0.6601366400718689
CUS00274,2025-09-30,0,0.6601366400718689
CUS06587,2025-08-31,1,0.6601366400718689
CUS07652,2025-09-30,1,0.6600110530853271
CUS00468,2025-09-30,1,0.6600101590156555
CUS04982,2025-08-31,0,0.6600101590156555
CUS06268,2025-07-31,0,0.6600101590156555
CUS07140,2025-08-31,1,0.6600101590156555
CUS05049,2025-08-31,0,0.6599860787391663
CUS00135,2025-08-31,1,0.6599860787391663
CUS07927,2025-08-31,1,0.6599860787391663
CUS03995,2025-07-31,1,0.6599860787391663
CUS05510,2025-07-31,1,0.6599860787391663
CUS05535,2025-07-31,0,0.6599541306495667
CUS05566,2025-08-31,1,0.6599541306495667
CUS05675,2025-09-30,0,0.6599541306495667
CUS05584,2025-09-30,1,0.6599541306495667
CUS07412,2025-09-30,0,0.6599541306495667
CUS07110,2025-07-31,1,0.6599541306495667
CUS00122,2025-07-31,0,0.6599541306495667
CUS03814,2025-08-31,1,0.6599541306495667
CUS06097,2025-09-30,1,0.6596832871437073
CUS03913,2025-07-31,1,0.6596722602844238
CUS00529,2025-07-31,1,0.6595959067344666
CUS00592,2025-08-31,0,0.6595557332038879
CUS06953,2025-07-31,1,0.6595278978347778
CUS04292,2025-08-31,1,0.6594734787940979
CUS05059,2025-09-30,1,0.6594734787940979
CUS03345,2025-09-30,0,0.6593987941741943
CUS03990,2025-07-31,0,0.6592979431152344
CUS06343,2025-07-31,0,0.6592218279838562
CUS03331,2025-08-31,0,0.6591312885284424
CUS05921,2025-07-31,1,0.6590664982795715
CUS04154,2025-09-30,1,0.6590297222137451
CUS00502,2025-09-30,1,0.6590269804000854
CUS01505,2025-07-31,1,0.6589598655700684
CUS06060,2025-07-31,1,0.6589516997337341
CUS02732,2025-09-30,1,0.6588917374610901
CUS01483,2025-07-31,0,0.6588864922523499
CUS05649,2025-08-31,1,0.6587964296340942
CUS07226,2025-08-31,0,0.6587888598442078
CUS00437,2025-07-31,0,0.6587879657745361
CUS04583,2025-07-31,0,0.6587414145469666
CUS07798,2025-09-30,1,0.6587373614311218
CUS07794,2025-08-31,0,0.6586958169937134
CUS00855,2025-07-31,0,0.658669114112854
CUS02323,2025-08-31,0,0.6586623787879944
CUS00571,2025-08-31,1,0.6586623787879944
CUS00855,2025-08-31,0,0.6586623787879944
CUS01955,2025-09-30,1,0.6586623787879944
CUS05305,2025-09-30,1,0.6586623787879944
CUS01706,2025-08-31,1,0.6586623787879944
CUS06798,2025-09-30,0,0.6586623787879944
CUS00330,2025-09-30,1,0.6586623787879944
CUS00400,2025-08-31,1,0.6586623787879944
CUS07094,2025-07-31,1,0.6586349606513977
CUS07969,2025-07-31,0,0.6586062908172607
CUS03889,2025-07-31,1,0.6586062908172607
CUS07835,2025-07-31,1,0.6586062908172607
CUS04378,2025-07-31,1,0.6586062908172607
CUS05234,2025-08-31,1,0.6586062908172607
CUS01956,2025-08-31,1,0.6586062908172607
CUS06986,2025-07-31,1,0.6586062908172607
CUS00441,2025-08-31,0,0.6584828495979309
CUS05454,2025-08-31,1,0.6583572030067444
CUS02892,2025-08-31,1,0.658214807510376
CUS05425,2025-08-31,1,0.6582120656967163
CUS07853,2025-08-31,1,0.6581103205680847
CUS01229,2025-07-31,1,0.6580975651741028
CUS06602,2025-07-31,0,0.6580440998077393
CUS07765,2025-07-31,1,0.6580440998077393
CUS04544,2025-08-31,1,0.6579298377037048
CUS03514,2025-07-31,0,0.6578908562660217
CUS04525,2025-07-31,0,0.6578587293624878
CUS07214,2025-08-31,1,0.6578587293624878
CUS03435,2025-09-30,0,0.6578587293624878
CUS01527,2025-08-31,0,0.6578587293624878
CUS01708,2025-09-30,0,0.6578587293624878
CUS05913,2025-09-30,1,0.6578587293624878
CUS05925,2025-09-30,0,0.6578587293624878
CUS07606,2025-09-30,1,0.6578587293624878
CUS04442,2025-08-31,0,0.6578587293624878
CUS06233,2025-09-30,1,0.6578587293624878
CUS03125,2025-08-31,1,0.6578587293624878
CUS06099,2025-09-30,1,0.6578587293624878
CUS00067,2025-08-31,1,0.6578587293624878
CUS00343,2025-08-31,0,0.6578587293624878
CUS03524,2025-07-31,0,0.6578587293624878
CUS02027,2025-08-31,0,0.6578587293624878
CUS02994,2025-07-31,1,0.6578587293624878
CUS00098,2025-08-31,1,0.6578587293624878
CUS07113,2025-09-30,1,0.6578587293624878
CUS01600,2025-08-31,0,0.6578508615493774
CUS05479,2025-09-30,1,0.6577710509300232
CUS07293,2025-09-30,1,0.6577392816543579
CUS06060,2025-08-31,1,0.6577246189117432
CUS00281,2025-08-31,1,0.6575149297714233
CUS03294,2025-07-31,0,0.6574999690055847
CUS07237,2025-08-31,1,0.6574229598045349
CUS06547,2025-08-31,1,0.6573328375816345
CUS05584,2025-08-31,1,0.6573237776756287
CUS05026,2025-07-31,0,0.657261312007904
CUS00916,2025-09-30,0,0.6570864915847778
CUS02297,2025-08-31,0,0.6570864915847778
CUS01037,2025-07-31,1,0.6570864915847778
CUS04708,2025-08-31,0,0.6570843458175659
CUS06140,2025-09-30,1,0.6570843458175659
CUS03976,2025-09-30,0,0.6569703221321106
CUS02416,2025-08-31,1,0.6569703221321106
CUS01070,2025-07-31,1,0.6569703221321106
CUS05907,2025-08-31,1,0.6569703221321106
CUS02530,2025-08-31,0,0.6569703221321106
CUS07355,2025-08-31,1,0.6569703221321106
CUS01992,2025-08-31,0,0.6569703221321106
CUS04337,2025-08-31,1,0.6569703221321106
CUS05619,2025-08-31,0,0.6569703221321106
CUS05076,2025-09-30,1,0.6569703221321106
CUS06175,2025-09-30,0,0.6569703221321106
CUS03786,2025-08-31,1,0.6569703221321106
CUS00040,2025-08-31,0,0.6569703221321106
CUS00915,2025-09-30,1,0.6569703221321106
CUS00600,2025-08-31,0,0.6569703221321106
CUS00311,2025-08-31,1,0.6567859649658203
CUS07942,2025-08-31,0,0.6567546725273132
CUS03004,2025-08-31,0,0.6564983129501343
CUS02174,2025-09-30,0,0.6564983129501343
CUS06798,2025-08-31,0,0.6564983129501343
CUS02610,2025-09-30,1,0.6564983129501343
CUS00385,2025-07-31,1,0.6564983129501343
CUS00026,2025-08-31,1,0.6564983129501343
CUS05063,2025-09-30,1,0.6564983129501343
CUS00417,2025-09-30,0,0.6564983129501343
CUS03399,2025-09-30,1,0.6564983129501343
CUS05454,2025-09-30,1,0.6564398407936096
CUS01843,2025-07-31,1,0.6563904285430908
CUS03659,2025-08-31,1,0.656298816204071
CUS05173,2025-07-31,1,0.6562144160270691
CUS06058,2025-07-31,0,0.6560137271881104
CUS03432,2025-08-31,1,0.6557900309562683
CUS03341,2025-07-31,0,0.655738115310669
CUS07443,2025-07-31,1,0.655712366104126
CUS07290,2025-09-30,1,0.655674159526825
CUS06589,2025-09-30,0,0.6555100679397583
CUS01226,2025-09-30,0,0.6554192900657654
CUS04672,2025-07-31,1,0.6554192900657654
CUS00747,2025-07-31,0,0.6553412079811096
CUS06507,2025-09-30,1,0.655159056186676
CUS04905,2025-07-31,1,0.655109703540802
CUS00975,2025-09-30,0,0.655109703540802
CUS02153,2025-07-31,0,0.655109703540802
CUS06391,2025-08-31,0,0.655109703540802
CUS01015,2025-07-31,1,0.655109703540802
CUS05794,2025-07-31,1,0.655109703540802
CUS00949,2025-07-31,0,0.655109703540802
CUS03572,2025-08-31,1,0.655109703540802
CUS07443,2025-09-30,1,0.6549704074859619
CUS00833,2025-07-31,0,0.6549172401428223
CUS04744,2025-09-30,1,0.6549108624458313
CUS06620,2025-09-30,1,0.6549108624458313
CUS05014,2025-09-30,0,0.6549108624458313
CUS05214,2025-08-31,0,0.6548934578895569
CUS05277,2025-09-30,1,0.6548934578895569
CUS03922,2025-07-31,0,0.6548775434494019
CUS00040,2025-09-30,0,0.6548659801483154
CUS06786,2025-07-31,0,0.6548644304275513
CUS04382,2025-09-30,0,0.6548318862915039
CUS02632,2025-09-30,0,0.6544464230537415
CUS07874,2025-07-31,0,0.6543801426887512
CUS04455,2025-09-30,1,0.6543619632720947
CUS00941,2025-09-30,0,0.6542887687683105
CUS04388,2025-08-31,1,0.6541930437088013
CUS02794,2025-07-31,0,0.6541734933853149
CUS06453,2025-07-31,1,0.6541550755500793
CUS04230,2025-08-31,0,0.6541126370429993
CUS03612,2025-07-31,0,0.6540989279747009
CUS06328,2025-07-31,0,0.6540393829345703
CUS06034,2025-09-30,0,0.6539498567581177
CUS04415,2025-08-31,0,0.6537928581237793
CUS05058,2025-09-30,1,0.6537175178527832
CUS01837,2025-09-30,1,0.6537175178527832
CUS03835,2025-07-31,1,0.6537175178527832
CUS02766,2025-09-30,0,0.6537175178527832
CUS06702,2025-07-31,1,0.6536765098571777
CUS03819,2025-09-30,1,0.6536765098571777
CUS06919,2025-08-31,1,0.6536765098571777
CUS06956,2025-09-30,0,0.6536765098571777
CUS02087,2025-09-30,1,0.6535597443580627
CUS03472,2025-07-31,1,0.653519332408905
CUS02688,2025-07-31,1,0.6534631252288818
CUS04451,2025-08-31,0,0.6534631252288818
CUS05358,2025-07-31,1,0.6534631252288818
CUS03321,2025-09-30,1,0.6534631252288818
CUS00811,2025-09-30,1,0.6534448862075806
CUS01266,2025-09-30,1,0.6534448862075806
CUS07957,2025-09-30,1,0.6534448862075806
CUS05759,2025-09-30,1,0.6534448862075806
CUS03337,2025-08-31,1,0.6534448862075806
CUS02772,2025-08-31,1,0.6534398794174194
CUS02268,2025-08-31,0,0.653424859046936
CUS04076,2025-07-31,1,0.6534064412117004
CUS04594,2025-09-30,1,0.6534064412117004
CUS07358,2025-07-31,0,0.6534064412117004
CUS05240,2025-08-31,1,0.6533181071281433
CUS03105,2025-07-31,0,0.6532436013221741
CUS06755,2025-09-30,1,0.6531743407249451
CUS01256,2025-08-31,1,0.6531504988670349
CUS05135,2025-09-30,0,0.6530558466911316
CUS03899,2025-07-31,1,0.6530558466911316
CUS06714,2025-07-31,1,0.6530558466911316
CUS07589,2025-09-30,1,0.6530126333236694
CUS00956,2025-08-31,1,0.6529620885848999
CUS03541,2025-09-30,1,0.6529620885848999
CUS05571,2025-07-31,0,0.6528829336166382
CUS03411,2025-08-31,0,0.6528829336166382
CUS07641,2025-07-31,0,0.6528829336166382
CUS01248,2025-08-31,0,0.6528829336166382
CUS00006,2025-07-31,1,0.6527766585350037
CUS05767,2025-09-30,0,0.6527111530303955
CUS02476,2025-08-31,0,0.6525506973266602
CUS05045,2025-09-30,1,0.6525506973266602
CUS07845,2025-07-31,0,0.6524618268013
CUS01178,2025-09-30,0,0.6523677706718445
CUS05517,2025-07-31,0,0.6523526310920715
CUS05493,2025-07-31,1,0.6523335576057434
CUS02302,2025-09-30,0,0.6523242592811584
CUS02287,2025-08-31,0,0.652285099029541
CUS03830,2025-07-31,0,0.652285099029541
CUS03766,2025-08-31,1,0.652285099029541
CUS07449,2025-09-30,0,0.652285099029541
CUS07314,2025-09-30,0,0.652285099029541
CUS02005,2025-08-31,0,0.6521145105361938
CUS00651,2025-09-30,0,0.6520555019378662
CUS03113,2025-09-30,1,0.6520555019378662
CUS04730,2025-08-31,0,0.6520555019378662
CUS02838,2025-09-30,0,0.6520555019378662
CUS05215,2025-09-30,1,0.6520555019378662
CUS01562,2025-09-30,0,0.6520555019378662
CUS00034,2025-09-30,0,0.6520555019378662
CUS00972,2025-09-30,1,0.6520555019378662
CUS01355,2025-09-30,1,0.6520555019378662
CUS04722,2025-09-30,1,0.6520555019378662
CUS05961,2025-07-31,0,0.6520555019378662
CUS02606,2025-09-30,1,0.6520555019378662
CUS03018,2025-09-30,1,0.6520555019378662
CUS01785,2025-09-30,0,0.6520555019378662
CUS03533,2025-09-30,0,0.6520476341247559
CUS06309,2025-09-30,1,0.6520327925682068
CUS00490,2025-09-30,1,0.65195232629776
CUS07142,2025-07-31,1,0.6518445014953613
CUS03307,2025-07-31,1,0.6517676115036011
CUS01166,2025-07-31,1,0.6517415046691895
CUS07952,2025-08-31,0,0.6517186164855957
CUS00311,2025-09-30,1,0.6516756415367126
CUS01026,2025-09-30,0,0.6516035795211792
CUS03383,2025-07-31,1,0.6515349745750427
CUS07894,2025-07-31,0,0.6515349745750427
CUS02086,2025-07-31,0,0.6515349745750427
CUS04806,2025-07-31,1,0.6514489650726318
CUS02892,2025-07-31,1,0.6513991951942444
CUS01893,2025-07-31,1,0.6513602137565613
CUS02057,2025-08-31,0,0.6513157486915588
CUS06060,2025-09-30,1,0.6512916684150696
CUS06837,2025-09-30,1,0.6512293815612793
CUS07511,2025-08-31,1,0.6512293815612793
CUS01872,2025-07-31,0,0.6511716246604919
CUS03629,2025-08-31,1,0.6510694622993469
CUS07906,2025-09-30,1,0.6510017514228821
CUS02773,2025-07-31,1,0.6509904265403748
CUS07504,2025-08-31,0,0.6509547829627991
CUS00795,2025-07-31,0,0.6509547829627991
CUS02017,2025-07-31,1,0.6509547829627991
CUS03158,2025-08-31,0,0.6509547829627991
CUS04039,2025-08-31,1,0.6509547829627991
CUS05185,2025-08-31,1,0.6509547829627991
CUS06876,2025-08-31,1,0.6509547829627991
CUS02198,2025-07-31,1,0.6509547829627991
CUS07117,2025-07-31,1,0.6508656740188599
CUS03445,2025-07-31,0,0.6508656740188599
CUS04748,2025-09-30,1,0.6508514285087585
CUS00335,2025-08-31,0,0.6508305072784424
CUS01199,2025-07-31,0,0.6508162617683411
CUS06309,2025-07-31,1,0.6507518887519836
CUS06393,2025-07-31,1,0.6506833434104919
CUS01348,2025-08-31,0,0.6503434181213379
CUS03659,2025-07-31,0,0.6501147747039795
CUS01368,2025-07-31,0,0.650075376033783
CUS07955,2025-09-30,1,0.6498441696166992
CUS06144,2025-08-31,1,0.6498441696166992
CUS02085,2025-08-31,1,0.6498441696166992
CUS00190,2025-09-30,1,0.6498441696166992
CUS06331,2025-09-30,0,0.6498441696166992
CUS05488,2025-09-30,1,0.6498441696166992
CUS06985,2025-07-31,1,0.6497511863708496
CUS04653,2025-09-30,1,0.6497488617897034
CUS04114,2025-09-30,0,0.6496027708053589
CUS07644,2025-09-30,0,0.6495457291603088
CUS03144,2025-08-31,0,0.6495389342308044
CUS04648,2025-08-31,1,0.649530291557312
CUS07519,2025-09-30,0,0.6494714021682739
CUS02212,2025-08-31,0,0.6493996381759644
CUS06615,2025-07-31,0,0.6493996381759644
CUS01595,2025-09-30,1,0.6493747234344482
CUS04763,2025-09-30,0,0.649335503578186
CUS03929,2025-09-30,1,0.6493010520935059
CUS05949,2025-09-30,0,0.6492915749549866
CUS05298,2025-08-31,1,0.6492915749549866
CUS03621,2025-07-31,0,0.6492915749549866
CUS01771,2025-07-31,1,0.6489420533180237
CUS07443,2025-08-31,1,0.6489247679710388
CUS00848,2025-07-31,0,0.6486296653747559
CUS06296,2025-07-31,0,0.6485222578048706
CUS00198,2025-07-31,0,0.6483827233314514
CUS05738,2025-07-31,0,0.6483827233314514
CUS02030,2025-09-30,0,0.6483827233314514
CUS06196,2025-08-31,0,0.6483185291290283
CUS05102,2025-07-31,0,0.6483009457588196
CUS00288,2025-09-30,1,0.6482184529304504
CUS07820,2025-09-30,0,0.6481627821922302
CUS00583,2025-07-31,1,0.6480438709259033
CUS01407,2025-08-31,1,0.6479816436767578
CUS02603,2025-08-31,0,0.6479575634002686
CUS03912,2025-09-30,0,0.6479575634002686
CUS01620,2025-07-31,1,0.6479100584983826
CUS00914,2025-08-31,0,0.6475264430046082
CUS06856,2025-09-30,1,0.6474990844726562
CUS01378,2025-07-31,0,0.6474990844726562
CUS06421,2025-07-31,1,0.6474990844726562
CUS06678,2025-07-31,1,0.6474990844726562
CUS04902,2025-07-31,1,0.6474990844726562
CUS04959,2025-07-31,1,0.6474990844726562
CUS05947,2025-07-31,1,0.6474990844726562
CUS07589,2025-07-31,1,0.6474544405937195
CUS00630,2025-09-30,1,0.6473251581192017
CUS01026,2025-07-31,0,0.6472176313400269
CUS04230,2025-07-31,1,0.6471409797668457
CUS01443,2025-09-30,0,0.6470567584037781
CUS02756,2025-07-31,0,0.6470326781272888
CUS05660,2025-08-31,1,0.6470326781272888
CUS00650,2025-08-31,0,0.6470326781272888
CUS01699,2025-08-31,1,0.6470326781272888
CUS05278,2025-08-31,1,0.6469188332557678
CUS01810,2025-07-31,0,0.6467864513397217
CUS05921,2025-09-30,0,0.6467041969299316
CUS01388,2025-07-31,1,0.646494448184967
CUS07293,2025-08-31,1,0.6464769840240479
CUS01044,2025-08-31,0,0.6464643478393555
CUS02702,2025-08-31,1,0.6464634537696838
CUS06740,2025-07-31,0,0.6464634537696838
CUS05509,2025-09-30,1,0.6464634537696838
CUS07191,2025-09-30,0,0.6464634537696838
CUS06134,2025-07-31,1,0.6464634537696838
CUS01804,2025-07-31,0,0.6464634537696838
CUS06149,2025-07-31,1,0.6464634537696838
CUS06486,2025-07-31,1,0.6464634537696838
CUS02581,2025-08-31,1,0.6464634537696838
CUS07932,2025-09-30,0,0.6464634537696838
CUS00008,2025-07-31,0,0.6464634537696838
CUS05587,2025-09-30,1,0.6464295387268066
CUS02772,2025-07-31,1,0.6463135480880737
CUS05581,2025-07-31,1,0.6462081670761108
CUS06389,2025-07-31,1,0.6462081670761108
CUS06755,2025-08-31,1,0.646067202091217
CUS03249,2025-09-30,0,0.6458779573440552
CUS02326,2025-07-31,0,0.6457977294921875
CUS02913,2025-09-30,0,0.6457221508026123
CUS00087,2025-08-31,1,0.6456069946289062
CUS06684,2025-09-30,1,0.6455758810043335
CUS07209,2025-07-31,0,0.6455758810043335
CUS05776,2025-07-31,0,0.6455758810043335
CUS04857,2025-08-31,1,0.6455752849578857
CUS06097,2025-08-31,1,0.6453996300697327
CUS03485,2025-08-31,0,0.6453429460525513
CUS06755,2025-07-31,1,0.644961416721344
CUS05327,2025-07-31,0,0.6448479890823364
CUS03293,2025-09-30,1,0.6446786522865295
CUS06286,2025-09-30,1,0.6446786522865295
CUS05270,2025-09-30,0,0.6446217894554138
CUS05825,2025-09-30,0,0.6444814801216125
CUS04388,2025-07-31,1,0.6443747282028198
CUS01695,2025-07-31,0,0.6443032622337341
CUS05921,2025-08-31,0,0.6442447900772095
CUS05649,2025-07-31,1,0.6441949009895325
CUS05587,2025-08-31,1,0.6440980434417725
CUS07023,2025-09-30,1,0.6439775824546814
CUS05865,2025-07-31,1,0.6438880562782288
CUS01675,2025-09-30,0,0.6438880562782288
CUS07195,2025-09-30,1,0.6438880562782288
CUS01958,2025-08-31,0,0.6438880562782288
CUS07843,2025-09-30,1,0.6438880562782288
CUS07310,2025-09-30,1,0.6438880562782288
CUS03579,2025-07-31,0,0.6438880562782288
CUS06664,2025-07-31,0,0.6438880562782288
CUS01299,2025-08-31,0,0.6438880562782288
CUS02305,2025-09-30,0,0.6438880562782288
CUS02968,2025-09-30,0,0.6438880562782288
CUS05808,2025-08-31,0,0.6438880562782288
CUS07646,2025-09-30,1,0.6438880562782288
CUS07907,2025-08-31,1,0.6438880562782288
CUS06695,2025-09-30,0,0.6438880562782288
CUS02604,2025-09-30,0,0.6438880562782288
CUS05032,2025-09-30,1,0.6438880562782288
CUS01535,2025-08-31,1,0.6438880562782288
CUS07814,2025-09-30,1,0.6438880562782288
CUS07289,2025-08-31,1,0.6438880562782288
CUS06263,2025-08-31,1,0.6438880562782288
CUS07697,2025-07-31,0,0.6438855528831482
CUS06851,2025-09-30,1,0.6438072919845581
CUS03385,2025-09-30,1,0.643712043762207
CUS07178,2025-07-31,0,0.6435525417327881
CUS00901,2025-07-31,0,0.6435525417327881
CUS06119,2025-08-31,0,0.6435208320617676
CUS03168,2025-07-31,1,0.6434924006462097
CUS01292,2025-07-31,0,0.6434924006462097
CUS06618,2025-07-31,1,0.6434428095817566
CUS03046,2025-09-30,1,0.6434116959571838
CUS06618,2025-08-31,0,0.643310010433197
CUS06938,2025-09-30,0,0.643246591091156
CUS06747,2025-08-31,0,0.6432223916053772
CUS01318,2025-07-31,0,0.6432011127471924
CUS07995,2025-07-31,0,0.6431810855865479
CUS05662,2025-08-31,0,0.6431810855865479
CUS05234,2025-07-31,1,0.6430988311767578
CUS06413,2025-09-30,0,0.642963171005249
CUS01875,2025-09-30,1,0.6429470777511597
CUS06432,2025-08-31,0,0.6425982713699341
CUS05814,2025-08-31,0,0.6424365639686584
CUS07007,2025-08-31,0,0.6422140002250671
CUS07218,2025-07-31,0,0.6421918869018555
CUS07744,2025-09-30,1,0.6421716213226318
CUS03643,2025-07-31,0,0.6421501636505127
CUS01872,2025-09-30,1,0.642105758190155
CUS01044,2025-07-31,0,0.6419843435287476
CUS00052,2025-09-30,1,0.6418734192848206
CUS02158,2025-08-31,1,0.6418492794036865
CUS06538,2025-07-31,0,0.6418492794036865
CUS06097,2025-07-31,1,0.6417551040649414
CUS02914,2025-07-31,1,0.6416893005371094
CUS03405,2025-09-30,1,0.6416581869125366
CUS06260,2025-07-31,0,0.6415708065032959
CUS00777,2025-08-31,1,0.6415134072303772
CUS06817,2025-07-31,0,0.6413031220436096
CUS07644,2025-08-31,1,0.6412079930305481
CUS02383,2025-08-31,0,0.6409501433372498
CUS06499,2025-08-31,0,0.6409115791320801
CUS00087,2025-09-30,1,0.6409059762954712
CUS01690,2025-09-30,1,0.6407429575920105
CUS02845,2025-09-30,1,0.6407312750816345
CUS04374,2025-09-30,1,0.6406591534614563
CUS04537,2025-09-30,0,0.6405441761016846
CUS01256,2025-09-30,1,0.640520453453064
CUS02087,2025-08-31,1,0.6405133008956909
CUS00532,2025-08-31,1,0.6404338479042053
CUS01546,2025-07-31,0,0.6404338479042053
CUS06392,2025-07-31,0,0.6404338479042053
CUS00377,2025-08-31,1,0.6404338479042053
CUS02321,2025-08-31,1,0.6404338479042053
CUS07370,2025-08-31,0,0.6401687264442444
CUS05981,2025-09-30,0,0.640062689781189
CUS06013,2025-09-30,1,0.640062689781189
CUS01904,2025-09-30,0,0.640062689781189
CUS07391,2025-09-30,1,0.640062689781189
CUS07412,2025-08-31,0,0.640062689781189
CUS00571,2025-07-31,1,0.640062689781189
CUS06330,2025-09-30,1,0.640062689781189
CUS07312,2025-09-30,0,0.640062689781189
CUS00330,2025-08-31,1,0.640062689781189
CUS04453,2025-09-30,1,0.640062689781189
CUS07070,2025-09-30,1,0.640062689781189
CUS00400,2025-07-31,1,0.640062689781189
CUS02323,2025-07-31,0,0.640062689781189
CUS00648,2025-08-31,0,0.6400542259216309
CUS00801,2025-09-30,1,0.6400325298309326
CUS06625,2025-07-31,0,0.6400191187858582
CUS03123,2025-07-31,0,0.6396740674972534
CUS03354,2025-09-30,1,0.6396740674972534
CUS05740,2025-07-31,0,0.6395257115364075
CUS06281,2025-09-30,0,0.6395168900489807
CUS04931,2025-07-31,1,0.639499306678772
CUS01452,2025-07-31,0,0.6393684148788452
CUS07163,2025-09-30,1,0.6393633484840393
CUS05956,2025-07-31,1,0.6391407251358032
CUS04237,2025-09-30,1,0.6390962600708008
CUS07106,2025-08-31,1,0.6390962600708008
CUS06313,2025-09-30,0,0.6390962600708008
CUS02658,2025-09-30,1,0.6390539407730103
CUS00148,2025-09-30,1,0.6390539407730103
CUS03829,2025-07-31,1,0.6390539407730103
CUS02996,2025-08-31,0,0.6390539407730103
CUS07384,2025-09-30,1,0.6390539407730103
CUS01956,2025-07-31,1,0.6390539407730103
CUS01575,2025-08-31,1,0.6390539407730103
CUS05805,2025-07-31,0,0.6390269994735718
CUS07187,2025-08-31,1,0.6389065384864807
CUS05566,2025-07-31,1,0.6386842131614685
CUS06023,2025-08-31,1,0.6386842131614685
CUS05455,2025-09-30,1,0.6386842131614685
CUS06693,2025-08-31,1,0.6386842131614685
CUS04279,2025-08-31,1,0.6386842131614685
CUS03814,2025-07-31,1,0.6386842131614685
CUS06699,2025-09-30,0,0.6386842131614685
CUS04862,2025-09-30,1,0.6386842131614685
CUS06523,2025-09-30,1,0.6386842131614685
CUS06855,2025-09-30,0,0.6386842131614685
CUS03171,2025-07-31,0,0.6386333703994751
CUS06912,2025-07-31,1,0.6386139392852783
CUS03424,2025-07-31,0,0.6385869383811951
CUS05420,2025-07-31,0,0.6385869383811951
CUS00794,2025-07-31,0,0.6385869383811951
CUS05332,2025-08-31,0,0.638581395149231
CUS04483,2025-08-31,1,0.6384761333465576
CUS07145,2025-07-31,1,0.6384544372558594
CUS01117,2025-07-31,1,0.6384471654891968
CUS07741,2025-09-30,0,0.6384471654891968
CUS00374,2025-08-31,0,0.6384471654891968
CUS05424,2025-08-31,0,0.6384471654891968
CUS06742,2025-09-30,1,0.6384471654891968
CUS07421,2025-09-30,1,0.6383877396583557
CUS04047,2025-07-31,1,0.638097882270813
CUS04690,2025-09-30,1,0.6380535960197449
CUS07953,2025-07-31,0,0.6377967000007629
CUS01467,2025-08-31,1,0.6377967000007629
CUS07836,2025-08-31,0,0.6377967000007629
CUS03721,2025-07-31,0,0.6377967000007629
CUS03979,2025-09-30,0,0.637753427028656
CUS06584,2025-09-30,1,0.6375827789306641
CUS00302,2025-07-31,0,0.6375560760498047
CUS03259,2025-08-31,0,0.6375409364700317
CUS04054,2025-09-30,1,0.6374716758728027
CUS07293,2025-07-31,0,0.6374230980873108
CUS00521,2025-07-31,0,0.6373118162155151
CUS07853,2025-07-31,1,0.6372272372245789
CUS01947,2025-07-31,0,0.6372144818305969
CUS06422,2025-07-31,1,0.6371391415596008
CUS02541,2025-08-31,0,0.6369690299034119
CUS01481,2025-07-31,1,0.6366720795631409
CUS05271,2025-09-30,1,0.6366208791732788
CUS02026,2025-07-31,0,0.6366149187088013
CUS05707,2025-09-30,1,0.6365216374397278
CUS00123,2025-08-31,1,0.6362779140472412
CUS06216,2025-08-31,1,0.6362562775611877
CUS05270,2025-08-31,0,0.6361730098724365
CUS05993,2025-08-31,1,0.6361132264137268
CUS03616,2025-09-30,1,0.6358608603477478
CUS03215,2025-08-31,1,0.6358210444450378
CUS03587,2025-08-31,1,0.6355803608894348
CUS06193,2025-07-31,0,0.6355803608894348
CUS02804,2025-07-31,0,0.6355803608894348
CUS03502,2025-09-30,1,0.6355803608894348
CUS02112,2025-09-30,1,0.6355803608894348
CUS06022,2025-09-30,0,0.6355803608894348
CUS05924,2025-07-31,1,0.6355803608894348
CUS05715,2025-08-31,1,0.6352880001068115
CUS05866,2025-09-30,1,0.6351840496063232
CUS01288,2025-07-31,0,0.6351763606071472
CUS07589,2025-08-31,1,0.6351163983345032
CUS00630,2025-07-31,1,0.6349696516990662
CUS06216,2025-09-30,1,0.6348788142204285
CUS02363,2025-08-31,1,0.6348139047622681
CUS06241,2025-07-31,1,0.6347610354423523
CUS07238,2025-07-31,0,0.6347610354423523
CUS01611,2025-09-30,1,0.634685754776001
CUS06109,2025-09-30,0,0.6346713900566101
CUS04470,2025-09-30,0,0.6346713900566101
CUS04312,2025-09-30,0,0.6346713900566101
CUS04349,2025-08-31,0,0.6346600651741028
CUS01822,2025-08-31,0,0.6346600651741028
CUS01103,2025-07-31,0,0.6344336867332458
CUS01236,2025-09-30,0,0.6344336867332458
CUS00550,2025-08-31,1,0.6344336867332458
CUS06763,2025-07-31,1,0.6344336867332458
CUS07901,2025-07-31,0,0.6344336867332458
CUS04374,2025-08-31,1,0.6343666911125183
CUS06343,2025-09-30,0,0.6343515515327454
CUS00693,2025-09-30,0,0.6342902779579163
CUS05932,2025-08-31,1,0.6341723799705505
CUS06754,2025-09-30,1,0.6338876485824585
CUS01460,2025-09-30,0,0.6338417530059814
CUS00416,2025-08-31,0,0.6338208913803101
CUS07717,2025-07-31,0,0.633811891078949
CUS01955,2025-08-31,1,0.633796215057373
CUS06191,2025-08-31,0,0.633796215057373
CUS04123,2025-08-31,1,0.633796215057373
CUS02342,2025-09-30,0,0.633796215057373
CUS05901,2025-08-31,0,0.633796215057373
CUS05722,2025-09-30,0,0.633796215057373
CUS05848,2025-09-30,1,0.633796215057373
CUS06980,2025-08-31,0,0.633796215057373
CUS04243,2025-09-30,1,0.633796215057373
CUS00906,2025-09-30,1,0.633796215057373
CUS03746,2025-09-30,0,0.633796215057373
CUS04766,2025-09-30,1,0.633796215057373
CUS00673,2025-07-31,1,0.633796215057373
CUS02742,2025-09-30,1,0.633796215057373
CUS05633,2025-09-30,1,0.633796215057373
CUS04219,2025-09-30,0,0.633796215057373
CUS07407,2025-09-30,1,0.633796215057373
CUS03070,2025-07-31,0,0.633796215057373
CUS06107,2025-08-31,0,0.633796215057373
CUS02331,2025-08-31,0,0.633796215057373
CUS07862,2025-07-31,0,0.633796215057373
CUS01112,2025-09-30,0,0.633796215057373
CUS03970,2025-07-31,1,0.633796215057373
CUS07360,2025-09-30,0,0.633796215057373
CUS03532,2025-09-30,0,0.633796215057373
CUS05305,2025-08-31,1,0.633796215057373
CUS03488,2025-08-31,0,0.633796215057373
CUS04355,2025-09-30,1,0.633796215057373
CUS00834,2025-07-31,0,0.6337375640869141
CUS01551,2025-09-30,1,0.6336956024169922
CUS05518,2025-09-30,0,0.633692741394043
CUS03824,2025-08-31,0,0.633692741394043
CUS06020,2025-08-31,1,0.633692741394043
CUS05777,2025-07-31,0,0.633692741394043
CUS01564,2025-08-31,1,0.6335739493370056
CUS00232,2025-09-30,0,0.6334840059280396
CUS04272,2025-07-31,0,0.6334840059280396
CUS03704,2025-09-30,1,0.6334728002548218
CUS03980,2025-07-31,1,0.6333938241004944
CUS06129,2025-08-31,0,0.6332064270973206
CUS07865,2025-09-30,0,0.6330356001853943
CUS07250,2025-09-30,1,0.6330356001853943
CUS04430,2025-08-31,1,0.6330356001853943
CUS03811,2025-07-31,0,0.6330356001853943
CUS03877,2025-07-31,0,0.6329519152641296
CUS06249,2025-08-31,0,0.6329519152641296
CUS06825,2025-07-31,1,0.6329443454742432
CUS01667,2025-08-31,1,0.6329443454742432
CUS03942,2025-09-30,1,0.6329443454742432
CUS06425,2025-08-31,1,0.6328964829444885
CUS07120,2025-08-31,0,0.6328452229499817
CUS00607,2025-07-31,0,0.6327841281890869
CUS07703,2025-09-30,1,0.6327401399612427
CUS07266,2025-08-31,0,0.6326541900634766
CUS02349,2025-08-31,1,0.6326541900634766
CUS01254,2025-09-30,0,0.6326541900634766
CUS01420,2025-07-31,0,0.6326541900634766
CUS02034,2025-09-30,0,0.6326500177383423
CUS02275,2025-07-31,0,0.632642388343811
CUS01362,2025-08-31,0,0.632642388343811
CUS03065,2025-08-31,0,0.6326269507408142
CUS00194,2025-08-31,1,0.632564127445221
CUS00886,2025-07-31,1,0.632564127445221
CUS01949,2025-09-30,1,0.6325185894966125
CUS05645,2025-07-31,0,0.6323853135108948
CUS05892,2025-08-31,1,0.6322580575942993
CUS00630,2025-08-31,1,0.6320782899856567
CUS02420,2025-07-31,0,0.6318722367286682
CUS05606,2025-07-31,1,0.6316535472869873
CUS07210,2025-07-31,1,0.6315647959709167
CUS05405,2025-07-31,0,0.6315350532531738
CUS03208,2025-07-31,0,0.6315350532531738
CUS06424,2025-09-30,0,0.6314661502838135
CUS04572,2025-09-30,1,0.6314206719398499
CUS02034,2025-08-31,1,0.6313376426696777
CUS01982,2025-09-30,0,0.6312914490699768
CUS04114,2025-08-31,0,0.6312577128410339
CUS00393,2025-09-30,1,0.6312413811683655
CUS07853,2025-09-30,1,0.6311896443367004
CUS03678,2025-09-30,1,0.6311100125312805
CUS00271,2025-09-30,1,0.6309773325920105
CUS02090,2025-09-30,0,0.6309773325920105
CUS01256,2025-07-31,1,0.630908191204071
CUS01498,2025-07-31,1,0.6307874917984009
CUS02072,2025-08-31,0,0.6307791471481323
CUS02205,2025-07-31,0,0.6307350993156433
CUS03207,2025-07-31,1,0.6306909918785095
CUS02042,2025-08-31,0,0.6306909918785095
CUS04519,2025-08-31,1,0.6306909918785095
CUS06205,2025-07-31,1,0.6306724548339844
CUS07799,2025-08-31,1,0.6306724548339844
CUS02957,2025-09-30,0,0.6306247115135193
CUS02087,2025-07-31,1,0.6305290460586548
CUS04881,2025-07-31,0,0.6304014325141907
CUS04343,2025-07-31,0,0.6303996443748474
CUS07881,2025-08-31,1,0.6303806900978088
CUS01639,2025-07-31,0,0.6303806900978088
CUS02573,2025-07-31,1,0.6303806900978088
CUS01673,2025-09-30,1,0.6303696632385254
CUS05430,2025-07-31,0,0.6303022503852844
CUS00941,2025-07-31,0,0.6302071809768677
CUS05596,2025-09-30,1,0.6301277875900269
CUS06570,2025-07-31,0,0.6301142573356628
CUS06334,2025-08-31,0,0.6300338506698608
CUS01742,2025-08-31,0,0.6300194263458252
CUS04900,2025-09-30,1,0.6300194263458252
CUS07372,2025-09-30,0,0.6300194263458252
CUS00607,2025-08-31,0,0.6299280524253845
CUS00433,2025-08-31,1,0.6299179196357727
CUS03668,2025-09-30,1,0.6299179196357727
CUS01697,2025-08-31,1,0.6299179196357727
CUS03385,2025-08-31,1,0.6298928260803223
CUS06180,2025-09-30,0,0.6298537254333496
CUS04881,2025-08-31,0,0.6298019289970398
CUS03723,2025-08-31,0,0.6297711730003357
CUS06128,2025-07-31,1,0.6297496557235718
CUS05369,2025-07-31,1,0.6297496557235718
CUS00443,2025-09-30,0,0.629633367061615
CUS05617,2025-08-31,1,0.6294354200363159
CUS06348,2025-09-30,1,0.6294097304344177
CUS05818,2025-08-31,0,0.6292988657951355
CUS03186,2025-07-31,0,0.6292803883552551
CUS03956,2025-09-30,0,0.6292638182640076
CUS06618,2025-09-30,0,0.6290748119354248
CUS01712,2025-08-31,1,0.629069447517395
CUS06529,2025-07-31,1,0.6288840174674988
CUS05169,2025-09-30,1,0.6288840174674988
CUS05335,2025-08-31,1,0.6288840174674988
CUS03430,2025-09-30,0,0.6288840174674988
CUS03555,2025-09-30,1,0.6288840174674988
CUS03034,2025-08-31,1,0.6288840174674988
CUS04893,2025-09-30,0,0.6288840174674988
CUS06065,2025-08-31,1,0.6288215517997742
CUS03960,2025-07-31,0,0.6286546587944031
CUS06104,2025-08-31,0,0.6285754442214966
CUS07690,2025-08-31,0,0.6285495162010193
CUS07863,2025-08-31,0,0.6284375190734863
CUS07163,2025-08-31,1,0.6284310817718506
CUS02310,2025-07-31,0,0.6283192038536072
CUS07068,2025-07-31,1,0.6281562447547913
CUS04350,2025-09-30,0,0.6281562447547913
CUS05331,2025-08-31,0,0.6281562447547913
CUS04495,2025-07-31,0,0.6281562447547913
CUS01327,2025-09-30,1,0.6281562447547913
CUS01865,2025-09-30,1,0.6280450224876404
CUS03454,2025-07-31,0,0.6279830932617188
CUS07644,2025-07-31,1,0.6279541850090027
CUS04857,2025-07-31,1,0.6279435753822327
CUS02925,2025-09-30,0,0.6278731226921082
CUS06992,2025-07-31,1,0.6278731226921082
CUS02306,2025-07-31,1,0.6278731226921082
CUS07744,2025-08-31,1,0.6278505325317383
CUS02865,2025-07-31,0,0.6277892589569092
CUS04340,2025-07-31,0,0.6277892589569092
CUS07260,2025-07-31,1,0.6277254819869995
CUS00697,2025-09-30,0,0.6277099847793579
CUS07219,2025-07-31,0,0.6275854110717773
CUS01260,2025-07-31,1,0.6274368762969971
CUS03842,2025-07-31,1,0.6274304986000061
CUS04051,2025-08-31,1,0.6270997524261475
CUS05870,2025-07-31,0,0.6270802617073059
CUS05430,2025-08-31,0,0.62701016664505
CUS01055,2025-09-30,1,0.6269479990005493
CUS07767,2025-07-31,1,0.6269197463989258
CUS02474,2025-09-30,1,0.6269197463989258
CUS05395,2025-08-31,1,0.6268995404243469
CUS07062,2025-07-31,0,0.6266344785690308
CUS00877,2025-07-31,0,0.6261649131774902
CUS06483,2025-07-31,1,0.6261649131774902
CUS05587,2025-07-31,1,0.6259945034980774
CUS07866,2025-08-31,1,0.6253373622894287
CUS04394,2025-07-31,0,0.6252930164337158
CUS06094,2025-08-31,0,0.6252930164337158
CUS00961,2025-08-31,1,0.625282883644104
CUS03851,2025-09-30,0,0.625282883644104
CUS01915,2025-08-31,0,0.625282883644104
CUS07388,2025-09-30,1,0.625282883644104
CUS06309,2025-08-31,1,0.624786913394928
CUS02013,2025-08-31,0,0.6247434616088867
CUS03315,2025-08-31,1,0.6246602535247803
CUS00710,2025-07-31,1,0.6246602535247803
CUS00967,2025-09-30,1,0.6246602535247803
CUS07968,2025-07-31,0,0.6246602535247803
CUS07251,2025-07-31,1,0.6246602535247803
CUS06358,2025-08-31,1,0.6246602535247803
CUS02635,2025-08-31,0,0.6246602535247803
CUS07155,2025-07-31,0,0.6246602535247803
CUS01528,2025-09-30,1,0.6246602535247803
CUS07718,2025-09-30,0,0.6246602535247803
CUS06354,2025-07-31,1,0.6244882941246033
CUS06479,2025-07-31,1,0.6244588494300842
CUS03143,2025-08-31,0,0.6244588494300842
CUS03797,2025-08-31,0,0.6244147419929504
CUS06080,2025-09-30,0,0.6244147419929504
CUS00279,2025-09-30,1,0.6244147419929504
CUS07598,2025-08-31,0,0.6244147419929504
CUS00666,2025-09-30,1,0.6243568062782288
CUS02534,2025-08-31,1,0.6243534088134766
CUS05649,2025-09-30,1,0.6241989135742188
CUS06354,2025-09-30,1,0.6241095662117004
CUS01026,2025-08-31,1,0.6241010427474976
CUS05073,2025-07-31,1,0.6239762306213379
CUS06138,2025-08-31,1,0.6239762306213379
CUS04998,2025-08-31,0,0.6238912343978882
CUS04976,2025-08-31,1,0.6238057017326355
CUS05331,2025-09-30,0,0.6236991882324219
CUS04595,2025-09-30,0,0.6235828995704651
CUS05727,2025-08-31,1,0.6235775947570801
CUS07761,2025-07-31,0,0.6234948635101318
CUS04774,2025-07-31,0,0.6234948635101318
CUS03703,2025-07-31,1,0.6233425140380859
CUS05144,2025-09-30,0,0.6230899691581726
CUS03206,2025-09-30,0,0.6230707168579102
CUS01786,2025-07-31,0,0.6229901909828186
CUS02847,2025-07-31,0,0.622699499130249
CUS02571,2025-07-31,1,0.6226630210876465
CUS00745,2025-07-31,0,0.6226630210876465
CUS03430,2025-08-31,0,0.6226630210876465
CUS03034,2025-07-31,1,0.6226630210876465
CUS05335,2025-07-31,1,0.6226630210876465
CUS03310,2025-09-30,1,0.6226630210876465
CUS02915,2025-07-31,1,0.6226630210876465
CUS04845,2025-09-30,1,0.6226630210876465
CUS00425,2025-09-30,1,0.6223189234733582
CUS07023,2025-07-31,0,0.6220377087593079
CUS03204,2025-09-30,1,0.6220373511314392
CUS03852,2025-09-30,0,0.6218500733375549
CUS04662,2025-08-31,1,0.6218500733375549
CUS01161,2025-09-30,0,0.6218500733375549
CUS04610,2025-08-31,0,0.6216062903404236
CUS06911,2025-08-31,1,0.6215851902961731
CUS03822,2025-07-31,1,0.6214526891708374
CUS04391,2025-08-31,1,0.6213712692260742
CUS01693,2025-07-31,1,0.6212121844291687
CUS00875,2025-07-31,0,0.6212121844291687
CUS05940,2025-07-31,1,0.6209626197814941
CUS06953,2025-08-31,1,0.6209415793418884
CUS07526,2025-09-30,0,0.6207616329193115
CUS05432,2025-09-30,1,0.6206710934638977
CUS03823,2025-09-30,1,0.6206710934638977
CUS04483,2025-07-31,1,0.620292603969574
CUS05872,2025-09-30,0,0.6202605366706848
CUS04465,2025-08-31,0,0.6201236844062805
CUS01422,2025-09-30,0,0.6200079917907715
CUS07702,2025-07-31,1,0.6199010610580444
CUS02214,2025-07-31,0,0.6198979616165161
CUS03669,2025-07-31,1,0.6198866367340088
CUS02920,2025-09-30,0,0.6198594570159912
CUS01302,2025-09-30,0,0.6197394132614136
CUS00432,2025-08-31,0,0.6196941137313843
CUS03987,2025-07-31,1,0.6196941137313843
CUS06909,2025-09-30,1,0.6196941137313843
CUS05505,2025-07-31,1,0.6193699836730957
CUS01009,2025-07-31,0,0.6192436814308167
CUS06589,2025-08-31,0,0.619167685508728
CUS00640,2025-09-30,0,0.6191292405128479
CUS01530,2025-09-30,1,0.6190241575241089
CUS07076,2025-07-31,1,0.6189984083175659
CUS03699,2025-07-31,1,0.6189224720001221
CUS00178,2025-08-31,0,0.6189224720001221
CUS04253,2025-08-31,0,0.6188266277313232
CUS05326,2025-08-31,1,0.6187249422073364
CUS02452,2025-07-31,1,0.6187249422073364
CUS04082,2025-07-31,0,0.6186948418617249
CUS01604,2025-09-30,1,0.6186948418617249
CUS06308,2025-07-31,1,0.6186742186546326
CUS03347,2025-07-31,0,0.6186521649360657
CUS04923,2025-09-30,0,0.6186003684997559
CUS01178,2025-08-31,0,0.6185594201087952
CUS02287,2025-07-31,0,0.618277907371521
CUS00499,2025-09-30,1,0.618277907371521
CUS05632,2025-09-30,1,0.6182751655578613
CUS05522,2025-07-31,1,0.6182751655578613
CUS06449,2025-08-31,1,0.6182751655578613
CUS07963,2025-08-31,0,0.6182751655578613
CUS05287,2025-09-30,0,0.6182751655578613
CUS03955,2025-08-31,1,0.6182751655578613
CUS03644,2025-09-30,0,0.6182530522346497
CUS01712,2025-09-30,1,0.6182162165641785
CUS04529,2025-09-30,0,0.6181783080101013
CUS04707,2025-09-30,1,0.6181783080101013
CUS05686,2025-08-31,1,0.6181783080101013
CUS06604,2025-08-31,0,0.6181783080101013
CUS03456,2025-09-30,0,0.6181783080101013
CUS07942,2025-07-31,1,0.6181575655937195
CUS04968,2025-07-31,0,0.6179596185684204
CUS06190,2025-07-31,1,0.6179596185684204
CUS02662,2025-07-31,0,0.6179488897323608
CUS02187,2025-07-31,1,0.617946982383728
CUS04389,2025-09-30,1,0.617946982383728
CUS00539,2025-07-31,1,0.617946982383728
CUS05634,2025-07-31,1,0.6177786588668823
CUS06550,2025-09-30,0,0.6177458167076111
CUS00979,2025-09-30,0,0.6177458167076111
CUS06459,2025-07-31,0,0.6176316142082214
CUS07044,2025-08-31,1,0.6176314353942871
CUS03175,2025-07-31,1,0.6176314353942871
CUS03880,2025-08-31,1,0.6176260113716125
CUS06010,2025-08-31,0,0.6176260113716125
CUS03343,2025-08-31,0,0.6175969243049622
CUS06571,2025-09-30,1,0.6175969243049622
CUS02501,2025-09-30,0,0.6172350645065308
CUS07571,2025-07-31,1,0.6171471476554871
CUS05502,2025-07-31,0,0.6171019077301025
CUS00893,2025-07-31,0,0.6171019077301025
CUS01498,2025-09-30,0,0.616873025894165
CUS04303,2025-09-30,1,0.6167826652526855
CUS07449,2025-08-31,1,0.6167826652526855
CUS03004,2025-07-31,0,0.616713285446167
CUS00417,2025-08-31,0,0.616713285446167
CUS00746,2025-09-30,1,0.616713285446167
CUS01690,2025-08-31,1,0.616681694984436
CUS06872,2025-08-31,1,0.6166325211524963
CUS07904,2025-07-31,1,0.6166301965713501
CUS05255,2025-07-31,0,0.6165496706962585
CUS06460,2025-07-31,1,0.6164780855178833
CUS01707,2025-07-31,0,0.6164780855178833
CUS07428,2025-07-31,1,0.6164209246635437
CUS02586,2025-09-30,0,0.6162339448928833
CUS05478,2025-09-30,0,0.6161961555480957
CUS07260,2025-08-31,1,0.6160962581634521
CUS06335,2025-09-30,1,0.6160485744476318
CUS03012,2025-07-31,0,0.6159483790397644
CUS04669,2025-07-31,1,0.6159326434135437
CUS05869,2025-09-30,1,0.6158696413040161
CUS07001,2025-07-31,0,0.6157814264297485
CUS00281,2025-07-31,1,0.6157523989677429
CUS02381,2025-09-30,0,0.6156883239746094
CUS06027,2025-07-31,1,0.6156883239746094
CUS06511,2025-07-31,0,0.6154467463493347
CUS04767,2025-07-31,1,0.6153189539909363
CUS01414,2025-07-31,1,0.6153189539909363
CUS00488,2025-09-30,0,0.6153189539909363
CUS06101,2025-09-30,1,0.6152585744857788
CUS04507,2025-09-30,1,0.6152585744857788
CUS03403,2025-09-30,1,0.6152585744857788
CUS05410,2025-09-30,1,0.6152585744857788
CUS00150,2025-09-30,0,0.6152585744857788
CUS00723,2025-09-30,0,0.6152585744857788
CUS00462,2025-07-31,0,0.6152545213699341
CUS04390,2025-09-30,1,0.6151965856552124
CUS04445,2025-09-30,0,0.6151701807975769
CUS06500,2025-09-30,0,0.6151695251464844
CUS06362,2025-09-30,1,0.6150449514389038
CUS00620,2025-08-31,0,0.6150449514389038
CUS07673,2025-08-31,1,0.6150215864181519
CUS00807,2025-07-31,1,0.6150087714195251
CUS00218,2025-09-30,0,0.6149447560310364
CUS05617,2025-09-30,1,0.6149131059646606
CUS01189,2025-08-31,0,0.6149062514305115
CUS01260,2025-09-30,1,0.6147713661193848
CUS04434,2025-08-31,1,0.6147696375846863
CUS03314,2025-09-30,1,0.6146761178970337
CUS04156,2025-08-31,1,0.6145713329315186
CUS02208,2025-09-30,0,0.6144261360168457
CUS01027,2025-09-30,1,0.6144101619720459
CUS01437,2025-07-31,0,0.6143157482147217
CUS03976,2025-08-31,0,0.614237904548645
CUS04337,2025-07-31,1,0.614237904548645
CUS02530,2025-07-31,1,0.614237904548645
CUS01498,2025-08-31,0,0.6141785383224487
CUS00207,2025-07-31,1,0.6139682531356812
CUS04777,2025-09-30,1,0.6138781905174255
CUS07573,2025-07-31,1,0.6138781905174255
CUS06219,2025-09-30,0,0.6138292551040649
CUS06399,2025-07-31,0,0.6135934591293335
CUS03419,2025-07-31,1,0.6135673522949219
CUS07475,2025-07-31,1,0.6135427355766296
CUS04002,2025-07-31,1,0.6135210990905762
CUS03444,2025-09-30,0,0.6135210990905762
CUS05684,2025-09-30,1,0.6135210990905762
CUS07702,2025-08-31,1,0.6134517788887024
CUS00321,2025-07-31,1,0.6134267449378967
CUS01562,2025-08-31,0,0.6133475303649902
CUS04758,2025-07-31,0,0.6131290197372437
CUS05349,2025-08-31,1,0.613118052482605
CUS07867,2025-07-31,0,0.6130957007408142
CUS05031,2025-07-31,1,0.6130957007408142
CUS02268,2025-07-31,0,0.6130957007408142
CUS05207,2025-07-31,0,0.6130726337432861
CUS06822,2025-07-31,1,0.6130686402320862
CUS07605,2025-08-31,1,0.6130686402320862
CUS03217,2025-09-30,0,0.6129316091537476
CUS02289,2025-07-31,0,0.6127175688743591
CUS05870,2025-09-30,0,0.6126328706741333
CUS07314,2025-08-31,0,0.612619161605835
CUS03766,2025-07-31,1,0.612619161605835
CUS00682,2025-07-31,1,0.612580418586731
CUS04521,2025-07-31,0,0.6125704050064087
CUS07355,2025-07-31,1,0.6125704050064087
CUS00040,2025-07-31,0,0.6125704050064087
CUS07665,2025-07-31,0,0.6125704050064087
CUS05558,2025-08-31,0,0.6125254034996033
CUS00358,2025-08-31,1,0.6124518513679504
CUS03664,2025-07-31,0,0.6124399304389954
CUS05953,2025-07-31,0,0.6124399304389954
CUS05097,2025-09-30,0,0.6124399304389954
CUS01055,2025-08-31,1,0.6122444272041321
CUS02610,2025-08-31,1,0.6118806004524231
CUS02174,2025-08-31,1,0.6118806004524231
CUS01633,2025-08-31,0,0.6118806004524231
CUS06793,2025-09-30,0,0.6116592288017273
CUS02225,2025-08-31,0,0.6116080284118652
CUS04442,2025-07-31,1,0.6116065979003906
CUS03309,2025-08-31,0,0.6115725636482239
CUS02837,2025-08-31,0,0.6114720702171326
CUS05378,2025-08-31,1,0.6113386750221252
CUS04634,2025-09-30,0,0.6113386750221252
CUS07738,2025-09-30,0,0.6113293766975403
CUS02846,2025-08-31,0,0.6113293766975403
CUS05942,2025-08-31,0,0.6113293766975403
CUS06577,2025-08-31,0,0.6113293766975403
CUS00566,2025-09-30,1,0.6113293766975403
CUS00130,2025-07-31,0,0.6113050580024719
CUS04455,2025-08-31,1,0.6112501621246338
CUS01437,2025-08-31,0,0.6111306548118591
CUS01106,2025-08-31,0,0.6111283302307129
CUS01606,2025-07-31,1,0.6111283302307129
CUS06745,2025-08-31,0,0.6111283302307129
CUS05210,2025-09-30,0,0.6111277937889099
CUS00424,2025-07-31,0,0.6111277937889099
CUS05121,2025-07-31,1,0.6111094951629639
CUS03049,2025-07-31,1,0.6109995245933533
CUS02375,2025-07-31,1,0.6107887625694275
CUS01678,2025-08-31,0,0.6107385754585266
CUS00809,2025-07-31,1,0.6107385754585266
CUS04464,2025-07-31,1,0.6106817126274109
CUS04270,2025-08-31,0,0.6106691360473633
CUS05514,2025-07-31,1,0.610608696937561
CUS05311,2025-09-30,0,0.6105332970619202
CUS04653,2025-08-31,0,0.6104613542556763
CUS00022,2025-08-31,1,0.6103637218475342
CUS04128,2025-07-31,0,0.6103637218475342
CUS02392,2025-08-31,1,0.6103142499923706
CUS06798,2025-07-31,1,0.6102281212806702
CUS07837,2025-07-31,0,0.6101318001747131
CUS06317,2025-09-30,1,0.6101011037826538
CUS05619,2025-07-31,0,0.6100931167602539
CUS06175,2025-08-31,0,0.6100931167602539
CUS06183,2025-08-31,1,0.610066294670105
CUS02164,2025-08-31,0,0.609965443611145
CUS03116,2025-09-30,1,0.609965443611145
CUS05767,2025-08-31,1,0.609965443611145
CUS03270,2025-09-30,0,0.6099349856376648
CUS02201,2025-08-31,0,0.6099349856376648
CUS06022,2025-07-31,0,0.6099079251289368
CUS01833,2025-09-30,1,0.6099079251289368
CUS01916,2025-09-30,1,0.6099079251289368
CUS05991,2025-09-30,1,0.6099079251289368
CUS03846,2025-09-30,0,0.6099079251289368
CUS03875,2025-09-30,0,0.6099079251289368
CUS02211,2025-08-31,1,0.6099079251289368
CUS04161,2025-09-30,0,0.6099079251289368
CUS02112,2025-07-31,1,0.6099079251289368
CUS00420,2025-09-30,0,0.6099079251289368
CUS00904,2025-08-31,1,0.6099079251289368
CUS03153,2025-09-30,0,0.6099079251289368
CUS04629,2025-09-30,0,0.6099079251289368
CUS06792,2025-07-31,0,0.6098772883415222
CUS06524,2025-09-30,0,0.6098772883415222
CUS01141,2025-09-30,0,0.6098772883415222
CUS04359,2025-08-31,1,0.6097737550735474
CUS03948,2025-09-30,0,0.6097737550735474
CUS03112,2025-08-31,0,0.6097261905670166
CUS04725,2025-09-30,1,0.6096994280815125
CUS05033,2025-09-30,0,0.6096577644348145
CUS06140,2025-08-31,1,0.6096539497375488
CUS02224,2025-07-31,0,0.6096539497375488
CUS01425,2025-08-31,0,0.609596848487854
CUS00941,2025-08-31,0,0.6095441579818726
CUS00253,2025-09-30,0,0.6095417737960815
CUS01198,2025-08-31,0,0.6095417737960815
CUS07004,2025-09-30,1,0.6094245910644531
CUS05537,2025-09-30,1,0.6094245910644531
CUS07604,2025-09-30,0,0.6094245910644531
CUS07998,2025-09-30,1,0.6093645691871643
CUS01149,2025-09-30,1,0.609285295009613
CUS07475,2025-08-31,0,0.6091798543930054
CUS05308,2025-09-30,0,0.6091306805610657
CUS00327,2025-07-31,1,0.6091306805610657
CUS01137,2025-07-31,0,0.6091306805610657
CUS07405,2025-08-31,1,0.6091164946556091
CUS05066,2025-08-31,0,0.6090783476829529
CUS01115,2025-09-30,1,0.6089832782745361
CUS01893,2025-08-31,1,0.6088032126426697
CUS02627,2025-09-30,1,0.6085354685783386
CUS05407,2025-09-30,1,0.6084780693054199
CUS02879,2025-09-30,1,0.6083610653877258
CUS02945,2025-07-31,1,0.6083221435546875
CUS06259,2025-08-31,0,0.6082881093025208
CUS07257,2025-09-30,1,0.6082066297531128
CUS00459,2025-09-30,0,0.6081284880638123
CUS01430,2025-09-30,1,0.6077495813369751
CUS03301,2025-08-31,1,0.607689619064331
CUS00443,2025-08-31,0,0.6075841188430786
CUS05953,2025-09-30,0,0.6075785756111145
CUS06099,2025-08-31,1,0.6074516177177429
CUS02030,2025-08-31,0,0.6074423789978027
CUS01260,2025-08-31,1,0.6073203682899475
CUS07466,2025-08-31,0,0.6072945594787598
CUS00907,2025-07-31,1,0.6072352528572083
CUS01588,2025-09-30,1,0.6072352528572083
CUS05590,2025-08-31,1,0.6071618795394897
CUS04253,2025-09-30,0,0.6071068644523621
CUS02541,2025-07-31,0,0.607103705406189
CUS04826,2025-07-31,1,0.6068721413612366
CUS07171,2025-08-31,0,0.6068712472915649
CUS04590,2025-07-31,1,0.6068310737609863
CUS00065,2025-07-31,0,0.6067783236503601
CUS03045,2025-09-30,1,0.6067594289779663
CUS07376,2025-07-31,0,0.6067208051681519
CUS02333,2025-09-30,0,0.6066609025001526
CUS00975,2025-08-31,0,0.6066280603408813
CUS03105,2025-09-30,1,0.6064559817314148
CUS05409,2025-07-31,0,0.6063439846038818
CUS05279,2025-09-30,0,0.6063199043273926
CUS02356,2025-09-30,1,0.6062772274017334
CUS02335,2025-09-30,0,0.6062675714492798
CUS02862,2025-08-31,0,0.6062675714492798
CUS04764,2025-08-31,0,0.6062675714492798
CUS02540,2025-09-30,1,0.6062546968460083
CUS02627,2025-08-31,1,0.6062522530555725
CUS00600,2025-07-31,0,0.6062425374984741
CUS05076,2025-08-31,1,0.6062425374984741
CUS03907,2025-09-30,1,0.6062425374984741
CUS01897,2025-09-30,1,0.6062425374984741
CUS04680,2025-09-30,1,0.6062425374984741
CUS00026,2025-07-31,1,0.6062179207801819
CUS05063,2025-08-31,1,0.6062179207801819
CUS03399,2025-08-31,1,0.6062179207801819
CUS07955,2025-08-31,1,0.6062088012695312
CUS05422,2025-09-30,1,0.6062088012695312
CUS05681,2025-07-31,1,0.6060945391654968
CUS06613,2025-07-31,0,0.6060945391654968
CUS03460,2025-08-31,1,0.6060609817504883
CUS04941,2025-07-31,1,0.6060372591018677
CUS04105,2025-08-31,1,0.6058463454246521
CUS01030,2025-09-30,1,0.6058211326599121
CUS05119,2025-08-31,1,0.6057966947555542
CUS03070,2025-09-30,1,0.6056699156761169
CUS07020,2025-08-31,1,0.6056349873542786
CUS07845,2025-09-30,0,0.6056308746337891
CUS02562,2025-08-31,1,0.6055291295051575
CUS00752,2025-09-30,0,0.6054354310035706
CUS04670,2025-09-30,0,0.605355978012085
CUS01177,2025-08-31,1,0.605355978012085
CUS00380,2025-09-30,1,0.6053364872932434
CUS02416,2025-07-31,1,0.6052612662315369
CUS03460,2025-07-31,1,0.605238139629364
CUS05850,2025-09-30,1,0.6050446033477783
CUS01089,2025-09-30,0,0.6048994064331055
CUS02501,2025-08-31,0,0.6048839688301086
CUS05859,2025-08-31,0,0.6047676801681519
CUS04253,2025-07-31,0,0.6047418713569641
CUS07341,2025-07-31,1,0.6046291589736938
CUS02787,2025-08-31,1,0.6045289039611816
CUS06643,2025-07-31,1,0.6044870615005493
CUS06233,2025-08-31,1,0.6044312119483948
CUS07113,2025-08-31,1,0.6044312119483948
CUS02320,2025-09-30,1,0.6044312119483948
CUS07140,2025-07-31,1,0.6044312119483948
CUS00232,2025-08-31,0,0.6044153571128845
CUS05514,2025-08-31,1,0.6043962836265564
CUS06334,2025-07-31,1,0.6043034195899963
CUS00791,2025-09-30,1,0.6042931079864502
CUS05047,2025-08-31,0,0.6041842699050903
CUS00816,2025-07-31,0,0.6040154695510864
CUS01816,2025-09-30,0,0.6040154695510864
CUS04441,2025-09-30,0,0.6039309501647949
CUS02442,2025-08-31,0,0.6038903594017029
CUS02387,2025-07-31,1,0.6038336753845215
CUS02212,2025-07-31,0,0.6037139892578125
CUS05675,2025-07-31,0,0.6036970019340515
CUS00098,2025-07-31,1,0.6035919189453125
CUS00343,2025-07-31,0,0.6035919189453125
CUS03533,2025-08-31,0,0.6035621166229248
CUS02056,2025-08-31,1,0.6035076379776001
CUS04942,2025-09-30,0,0.6035076379776001
CUS07686,2025-09-30,0,0.6034618616104126
CUS04572,2025-08-31,1,0.6033953428268433
CUS03669,2025-08-31,1,0.6033937931060791
CUS04866,2025-07-31,0,0.6032593250274658
CUS06662,2025-07-31,1,0.6032590866088867
CUS04495,2025-08-31,0,0.6032317280769348
CUS07904,2025-08-31,1,0.6031652688980103
CUS00956,2025-07-31,1,0.6031646132469177
CUS03832,2025-09-30,0,0.6031450629234314
CUS04800,2025-09-30,0,0.6031450629234314
CUS00569,2025-07-31,0,0.6031386256217957
CUS07018,2025-09-30,0,0.6030834913253784
CUS07277,2025-07-31,0,0.6029521822929382
CUS01640,2025-09-30,0,0.602790892124176
CUS05218,2025-09-30,1,0.6027877926826477
CUS05634,2025-09-30,0,0.6027349233627319
CUS02033,2025-09-30,0,0.6027349233627319
CUS04715,2025-09-30,0,0.6027349233627319
CUS01872,2025-08-31,0,0.6026294231414795
CUS02025,2025-09-30,0,0.6024854779243469
CUS00207,2025-08-31,1,0.6024513244628906
CUS03958,2025-08-31,1,0.6023045182228088
CUS05267,2025-07-31,0,0.6021870374679565
CUS01990,2025-07-31,0,0.6020656228065491
CUS02053,2025-09-30,0,0.6020335555076599
CUS03955,2025-07-31,1,0.6019589304924011
CUS07963,2025-07-31,1,0.6019589304924011
CUS06449,2025-07-31,1,0.6019589304924011
CUS05857,2025-09-30,0,0.601954996585846
CUS02606,2025-08-31,1,0.6019237637519836
CUS04730,2025-07-31,1,0.6019237637519836
CUS04722,2025-08-31,1,0.6019237637519836
CUS00760,2025-09-30,0,0.6018772721290588
CUS01808,2025-09-30,0,0.601859986782074
CUS00551,2025-08-31,1,0.601859986782074
CUS03962,2025-08-31,1,0.601859986782074
CUS04260,2025-08-31,1,0.6018162369728088
CUS07587,2025-08-31,0,0.6018145084381104
CUS05309,2025-08-31,0,0.6018145084381104
CUS02094,2025-08-31,0,0.6016242504119873
CUS03768,2025-08-31,1,0.6016125679016113
CUS01591,2025-08-31,1,0.6015924215316772
CUS00458,2025-07-31,1,0.6015924215316772
CUS07902,2025-08-31,1,0.6015599370002747
CUS01154,2025-09-30,1,0.6013941764831543
CUS02368,2025-09-30,1,0.6013941764831543
CUS06489,2025-09-30,0,0.6012869477272034
CUS00640,2025-07-31,0,0.601201593875885
CUS01012,2025-09-30,1,0.601050078868866
CUS04197,2025-07-31,0,0.601004958152771
CUS06067,2025-09-30,1,0.6009464859962463
CUS01497,2025-08-31,0,0.6009464859962463
CUS00800,2025-08-31,0,0.600936233997345
CUS05568,2025-08-31,0,0.600936233997345
CUS06186,2025-07-31,0,0.6007295250892639
CUS00207,2025-09-30,1,0.6006710529327393
CUS04213,2025-09-30,1,0.6006425619125366
CUS02414,2025-07-31,0,0.6006415486335754
CUS03610,2025-09-30,1,0.6005536317825317
CUS01299,2025-07-31,1,0.6005536317825317
CUS06888,2025-09-30,1,0.6005529761314392
CUS03536,2025-09-30,1,0.6005529761314392
CUS02856,2025-09-30,0,0.6005529761314392
CUS07278,2025-09-30,1,0.6005428433418274
CUS05045,2025-08-31,1,0.600479781627655
CUS02476,2025-07-31,0,0.600479781627655
CUS04347,2025-07-31,1,0.6003942489624023
CUS00416,2025-07-31,0,0.6001514792442322
CUS07362,2025-07-31,1,0.6001002192497253
CUS01846,2025-07-31,0,0.6001002192497253
CUS00652,2025-08-31,1,0.599983274936676
CUS02459,2025-09-30,0,0.599983274936676
CUS03189,2025-08-31,1,0.599983274936676
CUS05032,2025-08-31,1,0.5999550223350525
CUS02085,2025-07-31,1,0.5999550223350525
CUS02439,2025-07-31,0,0.599873423576355
CUS02449,2025-09-30,1,0.5998679995536804
CUS07276,2025-09-30,0,0.5998679995536804
CUS00467,2025-09-30,0,0.5997707843780518
CUS04488,2025-07-31,0,0.5996968150138855
CUS05759,2025-08-31,1,0.5996770858764648
CUS01683,2025-09-30,1,0.5996770858764648
CUS04292,2025-07-31,1,0.5994277596473694
CUS05059,2025-08-31,1,0.5994277596473694
CUS03952,2025-09-30,0,0.5994277596473694
CUS00115,2025-07-31,0,0.5994191765785217
CUS03541,2025-08-31,1,0.5992139577865601
CUS07750,2025-09-30,1,0.5989909768104553
CUS07655,2025-09-30,1,0.5988656282424927
CUS00106,2025-09-30,0,0.598666250705719
CUS00037,2025-09-30,1,0.5985491871833801
CUS02604,2025-08-31,0,0.5985472798347473
CUS00670,2025-08-31,1,0.5985412001609802
CUS00131,2025-09-30,0,0.5984417200088501
CUS01422,2025-08-31,0,0.5982565879821777
CUS02356,2025-08-31,1,0.5982524156570435
CUS03989,2025-09-30,0,0.5982444882392883
CUS01108,2025-09-30,0,0.5982194542884827
CUS04553,2025-09-30,1,0.5982014536857605
CUS02474,2025-08-31,1,0.5982014536857605
CUS00330,2025-07-31,1,0.598179042339325
CUS03676,2025-09-30,1,0.598179042339325
CUS05488,2025-08-31,1,0.5981558561325073
CUS06331,2025-08-31,1,0.5981558561325073
CUS07948,2025-09-30,0,0.5981083512306213
CUS01055,2025-07-31,1,0.5980412364006042
CUS02956,2025-07-31,0,0.5979933142662048
CUS06507,2025-08-31,1,0.5978333950042725
CUS02628,2025-08-31,0,0.5977679491043091
CUS02576,2025-07-31,0,0.5977439880371094
CUS05302,2025-08-31,0,0.5977069139480591
CUS04130,2025-08-31,1,0.5977069139480591
CUS00946,2025-09-30,0,0.5976964831352234
CUS05548,2025-09-30,1,0.5976808071136475
CUS01264,2025-08-31,1,0.5976808071136475
CUS01412,2025-09-30,1,0.5976808071136475
CUS06729,2025-08-31,1,0.5976808071136475
CUS02736,2025-07-31,1,0.5975719094276428
CUS05425,2025-07-31,1,0.5974575281143188
CUS00015,2025-08-31,0,0.5974575281143188
CUS07448,2025-09-30,0,0.5974341630935669
CUS01142,2025-08-31,0,0.5974341630935669
CUS04274,2025-09-30,0,0.5973219871520996
CUS04168,2025-09-30,1,0.5973219871520996
CUS05825,2025-08-31,0,0.5973219871520996
CUS03679,2025-09-30,0,0.5973219871520996
CUS02040,2025-07-31,0,0.5971692204475403
CUS03320,2025-08-31,0,0.5970863103866577
CUS04693,2025-08-31,1,0.5970863103866577
CUS04350,2025-08-31,0,0.5970478057861328
CUS01327,2025-08-31,1,0.5970478057861328
CUS03486,2025-08-31,0,0.5970478057861328
CUS00705,2025-07-31,0,0.597004234790802
CUS05874,2025-07-31,0,0.5970023274421692
CUS04418,2025-07-31,0,0.5969337821006775
CUS05306,2025-09-30,0,0.5968188643455505
CUS04690,2025-08-31,1,0.5966455340385437
CUS01954,2025-08-31,1,0.5965989828109741
CUS07688,2025-09-30,1,0.5965989828109741
CUS04135,2025-09-30,1,0.5965989828109741
CUS00499,2025-08-31,1,0.5965633988380432
CUS04936,2025-08-31,0,0.5965251922607422
CUS07008,2025-07-31,0,0.5964787006378174
CUS05122,2025-08-31,0,0.5964787006378174
CUS06058,2025-08-31,1,0.5964677333831787
CUS07280,2025-07-31,0,0.5964393615722656
CUS07464,2025-07-31,1,0.5964393615722656
CUS00364,2025-07-31,1,0.5964393615722656
CUS06735,2025-09-30,0,0.5963029861450195
CUS06287,2025-08-31,0,0.5961940884590149
CUS02718,2025-07-31,0,0.5961940884590149
CUS05253,2025-08-31,1,0.5961940884590149
CUS06547,2025-09-30,1,0.5961704850196838
CUS01999,2025-09-30,1,0.596034586429596
CUS05812,2025-09-30,1,0.5958621501922607
CUS01372,2025-08-31,1,0.5958621501922607
CUS04594,2025-07-31,1,0.5958621501922607
CUS04092,2025-09-30,1,0.5958621501922607
CUS07360,2025-08-31,0,0.5958218574523926
CUS06191,2025-07-31,0,0.5958218574523926
CUS07142,2025-09-30,0,0.5958218574523926
CUS05848,2025-08-31,1,0.5958218574523926
CUS06949,2025-09-30,0,0.5958218574523926
CUS05145,2025-09-30,1,0.5958218574523926
CUS04219,2025-08-31,0,0.5958218574523926
CUS02682,2025-08-31,1,0.5958001613616943
CUS04781,2025-09-30,1,0.5957896709442139
CUS07680,2025-08-31,0,0.5957727432250977
CUS03805,2025-09-30,0,0.5957692265510559
CUS02712,2025-09-30,1,0.5957463383674622
CUS05428,2025-09-30,1,0.595691442489624
CUS07845,2025-08-31,0,0.5956241488456726
CUS03997,2025-08-31,0,0.5956237316131592
CUS04717,2025-09-30,1,0.5955312848091125
CUS06622,2025-09-30,0,0.5955036282539368
CUS03065,2025-07-31,0,0.5954685807228088
CUS01241,2025-07-31,0,0.5952749252319336
CUS05459,2025-09-30,0,0.5951970815658569
CUS04298,2025-07-31,1,0.5951647758483887
CUS07690,2025-07-31,1,0.5951595306396484
CUS07526,2025-08-31,0,0.5951148271560669
CUS02067,2025-09-30,1,0.595109760761261
CUS05892,2025-07-31,1,0.5949503183364868
CUS00811,2025-08-31,1,0.5949419140815735
CUS07957,2025-08-31,1,0.5949419140815735
CUS07195,2025-08-31,1,0.5946584939956665
CUS01564,2025-07-31,1,0.594598114490509
CUS01254,2025-08-31,0,0.594598114490509
CUS05953,2025-08-31,0,0.5945128798484802
CUS02340,2025-09-30,0,0.594497799873352
CUS03301,2025-07-31,1,0.5944977402687073
CUS05155,2025-09-30,0,0.594482421875
CUS02423,2025-07-31,1,0.5944757461547852
CUS02499,2025-08-31,0,0.594290018081665
CUS00777,2025-07-31,1,0.594290018081665
CUS01837,2025-08-31,1,0.5942468047142029
CUS07899,2025-09-30,1,0.5942468047142029
CUS03106,2025-07-31,1,0.5942468047142029
CUS05284,2025-07-31,0,0.5942338705062866
CUS00525,2025-09-30,0,0.5941727161407471
CUS01955,2025-07-31,1,0.594127357006073
CUS01531,2025-08-31,0,0.594127357006073
CUS02428,2025-09-30,0,0.594127357006073
CUS04342,2025-09-30,0,0.594127357006073
CUS03337,2025-07-31,1,0.594127357006073
CUS01266,2025-08-31,1,0.594127357006073
CUS04123,2025-07-31,1,0.594127357006073
CUS04223,2025-07-31,0,0.5941095948219299
CUS07952,2025-07-31,0,0.594090461730957
CUS00670,2025-07-31,1,0.594074547290802
CUS05818,2025-07-31,0,0.5940340757369995
CUS06499,2025-07-31,0,0.5940340757369995
CUS04183,2025-09-30,0,0.5940340757369995
CUS00623,2025-07-31,1,0.5940232872962952
CUS06974,2025-08-31,0,0.5939884781837463
CUS06899,2025-07-31,0,0.5938947200775146
CUS02267,2025-07-31,1,0.5938024520874023
CUS02421,2025-08-31,0,0.5937698483467102
CUS01805,2025-08-31,0,0.5937698483467102
CUS03639,2025-07-31,1,0.5937698483467102
CUS02796,2025-09-30,1,0.5936450362205505
CUS04616,2025-09-30,1,0.5936275124549866
CUS05014,2025-08-31,0,0.5936275124549866
CUS07290,2025-08-31,1,0.5936275124549866
CUS06620,2025-08-31,1,0.5936275124549866
CUS01973,2025-09-30,0,0.5936275124549866
CUS04744,2025-08-31,1,0.5936275124549866
CUS05160,2025-08-31,0,0.5936275124549866
CUS06587,2025-07-31,1,0.5935576558113098
CUS07521,2025-09-30,1,0.5933635234832764
CUS04708,2025-07-31,1,0.5932702422142029
CUS00414,2025-08-31,1,0.5931932330131531
CUS01821,2025-08-31,1,0.5929506421089172
CUS06391,2025-07-31,0,0.5929481983184814
CUS04879,2025-09-30,0,0.592926561832428
CUS04054,2025-08-31,1,0.592926561832428
CUS04156,2025-07-31,1,0.5927845239639282
CUS05250,2025-07-31,0,0.5926834940910339
CUS04134,2025-08-31,1,0.5926834940910339
CUS05317,2025-08-31,0,0.592582643032074
CUS00659,2025-09-30,1,0.592582643032074
CUS02280,2025-07-31,0,0.592494547367096
CUS05584,2025-07-31,1,0.5924901366233826
CUS00984,2025-08-31,0,0.5924627780914307
CUS04565,2025-09-30,0,0.5924345850944519
CUS01880,2025-07-31,1,0.5924013257026672
CUS00449,2025-08-31,0,0.5923420190811157
CUS00429,2025-09-30,1,0.5923070311546326
CUS01364,2025-07-31,0,0.5922814011573792
CUS01853,2025-07-31,0,0.5922577381134033
CUS05097,2025-08-31,0,0.5922530889511108
CUS03572,2025-07-31,1,0.5921357870101929
CUS07337,2025-09-30,1,0.5921114087104797
CUS07775,2025-08-31,1,0.5920134782791138
CUS01465,2025-07-31,0,0.5920066833496094
CUS05468,2025-07-31,0,0.5918602347373962
CUS07310,2025-08-31,1,0.5918602347373962
CUS03323,2025-08-31,0,0.5918602347373962
CUS07791,2025-07-31,0,0.5917763710021973
CUS05352,2025-09-30,1,0.591772735118866
CUS02766,2025-08-31,0,0.5917302966117859
CUS05058,2025-08-31,1,0.5917302966117859
CUS03754,2025-08-31,1,0.5917217135429382
CUS07262,2025-08-31,0,0.5917170643806458
CUS06043,2025-07-31,0,0.5917170643806458
CUS02936,2025-09-30,1,0.5917170643806458
CUS02702,2025-07-31,1,0.5917170643806458
CUS00663,2025-09-30,0,0.5917161107063293
CUS04505,2025-08-31,0,0.5916937589645386
CUS07924,2025-07-31,0,0.5916805863380432
CUS01116,2025-07-31,0,0.5916107296943665
CUS07786,2025-08-31,0,0.5915922522544861
CUS04796,2025-07-31,0,0.591556191444397
CUS00288,2025-08-31,1,0.591556191444397
CUS00727,2025-09-30,1,0.5914875864982605
CUS06233,2025-07-31,1,0.5914875864982605
CUS02410,2025-09-30,0,0.5914230942726135
CUS03704,2025-08-31,1,0.5914230942726135
CUS03678,2025-08-31,1,0.5912727117538452
CUS00165,2025-09-30,1,0.5912685990333557
CUS00826,2025-07-31,0,0.5912579298019409
CUS07381,2025-09-30,1,0.5912469625473022
CUS04495,2025-09-30,0,0.5912298560142517
CUS07875,2025-08-31,1,0.5911569595336914
CUS00396,2025-08-31,0,0.5911257266998291
CUS04527,2025-09-30,0,0.5910841226577759
CUS00176,2025-08-31,0,0.5909188389778137
CUS07682,2025-07-31,1,0.5909188389778137
CUS05283,2025-09-30,1,0.5908814072608948
CUS07615,2025-08-31,0,0.5908145308494568
CUS02627,2025-07-31,1,0.5905767679214478
CUS01893,2025-09-30,1,0.5905209183692932
CUS05977,2025-09-30,1,0.5904931426048279
CUS05169,2025-08-31,1,0.5904931426048279
CUS04893,2025-08-31,1,0.5904931426048279
CUS06579,2025-09-30,0,0.5904931426048279
CUS03555,2025-08-31,1,0.5904931426048279
CUS02077,2025-09-30,1,0.5904931426048279
CUS01019,2025-08-31,0,0.590442419052124
CUS04803,2025-09-30,1,0.5902169942855835
CUS00527,2025-09-30,0,0.5902169942855835
CUS00460,2025-09-30,1,0.5900974273681641
CUS06743,2025-09-30,0,0.5900033116340637
CUS00209,2025-07-31,1,0.5900033116340637
CUS02295,2025-09-30,0,0.5899924039840698
CUS03533,2025-07-31,1,0.5898183584213257
CUS03321,2025-08-31,1,0.5897587537765503
CUS04451,2025-07-31,0,0.5897587537765503
CUS06354,2025-08-31,1,0.5896643996238708
CUS06673,2025-07-31,0,0.5896064639091492
CUS03574,2025-09-30,0,0.5894913673400879
CUS05171,2025-07-31,0,0.5894913673400879
CUS00145,2025-07-31,0,0.5894913673400879
CUS01690,2025-07-31,0,0.5894913673400879
CUS00883,2025-09-30,0,0.5894913673400879
CUS00274,2025-08-31,0,0.5894913673400879
CUS03612,2025-09-30,1,0.5893127918243408
CUS02581,2025-07-31,1,0.5893122553825378
CUS02191,2025-09-30,1,0.5893122553825378
CUS03470,2025-09-30,0,0.5893122553825378
CUS05949,2025-08-31,0,0.5893122553825378
CUS06063,2025-08-31,0,0.5892870426177979
CUS02815,2025-07-31,0,0.5892870426177979
CUS07021,2025-09-30,0,0.5891833901405334
CUS04936,2025-07-31,0,0.5890505909919739
CUS03983,2025-09-30,0,0.5889362692832947
CUS01506,2025-09-30,1,0.5888864994049072
CUS03544,2025-07-31,0,0.5888010859489441
CUS04839,2025-09-30,0,0.5888010859489441
CUS04051,2025-07-31,1,0.5888010859489441
CUS04512,2025-08-31,0,0.5887883901596069
CUS06981,2025-07-31,0,0.5887072682380676
CUS01791,2025-09-30,0,0.5887072682380676
CUS05478,2025-07-31,0,0.5886083841323853
CUS00135,2025-07-31,1,0.5885604023933411
CUS07927,2025-07-31,1,0.5885604023933411
CUS07677,2025-09-30,0,0.5885604023933411
CUS05049,2025-07-31,0,0.5885604023933411
CUS00810,2025-08-31,1,0.5885155200958252
CUS07378,2025-07-31,0,0.588459312915802
CUS06559,2025-08-31,0,0.5884338617324829
CUS06975,2025-09-30,1,0.5884338617324829
CUS05596,2025-08-31,1,0.588404655456543
CUS04312,2025-08-31,0,0.588404655456543
CUS06109,2025-08-31,1,0.588404655456543
CUS07841,2025-08-31,0,0.588404655456543
CUS04470,2025-08-31,0,0.588404655456543
CUS05376,2025-09-30,0,0.588404655456543
CUS01611,2025-08-31,1,0.588404655456543
CUS05558,2025-07-31,1,0.5883219838142395
CUS04426,2025-07-31,1,0.5883099436759949
CUS05467,2025-07-31,1,0.5883099436759949
CUS03618,2025-07-31,1,0.5882658958435059
CUS07266,2025-07-31,0,0.5881511569023132
CUS02019,2025-09-30,0,0.5881249308586121
CUS07799,2025-07-31,1,0.5881249308586121
CUS01841,2025-09-30,1,0.5879918336868286
CUS01640,2025-08-31,0,0.5879918336868286
CUS03503,2025-09-30,1,0.5879468321800232
CUS05012,2025-08-31,1,0.5879220366477966
CUS04683,2025-07-31,0,0.5878393650054932
CUS04873,2025-08-31,0,0.5878393650054932
CUS05854,2025-09-30,1,0.5878393650054932
CUS07652,2025-08-31,1,0.5878130793571472
CUS04413,2025-08-31,1,0.5878130793571472
CUS07932,2025-08-31,0,0.58780437707901
CUS02694,2025-09-30,1,0.58780437707901
CUS01939,2025-09-30,0,0.58780437707901
CUS07191,2025-08-31,1,0.58780437707901
CUS00224,2025-07-31,1,0.5877817273139954
CUS04034,2025-07-31,1,0.5877817273139954
CUS00906,2025-08-31,1,0.5877009034156799
CUS04180,2025-08-31,0,0.5877009034156799
CUS02945,2025-09-30,1,0.5877009034156799
CUS02898,2025-09-30,0,0.5875278115272522
CUS01540,2025-08-31,0,0.5875278115272522
CUS05092,2025-07-31,0,0.5875239372253418
CUS04960,2025-07-31,0,0.5875239372253418
CUS02682,2025-07-31,1,0.5873768329620361
CUS02508,2025-09-30,0,0.5873417258262634
CUS01506,2025-08-31,1,0.5873088836669922
CUS02376,2025-09-30,1,0.5872759222984314
CUS05313,2025-09-30,0,0.5872682929039001
CUS06574,2025-08-31,0,0.5871762037277222
CUS04618,2025-07-31,0,0.5870940685272217
CUS01595,2025-08-31,1,0.5869502425193787
CUS06684,2025-08-31,1,0.5868623852729797
CUS00974,2025-07-31,0,0.5868025422096252
CUS00595,2025-09-30,0,0.5867611765861511
CUS02370,2025-09-30,0,0.5867297053337097
CUS00325,2025-07-31,0,0.5867297053337097
CUS03502,2025-07-31,1,0.5867297053337097
CUS01585,2025-08-31,0,0.5867297053337097
CUS07020,2025-09-30,1,0.5866888761520386
CUS07789,2025-09-30,1,0.5866631865501404
CUS00592,2025-07-31,0,0.5866423845291138
CUS03070,2025-08-31,1,0.5865758061408997
CUS06259,2025-07-31,0,0.5864974856376648
CUS01698,2025-08-31,0,0.5861865282058716
CUS05210,2025-07-31,0,0.586079478263855
CUS07576,2025-09-30,1,0.5860292315483093
CUS07803,2025-07-31,1,0.5860106945037842
CUS04907,2025-09-30,0,0.5860106945037842
CUS06135,2025-09-30,0,0.5860106945037842
CUS00271,2025-08-31,1,0.5859747529029846
CUS02090,2025-08-31,0,0.5859747529029846
CUS03651,2025-09-30,1,0.5859717726707458
CUS04560,2025-07-31,1,0.5859717726707458
CUS03416,2025-09-30,0,0.5859717726707458
CUS01081,2025-09-30,0,0.5859453678131104
CUS00465,2025-09-30,1,0.5858919620513916
CUS05407,2025-08-31,1,0.585827112197876
CUS03203,2025-09-30,1,0.5857768058776855
CUS03259,2025-07-31,1,0.5857768058776855
CUS02311,2025-07-31,0,0.5857768058776855
CUS06589,2025-07-31,0,0.5857768058776855
CUS04574,2025-09-30,1,0.5857518911361694
CUS07014,2025-08-31,1,0.58565753698349
CUS05221,2025-07-31,1,0.5856330990791321
CUS00297,2025-09-30,0,0.5856146812438965
CUS05398,2025-09-30,1,0.5856146812438965
CUS06648,2025-09-30,1,0.5856146812438965
CUS02948,2025-09-30,0,0.5856146812438965
CUS05775,2025-09-30,1,0.5856146812438965
CUS03005,2025-07-31,0,0.5856146812438965
CUS03786,2025-07-31,1,0.5856146812438965
CUS07207,2025-09-30,0,0.5856146812438965
CUS02317,2025-09-30,0,0.5856146812438965
CUS03793,2025-07-31,0,0.5856146812438965
CUS01992,2025-07-31,0,0.5856146812438965
CUS00915,2025-08-31,1,0.5856146812438965
CUS07130,2025-09-30,0,0.5856146812438965
CUS06431,2025-09-30,0,0.5856146812438965
CUS05907,2025-07-31,1,0.5856146812438965
CUS06628,2025-09-30,1,0.5856146812438965
CUS02078,2025-07-31,0,0.5856146812438965
CUS06974,2025-07-31,0,0.5854615569114685
CUS05155,2025-08-31,0,0.5854460597038269
CUS00697,2025-08-31,1,0.585381805896759
CUS02018,2025-09-30,0,0.585381805896759
CUS01236,2025-08-31,0,0.585326075553894
CUS07873,2025-07-31,1,0.585303008556366
CUS04175,2025-08-31,0,0.5852932929992676
CUS00431,2025-08-31,0,0.5852414965629578
CUS03409,2025-08-31,0,0.5852161645889282
CUS06362,2025-08-31,1,0.5851424336433411
CUS01769,2025-09-30,0,0.5851424336433411
CUS07257,2025-07-31,1,0.5851418972015381
CUS03553,2025-09-30,1,0.5850991606712341
CUS03956,2025-08-31,0,0.5850991606712341
CUS07235,2025-09-30,0,0.5850991606712341
CUS00205,2025-09-30,0,0.5850977897644043
CUS05401,2025-07-31,0,0.5848214626312256
CUS02611,2025-08-31,0,0.5847983360290527
CUS03601,2025-09-30,1,0.5847029685974121
CUS05215,2025-08-31,1,0.5847029685974121
CUS03125,2025-07-31,1,0.5847029685974121
CUS02982,2025-09-30,0,0.5847029685974121
CUS00651,2025-08-31,0,0.5847029685974121
CUS04884,2025-09-30,1,0.5847029685974121
CUS00034,2025-08-31,0,0.5847029685974121
CUS04780,2025-09-30,0,0.5847029685974121
CUS04999,2025-09-30,1,0.5847029685974121
CUS01741,2025-09-30,0,0.5847029685974121
CUS00972,2025-08-31,1,0.5847029685974121
CUS02620,2025-07-31,0,0.5847029685974121
CUS07287,2025-08-31,0,0.5845674276351929
CUS01733,2025-07-31,0,0.5844586491584778
CUS06105,2025-08-31,0,0.5844586491584778
CUS01949,2025-08-31,1,0.5844586491584778
CUS02349,2025-07-31,1,0.5844586491584778
CUS02302,2025-08-31,0,0.5844482779502869
CUS00619,2025-09-30,0,0.58437579870224
CUS05287,2025-08-31,1,0.5842593908309937
CUS07780,2025-09-30,1,0.5842593908309937
CUS05632,2025-08-31,1,0.5842593908309937
CUS07836,2025-07-31,0,0.5842593908309937
CUS05298,2025-07-31,1,0.5842593908309937
CUS02602,2025-08-31,0,0.5842593908309937
CUS01467,2025-07-31,1,0.5842593908309937
CUS01822,2025-07-31,0,0.5842497944831848
CUS04349,2025-07-31,1,0.5842497944831848
CUS01739,2025-09-30,0,0.5842139720916748
CUS00485,2025-08-31,0,0.5842139720916748
CUS06972,2025-08-31,0,0.5842139720916748
CUS02334,2025-09-30,0,0.5842139720916748
CUS05509,2025-08-31,1,0.5842139720916748
CUS05331,2025-07-31,0,0.5842139720916748
CUS03100,2025-08-31,0,0.5842139720916748
CUS05506,2025-09-30,1,0.5842139720916748
CUS05612,2025-09-30,1,0.5841177701950073
CUS00615,2025-07-31,0,0.5840418338775635
CUS00416,2025-09-30,1,0.5840351581573486
CUS00250,2025-09-30,1,0.5838977694511414
CUS03451,2025-07-31,0,0.583821177482605
CUS07762,2025-09-30,1,0.583773672580719
CUS05839,2025-09-30,0,0.583773672580719
CUS00004,2025-07-31,0,0.583773672580719
CUS06461,2025-09-30,1,0.583773672580719
CUS00127,2025-08-31,0,0.583773672580719
CUS03435,2025-08-31,1,0.583773672580719
CUS05650,2025-09-30,1,0.583773672580719
CUS04982,2025-07-31,0,0.583773672580719
CUS00468,2025-08-31,1,0.583773672580719
CUS01930,2025-09-30,1,0.5836426019668579
CUS04996,2025-07-31,0,0.5836002230644226
CUS02071,2025-09-30,1,0.5835424065589905
CUS07138,2025-08-31,1,0.5835424065589905
CUS07906,2025-08-31,1,0.5835266709327698
CUS04011,2025-09-30,0,0.5835168957710266
CUS00655,2025-07-31,0,0.5835168957710266
CUS01407,2025-07-31,1,0.5835168957710266
CUS02269,2025-09-30,0,0.5835168957710266
CUS02891,2025-09-30,0,0.5835168957710266
CUS06735,2025-08-31,0,0.5833758115768433
CUS02540,2025-08-31,1,0.5833423733711243
CUS07412,2025-07-31,1,0.583290696144104
CUS03222,2025-09-30,1,0.5832290649414062
CUS03003,2025-09-30,0,0.5832102298736572
CUS03432,2025-07-31,1,0.5832102298736572
CUS02225,2025-07-31,0,0.5831559896469116
CUS04754,2025-09-30,1,0.5829207301139832
CUS05913,2025-08-31,1,0.5829207301139832
CUS02290,2025-09-30,0,0.5829207301139832
CUS04140,2025-09-30,0,0.5829207301139832
CUS05925,2025-08-31,0,0.5829207301139832
CUS00067,2025-07-31,1,0.5829207301139832
CUS01708,2025-08-31,0,0.5829207301139832
CUS01714,2025-08-31,0,0.5829207301139832
CUS00493,2025-09-30,1,0.5829207301139832
CUS07606,2025-08-31,1,0.5829207301139832
CUS07214,2025-07-31,1,0.5829207301139832
CUS02027,2025-07-31,0,0.5829207301139832
CUS03648,2025-09-30,0,0.5829207301139832
CUS01527,2025-07-31,0,0.5829207301139832
CUS02914,2025-09-30,1,0.5828807950019836
CUS04788,2025-07-31,0,0.5827761292457581
CUS00805,2025-08-31,0,0.5827555656433105
CUS00550,2025-07-31,1,0.5826925039291382
CUS07441,2025-09-30,0,0.5826791524887085
CUS03354,2025-08-31,1,0.5826791524887085
CUS00433,2025-07-31,1,0.5826191902160645
CUS03668,2025-08-31,1,0.5826191902160645
CUS01982,2025-08-31,0,0.5823182463645935
CUS06899,2025-08-31,0,0.5822964310646057
CUS04455,2025-07-31,1,0.5822351574897766
CUS04247,2025-09-30,1,0.5821433067321777
CUS03045,2025-07-31,1,0.5820446610450745
CUS07719,2025-09-30,1,0.5819815993309021
CUS05410,2025-08-31,1,0.5819815993309021
CUS02523,2025-09-30,1,0.5819815993309021
CUS06693,2025-07-31,1,0.5819815993309021
CUS00502,2025-08-31,1,0.5818869471549988
CUS05033,2025-08-31,1,0.5818703174591064
CUS07311,2025-09-30,1,0.5818235278129578
CUS05547,2025-09-30,0,0.5818235278129578
CUS07035,2025-09-30,0,0.5818235278129578
CUS06911,2025-07-31,1,0.5818235278129578
CUS07519,2025-08-31,0,0.5817591547966003
CUS06374,2025-09-30,1,0.5817283987998962
CUS03581,2025-07-31,1,0.5815879106521606
CUS01288,2025-08-31,1,0.5815082788467407
CUS04396,2025-08-31,0,0.5814589858055115
CUS05102,2025-09-30,1,0.5814080238342285
CUS02781,2025-08-31,0,0.5811587572097778
CUS02320,2025-08-31,1,0.5810927152633667
CUS04851,2025-09-30,0,0.5810927152633667
CUS06217,2025-09-30,1,0.5810004472732544
CUS07990,2025-08-31,1,0.5809104442596436
CUS03240,2025-09-30,0,0.5808403491973877
CUS00204,2025-09-30,0,0.5807960629463196
CUS02710,2025-09-30,0,0.5807738900184631
CUS00638,2025-09-30,1,0.5806880593299866
CUS03152,2025-09-30,0,0.5806880593299866
CUS06623,2025-09-30,0,0.5806880593299866
CUS03819,2025-08-31,1,0.5806880593299866
CUS00748,2025-08-31,0,0.5806880593299866
CUS05121,2025-09-30,1,0.5806880593299866
CUS06856,2025-08-31,1,0.5806880593299866
CUS05602,2025-09-30,0,0.5806880593299866
CUS06632,2025-09-30,0,0.5806880593299866
CUS00753,2025-09-30,1,0.5806880593299866
CUS01459,2025-09-30,0,0.5806880593299866
CUS02052,2025-09-30,0,0.5806880593299866
CUS01903,2025-09-30,0,0.5806880593299866
CUS01934,2025-09-30,1,0.5806880593299866
CUS02166,2025-09-30,0,0.5806880593299866
CUS07668,2025-09-30,0,0.5806880593299866
CUS01784,2025-09-30,0,0.5806880593299866
CUS05264,2025-09-30,1,0.5806880593299866
CUS06956,2025-08-31,0,0.5806880593299866
CUS04599,2025-09-30,1,0.5806880593299866
CUS01449,2025-07-31,0,0.5806829333305359
CUS05422,2025-08-31,1,0.5805702209472656
CUS04512,2025-07-31,0,0.5805596113204956
CUS06183,2025-09-30,1,0.5804896354675293
CUS02480,2025-09-30,0,0.5803539752960205
CUS04357,2025-09-30,1,0.5803473591804504
CUS06471,2025-09-30,0,0.5803302526473999
CUS01488,2025-09-30,0,0.580319344997406
CUS03595,2025-08-31,0,0.580319344997406
CUS05382,2025-07-31,0,0.580319344997406
CUS01477,2025-07-31,1,0.580319344997406
CUS01443,2025-08-31,1,0.5802346467971802
CUS00479,2025-09-30,1,0.5802346467971802
CUS00340,2025-08-31,1,0.5801515579223633
CUS06938,2025-08-31,0,0.5801463723182678
CUS06138,2025-07-31,1,0.5801463723182678
CUS03343,2025-07-31,0,0.5801463723182678
CUS01348,2025-09-30,0,0.5801239609718323
CUS03206,2025-08-31,0,0.5799765586853027
CUS01662,2025-09-30,1,0.5799512267112732
CUS07725,2025-07-31,0,0.5798057913780212
CUS00308,2025-07-31,0,0.5797675251960754
CUS01250,2025-08-31,0,0.57976233959198
CUS04627,2025-09-30,1,0.57976233959198
CUS03171,2025-09-30,1,0.5796059370040894
CUS04891,2025-09-30,1,0.579534113407135
CUS04862,2025-08-31,1,0.579357922077179
CUS05212,2025-07-31,0,0.5791913866996765
CUS02010,2025-09-30,1,0.5791124105453491
CUS06179,2025-07-31,0,0.579086422920227
CUS04642,2025-07-31,0,0.579086422920227
CUS05359,2025-08-31,0,0.5790756940841675
CUS03828,2025-09-30,1,0.5790200233459473
CUS00439,2025-07-31,1,0.5789850950241089
CUS00357,2025-09-30,0,0.5789563655853271
CUS02611,2025-07-31,1,0.5788785815238953
CUS02999,2025-08-31,0,0.5788561701774597
CUS05086,2025-09-30,1,0.5786316394805908
CUS07398,2025-08-31,0,0.5786316394805908
CUS06104,2025-07-31,0,0.5785396099090576
CUS03664,2025-09-30,0,0.5785201191902161
CUS00043,2025-09-30,0,0.5783987045288086
CUS04432,2025-07-31,1,0.5783712863922119
CUS01668,2025-09-30,1,0.5783624649047852
CUS07325,2025-09-30,0,0.5782431960105896
CUS05710,2025-07-31,0,0.5781899690628052
CUS06254,2025-09-30,0,0.5781248807907104
CUS05933,2025-08-31,0,0.5781108140945435
CUS07728,2025-09-30,0,0.5780078172683716
CUS05160,2025-09-30,0,0.5779587030410767
CUS00194,2025-07-31,1,0.5775988698005676
CUS03490,2025-08-31,1,0.5775567889213562
CUS02315,2025-07-31,1,0.5775105953216553
CUS07678,2025-09-30,0,0.5775079131126404
CUS03237,2025-09-30,1,0.5774961709976196
CUS06919,2025-07-31,1,0.5773996710777283
CUS02655,2025-09-30,0,0.5773996710777283
CUS00190,2025-08-31,1,0.5773996710777283
CUS03897,2025-09-30,1,0.5773996710777283
CUS04101,2025-09-30,0,0.5773996710777283
CUS04536,2025-09-30,1,0.5773996710777283
CUS05620,2025-08-31,0,0.5773996710777283
CUS00636,2025-09-30,1,0.5773996710777283
CUS01054,2025-08-31,0,0.5773996710777283
CUS07050,2025-09-30,1,0.5773996710777283
CUS03573,2025-08-31,1,0.5773298144340515
CUS05435,2025-09-30,0,0.5772495865821838
CUS00348,2025-07-31,0,0.5771998763084412
CUS07028,2025-08-31,0,0.5769698023796082
CUS02211,2025-09-30,1,0.5768760442733765
CUS04958,2025-07-31,0,0.5768760442733765
CUS03587,2025-07-31,1,0.5768760442733765
CUS03502,2025-08-31,1,0.5768760442733765
CUS06119,2025-07-31,1,0.5768198370933533
CUS00838,2025-09-30,1,0.5768198370933533
CUS01382,2025-07-31,0,0.5768198370933533
CUS02064,2025-09-30,1,0.5768172144889832
CUS00845,2025-08-31,0,0.5768104195594788
CUS01556,2025-07-31,0,0.5767414569854736
CUS06010,2025-07-31,1,0.5767332315444946
CUS03880,2025-07-31,1,0.5767332315444946
CUS05758,2025-08-31,1,0.5766556262969971
CUS03049,2025-09-30,1,0.5766295194625854
CUS02390,2025-08-31,0,0.5765090584754944
CUS05214,2025-07-31,0,0.576485276222229
CUS03714,2025-09-30,0,0.576485276222229
CUS02314,2025-08-31,0,0.5763573050498962
CUS05995,2025-09-30,1,0.5763441324234009
CUS06064,2025-08-31,0,0.5763300061225891
CUS03014,2025-07-31,1,0.5763084888458252
CUS04868,2025-07-31,0,0.5763084888458252
CUS04653,2025-07-31,0,0.5762573480606079
CUS02028,2025-08-31,0,0.5762355923652649
CUS03996,2025-08-31,1,0.5762151479721069
CUS02708,2025-07-31,1,0.5762151479721069
CUS02186,2025-07-31,1,0.5762151479721069
CUS06465,2025-08-31,1,0.5762151479721069
CUS07252,2025-09-30,1,0.5761688947677612
CUS00169,2025-08-31,0,0.5761688947677612
CUS05144,2025-08-31,0,0.5760417580604553
CUS04241,2025-09-30,1,0.5759450197219849
CUS03943,2025-09-30,1,0.5759450197219849
CUS07350,2025-09-30,0,0.5759450197219849
CUS03435,2025-07-31,1,0.5759450197219849
CUS00127,2025-07-31,0,0.5759450197219849
CUS03075,2025-08-31,0,0.5759424567222595
CUS02749,2025-07-31,0,0.5758951902389526
CUS06571,2025-08-31,1,0.5757367014884949
CUS06852,2025-08-31,1,0.5757312178611755
CUS04465,2025-07-31,0,0.5756670236587524
CUS05703,2025-07-31,0,0.5756670236587524
CUS03616,2025-08-31,1,0.5755887031555176
CUS00441,2025-07-31,0,0.5755887031555176
CUS00810,2025-07-31,1,0.5754626989364624
CUS07484,2025-08-31,0,0.5754542946815491
CUS06005,2025-08-31,0,0.5754266381263733
CUS03269,2025-09-30,0,0.5753478407859802
CUS04629,2025-07-31,0,0.5753478407859802
CUS04161,2025-07-31,0,0.5753478407859802
CUS00420,2025-07-31,1,0.5753478407859802
CUS07260,2025-09-30,1,0.5753478407859802
CUS03153,2025-07-31,0,0.5753478407859802
CUS00976,2025-07-31,0,0.5753478407859802
CUS02172,2025-09-30,0,0.5753478407859802
CUS07196,2025-08-31,1,0.5753478407859802
CUS03968,2025-09-30,0,0.5753478407859802
CUS01833,2025-07-31,1,0.5753478407859802
CUS04291,2025-08-31,1,0.5753478407859802
CUS06019,2025-09-30,0,0.5753478407859802
CUS07542,2025-08-31,0,0.5753478407859802
CUS03875,2025-07-31,1,0.5753478407859802
CUS06808,2025-08-31,0,0.5753478407859802
CUS06744,2025-07-31,0,0.5753300786018372
CUS00830,2025-09-30,1,0.5752533674240112
CUS03205,2025-07-31,1,0.5752533674240112
CUS02738,2025-09-30,1,0.5752071738243103
CUS04393,2025-07-31,0,0.5751271843910217
CUS02925,2025-08-31,0,0.5751271843910217
CUS07121,2025-09-30,0,0.5751023888587952
CUS07113,2025-07-31,1,0.5750526189804077
CUS03912,2025-08-31,1,0.5749768018722534
CUS07237,2025-07-31,1,0.5749768018722534
CUS04390,2025-08-31,1,0.5749518871307373
CUS01161,2025-08-31,0,0.5749114155769348
CUS03645,2025-07-31,0,0.574903130531311
CUS01512,2025-08-31,0,0.5748150944709778
CUS00916,2025-08-31,0,0.5748150944709778
CUS03060,2025-09-30,1,0.5748150944709778
CUS01337,2025-08-31,0,0.5747471451759338
CUS05277,2025-08-31,1,0.5746793150901794
CUS05362,2025-07-31,0,0.5745137929916382
CUS01638,2025-09-30,1,0.5745136141777039
CUS02962,2025-08-31,1,0.5745132565498352
CUS01533,2025-09-30,0,0.5745052695274353
CUS02100,2025-09-30,0,0.5744395852088928
CUS02957,2025-08-31,0,0.5743644833564758
CUS06553,2025-08-31,1,0.5743308663368225
CUS02367,2025-08-31,0,0.5742935538291931
CUS02367,2025-09-30,0,0.5740039944648743
CUS07475,2025-09-30,0,0.5739729404449463
CUS07884,2025-09-30,1,0.5739729404449463
CUS01402,2025-08-31,1,0.5739729404449463
CUS01398,2025-08-31,0,0.5739729404449463
CUS06964,2025-09-30,1,0.5739729404449463
CUS00566,2025-07-31,1,0.5739729404449463
CUS00332,2025-08-31,0,0.5739729404449463
CUS01976,2025-08-31,1,0.5739729404449463
CUS02775,2025-09-30,1,0.5739729404449463
CUS06887,2025-09-30,0,0.5739729404449463
CUS07780,2025-07-31,1,0.5739729404449463
CUS02782,2025-09-30,0,0.5739729404449463
CUS06055,2025-09-30,0,0.5739729404449463
CUS05933,2025-09-30,0,0.5739729404449463
CUS03301,2025-09-30,1,0.5739729404449463
CUS00523,2025-09-30,1,0.5739729404449463
CUS05812,2025-07-31,1,0.5739729404449463
CUS03577,2025-08-31,0,0.5739729404449463
CUS00447,2025-09-30,1,0.5739729404449463
CUS00444,2025-09-30,1,0.5739729404449463
CUS01032,2025-08-31,1,0.5739729404449463
CUS03436,2025-08-31,1,0.5739729404449463
CUS02654,2025-07-31,0,0.5739729404449463
CUS01462,2025-09-30,0,0.5739729404449463
CUS00316,2025-09-30,1,0.5739729404449463
CUS03477,2025-09-30,1,0.5739729404449463
CUS04592,2025-08-31,1,0.5739729404449463
CUS03387,2025-09-30,0,0.5739729404449463
CUS01632,2025-09-30,0,0.5739729404449463
CUS07738,2025-07-31,1,0.5739729404449463
CUS02851,2025-07-31,0,0.5739729404449463
CUS07074,2025-08-31,0,0.5739729404449463
CUS05060,2025-07-31,0,0.5739729404449463
CUS01308,2025-07-31,0,0.5739729404449463
CUS01209,2025-07-31,0,0.5739729404449463
CUS04092,2025-07-31,1,0.5739729404449463
CUS05486,2025-07-31,0,0.5739729404449463
CUS04129,2025-08-31,1,0.5739729404449463
CUS01819,2025-07-31,0,0.5739729404449463
CUS00311,2025-07-31,0,0.5739729404449463
CUS06614,2025-08-31,1,0.5739729404449463
CUS04974,2025-09-30,0,0.5739729404449463
CUS04705,2025-09-30,1,0.5739729404449463
CUS00013,2025-08-31,1,0.5739729404449463
CUS01023,2025-09-30,0,0.5739132165908813
CUS05185,2025-07-31,1,0.5738954544067383
CUS06263,2025-07-31,1,0.5738503932952881
CUS04989,2025-09-30,0,0.5738503932952881
CUS07289,2025-07-31,1,0.5738503932952881
CUS01535,2025-07-31,1,0.5738503932952881
CUS02624,2025-09-30,1,0.5738503932952881
CUS03000,2025-08-31,0,0.5738503932952881
CUS07313,2025-09-30,0,0.5738503932952881
CUS05891,2025-08-31,0,0.5738503932952881
CUS01958,2025-07-31,0,0.5738503932952881
CUS02305,2025-08-31,1,0.5738503932952881
CUS01675,2025-08-31,0,0.5738503932952881
CUS07454,2025-07-31,0,0.5738503932952881
CUS07907,2025-07-31,1,0.5738503932952881
CUS07646,2025-08-31,1,0.5738503932952881
CUS05808,2025-07-31,0,0.5738503932952881
CUS01657,2025-09-30,1,0.5738503932952881
CUS06662,2025-09-30,0,0.5738503932952881
CUS05820,2025-09-30,1,0.5738503932952881
CUS03491,2025-09-30,1,0.5738503932952881
CUS05221,2025-09-30,1,0.5738503932952881
CUS00386,2025-09-30,0,0.5738503932952881
CUS07843,2025-08-31,1,0.5738503932952881
CUS07027,2025-09-30,0,0.5738503932952881
CUS06101,2025-08-31,1,0.5737815499305725
CUS00570,2025-09-30,0,0.5737815499305725
CUS04508,2025-09-30,1,0.5737199783325195
CUS07487,2025-07-31,0,0.5737199783325195
CUS03309,2025-07-31,0,0.5737199783325195
CUS00431,2025-09-30,0,0.5735457539558411
CUS07370,2025-07-31,0,0.5735233426094055
CUS03942,2025-08-31,1,0.5735233426094055
CUS01667,2025-07-31,1,0.5735233426094055
CUS05833,2025-09-30,0,0.5731768608093262
CUS04973,2025-08-31,0,0.5730901956558228
CUS02022,2025-08-31,0,0.5730901956558228
CUS05537,2025-08-31,1,0.5730901956558228
CUS03600,2025-07-31,0,0.5730901956558228
CUS03681,2025-09-30,0,0.5730901956558228
CUS01344,2025-09-30,1,0.5730220079421997
CUS03113,2025-08-31,1,0.5730220079421997
CUS03018,2025-08-31,1,0.5730220079421997
CUS07197,2025-09-30,0,0.5730220079421997
CUS04810,2025-09-30,1,0.5730109810829163
CUS00904,2025-09-30,0,0.5729290246963501
CUS06022,2025-08-31,0,0.5729290246963501
CUS00532,2025-07-31,1,0.5729290246963501
CUS02112,2025-08-31,1,0.5729290246963501
CUS02363,2025-07-31,1,0.5729290246963501
CUS01306,2025-08-31,0,0.5728855133056641
CUS02501,2025-07-31,1,0.5728676319122314
CUS06553,2025-09-30,0,0.5728359222412109
CUS05123,2025-07-31,1,0.5727232694625854
CUS00347,2025-07-31,1,0.5726291537284851
CUS06653,2025-09-30,0,0.5726243853569031
CUS03131,2025-08-31,0,0.5725498795509338
CUS04381,2025-07-31,1,0.5725498795509338
CUS01051,2025-08-31,0,0.5725498795509338
CUS02454,2025-08-31,1,0.572490930557251
CUS06275,2025-08-31,1,0.5724174976348877
CUS00650,2025-07-31,1,0.5722874999046326
CUS05660,2025-07-31,1,0.5722874999046326
CUS07857,2025-07-31,1,0.5721656084060669
CUS02955,2025-09-30,1,0.5721538662910461
CUS05334,2025-09-30,1,0.5720585584640503
CUS01801,2025-09-30,0,0.5720540285110474
CUS06286,2025-08-31,1,0.572044849395752
CUS03293,2025-08-31,1,0.572044849395752
CUS04996,2025-08-31,0,0.5719192028045654
CUS06676,2025-09-30,0,0.5718865394592285
CUS06099,2025-07-31,1,0.5718865394592285
CUS02201,2025-07-31,0,0.5718865394592285
CUS01678,2025-07-31,1,0.5718865394592285
CUS02398,2025-08-31,0,0.5718740820884705
CUS00426,2025-07-31,0,0.5718640685081482
CUS07342,2025-07-31,0,0.5718249082565308
CUS06386,2025-08-31,1,0.5718249082565308
CUS04359,2025-07-31,1,0.5717968940734863
CUS03948,2025-08-31,0,0.5717968940734863
CUS01469,2025-09-30,0,0.5717587471008301
CUS02315,2025-09-30,1,0.5716955661773682
CUS01699,2025-07-31,1,0.5716767311096191
CUS03357,2025-09-30,0,0.571659505367279
CUS06005,2025-09-30,0,0.571631133556366
CUS01112,2025-08-31,0,0.5716232061386108
CUS01140,2025-09-30,0,0.5716232061386108
CUS00841,2025-09-30,0,0.5716232061386108
CUS03532,2025-08-31,0,0.5716232061386108
CUS03248,2025-09-30,0,0.5716232061386108
CUS07210,2025-09-30,1,0.5716232061386108
CUS05722,2025-08-31,0,0.5716232061386108
CUS02640,2025-09-30,0,0.5716232061386108
CUS00165,2025-08-31,0,0.5716232061386108
CUS04766,2025-08-31,1,0.5716232061386108
CUS05255,2025-09-30,0,0.5716232061386108
CUS02246,2025-09-30,1,0.5716232061386108
CUS04445,2025-08-31,0,0.5715579390525818
CUS05303,2025-08-31,1,0.5714784860610962
CUS01519,2025-07-31,0,0.5714784860610962
CUS01449,2025-09-30,0,0.5714784860610962
CUS03568,2025-09-30,0,0.5714113712310791
CUS06553,2025-07-31,1,0.571387529373169
CUS01355,2025-08-31,1,0.5713006258010864
CUS01798,2025-09-30,1,0.5713006258010864
CUS06721,2025-09-30,1,0.5713006258010864
CUS02838,2025-08-31,0,0.5713006258010864
CUS07933,2025-09-30,1,0.5713006258010864
CUS01785,2025-08-31,0,0.5713006258010864
CUS01083,2025-09-30,0,0.5712790489196777
CUS03644,2025-08-31,0,0.5711945295333862
CUS06219,2025-08-31,0,0.5711945295333862
CUS03013,2025-07-31,1,0.5710976123809814
CUS03757,2025-07-31,1,0.5710976123809814
CUS07814,2025-08-31,1,0.5710121393203735
CUS00299,2025-09-30,0,0.5710121393203735
CUS00155,2025-09-30,0,0.5710121393203735
CUS06144,2025-07-31,1,0.5710121393203735
CUS02968,2025-08-31,0,0.5710121393203735
CUS07817,2025-09-30,0,0.5710121393203735
CUS00387,2025-09-30,1,0.5710121393203735
CUS06764,2025-09-30,0,0.5710121393203735
CUS06695,2025-08-31,0,0.5710121393203735
CUS07341,2025-09-30,1,0.5710121393203735
CUS00276,2025-07-31,0,0.570923388004303
CUS05740,2025-09-30,0,0.570923388004303
CUS05305,2025-07-31,1,0.570923388004303
CUS03392,2025-09-30,1,0.570923388004303
CUS04453,2025-08-31,1,0.570923388004303
CUS06007,2025-09-30,0,0.570923388004303
CUS07312,2025-08-31,0,0.570923388004303
CUS01904,2025-08-31,0,0.570923388004303
CUS05436,2025-09-30,1,0.570923388004303
CUS07391,2025-08-31,1,0.570923388004303
CUS06100,2025-09-30,1,0.570923388004303
CUS05052,2025-09-30,0,0.570923388004303
CUS04317,2025-09-30,0,0.570923388004303
CUS06330,2025-08-31,1,0.570923388004303
CUS01786,2025-09-30,0,0.570923388004303
CUS03155,2025-07-31,0,0.570923388004303
CUS01605,2025-09-30,0,0.570923388004303
CUS06013,2025-08-31,1,0.570923388004303
CUS05981,2025-08-31,1,0.570923388004303
CUS04331,2025-09-30,1,0.570923388004303
CUS02713,2025-09-30,1,0.570923388004303
CUS00439,2025-09-30,1,0.570923388004303
CUS05006,2025-09-30,0,0.570923388004303
CUS07070,2025-08-31,1,0.570923388004303
CUS00988,2025-09-30,1,0.570923388004303
CUS00564,2025-07-31,0,0.570923388004303
CUS04065,2025-08-31,0,0.570923388004303
CUS03166,2025-09-30,0,0.570923388004303
CUS02689,2025-09-30,0,0.5709209442138672
CUS03945,2025-09-30,0,0.5708494782447815
CUS05245,2025-07-31,0,0.5708218216896057
CUS07606,2025-07-31,1,0.5708122253417969
CUS02290,2025-08-31,0,0.5708122253417969
CUS07561,2025-07-31,0,0.5708122253417969
CUS05631,2025-09-30,1,0.5708122253417969
CUS02199,2025-09-30,1,0.5707624554634094
CUS01242,2025-07-31,0,0.5707433819770813
CUS03158,2025-07-31,0,0.5706969499588013
CUS04039,2025-07-31,1,0.5706969499588013
CUS07504,2025-07-31,0,0.5706969499588013
CUS01338,2025-09-30,1,0.5706625580787659
CUS05468,2025-08-31,0,0.5706548094749451
CUS00321,2025-08-31,0,0.5705111622810364
CUS06624,2025-09-30,1,0.5704005360603333
CUS04043,2025-09-30,0,0.5703362822532654
CUS07557,2025-08-31,1,0.5703026056289673
CUS04503,2025-09-30,0,0.5702433586120605
CUS06830,2025-09-30,0,0.5702431797981262
CUS01106,2025-07-31,0,0.5702431797981262
CUS02755,2025-07-31,0,0.5701219439506531
CUS04771,2025-07-31,0,0.5700095891952515
CUS04789,2025-07-31,0,0.5699859261512756
CUS01449,2025-08-31,0,0.5698188543319702
CUS02274,2025-09-30,1,0.5697749853134155
CUS06876,2025-07-31,1,0.5697749853134155
CUS05371,2025-09-30,1,0.5697742700576782
CUS03296,2025-07-31,1,0.5697742700576782
CUS03327,2025-07-31,0,0.5696996450424194
CUS01671,2025-09-30,0,0.5695281028747559
CUS06021,2025-08-31,0,0.5695281028747559
CUS04396,2025-07-31,1,0.5695189237594604
CUS02355,2025-09-30,0,0.5694789886474609
CUS02729,2025-08-31,0,0.5694644451141357
CUS06735,2025-07-31,0,0.5693979263305664
CUS04976,2025-07-31,1,0.5691738128662109
CUS06065,2025-07-31,1,0.5691474676132202
CUS06892,2025-09-30,0,0.5690802335739136
CUS01859,2025-09-30,0,0.5689999461174011
CUS03609,2025-08-31,1,0.5689811706542969
CUS06838,2025-07-31,1,0.5688295364379883
CUS02999,2025-07-31,0,0.5688295364379883
CUS04594,2025-08-31,1,0.5688295364379883
CUS01372,2025-09-30,1,0.5688295364379883
CUS03244,2025-08-31,1,0.5688212513923645
CUS02729,2025-07-31,0,0.5687972903251648
CUS02603,2025-07-31,0,0.5686970353126526
CUS01971,2025-07-31,0,0.5686970353126526
CUS03529,2025-08-31,0,0.5685836672782898
CUS03270,2025-08-31,0,0.5685804486274719
CUS04186,2025-08-31,0,0.568531334400177
CUS03573,2025-07-31,1,0.568451464176178
CUS04335,2025-08-31,0,0.5683829188346863
CUS07317,2025-09-30,0,0.5682435035705566
CUS04731,2025-09-30,0,0.5682045817375183
CUS01685,2025-09-30,0,0.5682045817375183
CUS00449,2025-09-30,0,0.5681452751159668
CUS07604,2025-08-31,0,0.5680927634239197
CUS07734,2025-09-30,1,0.5680927634239197
CUS03976,2025-07-31,1,0.5680927634239197
CUS07004,2025-08-31,1,0.5680927634239197
CUS02351,2025-07-31,0,0.5680927634239197
CUS03442,2025-07-31,1,0.5677402019500732
CUS03144,2025-07-31,0,0.5677399635314941
CUS03391,2025-09-30,0,0.567714512348175
CUS01115,2025-08-31,1,0.5676902532577515
CUS07643,2025-07-31,0,0.5675234794616699
CUS05828,2025-09-30,0,0.5675039887428284
CUS07943,2025-08-31,0,0.5675009489059448
CUS02784,2025-09-30,1,0.5673150420188904
CUS07563,2025-09-30,0,0.5673150420188904
CUS03374,2025-09-30,0,0.5673150420188904
CUS02629,2025-09-30,0,0.5673150420188904
CUS01154,2025-08-31,1,0.5673150420188904
CUS02221,2025-08-31,1,0.5671374797821045
CUS07257,2025-08-31,1,0.5670180916786194
CUS05991,2025-07-31,1,0.5668728947639465
CUS07287,2025-09-30,0,0.5668544769287109
CUS04931,2025-09-30,1,0.5667959451675415
CUS02385,2025-09-30,1,0.5667959451675415
CUS05901,2025-07-31,0,0.5667959451675415
CUS04355,2025-08-31,1,0.5667959451675415
CUS03867,2025-09-30,1,0.5667959451675415
CUS05633,2025-08-31,1,0.5667959451675415
CUS04243,2025-08-31,1,0.5667959451675415
CUS05575,2025-09-30,0,0.5667959451675415
CUS01917,2025-09-30,1,0.5667959451675415
CUS02342,2025-08-31,0,0.5667959451675415
CUS07407,2025-08-31,1,0.5667959451675415
CUS05231,2025-09-30,0,0.5667959451675415
CUS03646,2025-09-30,0,0.5667959451675415
CUS00200,2025-09-30,1,0.5667959451675415
CUS04450,2025-09-30,1,0.5667959451675415
CUS02742,2025-08-31,1,0.5667959451675415
CUS04523,2025-09-30,0,0.5667959451675415
CUS06598,2025-08-31,0,0.5667959451675415
CUS04980,2025-09-30,0,0.5667959451675415
CUS02701,2025-09-30,0,0.5667959451675415
CUS00802,2025-09-30,1,0.5667959451675415
CUS04935,2025-09-30,0,0.5667959451675415
CUS05034,2025-07-31,0,0.5667959451675415
CUS02331,2025-07-31,0,0.5667959451675415
CUS06261,2025-09-30,1,0.5667959451675415
CUS03746,2025-08-31,1,0.5667959451675415
CUS02975,2025-09-30,0,0.5667959451675415
CUS00743,2025-07-31,0,0.5667959451675415
CUS02930,2025-09-30,1,0.5667959451675415
CUS03488,2025-07-31,0,0.5667959451675415
CUS02003,2025-09-30,1,0.5667959451675415
CUS02197,2025-09-30,1,0.5667959451675415
CUS06107,2025-07-31,0,0.5667959451675415
CUS06414,2025-08-31,0,0.5667959451675415
CUS06980,2025-07-31,1,0.5667959451675415
CUS03394,2025-09-30,0,0.5667049288749695
CUS06894,2025-09-30,0,0.5665766596794128
CUS05367,2025-08-31,1,0.5664095878601074
CUS02732,2025-08-31,1,0.5664058327674866
CUS06837,2025-08-31,1,0.5664058327674866
CUS00357,2025-08-31,1,0.5663844347000122
CUS05468,2025-09-30,0,0.5662622451782227
CUS03389,2025-09-30,0,0.5662575364112854
CUS00240,2025-09-30,1,0.5660815238952637
CUS03601,2025-08-31,1,0.5658747553825378
CUS01915,2025-07-31,0,0.5658565163612366
CUS07955,2025-07-31,1,0.5658183693885803
CUS00706,2025-09-30,0,0.5657433867454529
CUS03045,2025-08-31,1,0.5656923055648804
CUS07517,2025-09-30,0,0.5655162930488586
CUS03791,2025-09-30,0,0.5654287338256836
CUS06183,2025-07-31,0,0.5653954148292542
CUS02606,2025-07-31,1,0.5653954148292542
CUS04722,2025-07-31,1,0.5653954148292542
CUS01562,2025-07-31,0,0.5653954148292542
CUS06332,2025-09-30,1,0.5653954148292542
CUS03475,2025-09-30,1,0.5651670694351196
CUS02321,2025-07-31,1,0.5650253891944885
CUS06577,2025-09-30,0,0.5650253891944885
CUS00377,2025-07-31,1,0.5650253891944885
CUS04769,2025-08-31,0,0.5648157000541687
CUS05273,2025-07-31,0,0.5646165609359741
CUS03907,2025-08-31,1,0.5646165609359741
CUS04371,2025-07-31,1,0.5645893812179565
CUS06295,2025-08-31,0,0.5644956827163696
CUS05662,2025-07-31,0,0.5644956827163696
CUS07789,2025-08-31,1,0.5644791126251221
CUS06680,2025-08-31,0,0.5644305348396301
CUS06543,2025-09-30,0,0.5643764138221741
CUS00059,2025-09-30,1,0.5643764138221741
CUS01033,2025-09-30,1,0.5643764138221741
CUS01588,2025-08-31,1,0.5643764138221741
CUS07511,2025-07-31,1,0.5643756985664368
CUS07212,2025-09-30,1,0.5643325448036194
CUS03308,2025-08-31,0,0.5643325448036194
CUS02338,2025-09-30,1,0.564253032207489
CUS04460,2025-09-30,0,0.5642496347427368
CUS04021,2025-08-31,1,0.5642298460006714
CUS06218,2025-09-30,1,0.5641494393348694
CUS00706,2025-08-31,0,0.5640190243721008
CUS02810,2025-07-31,1,0.5639331936836243
CUS02053,2025-08-31,0,0.5638884902000427
CUS01081,2025-08-31,0,0.5637243390083313
CUS06738,2025-09-30,0,0.5636999011039734
CUS05848,2025-07-31,1,0.5636999011039734
CUS03822,2025-09-30,0,0.5636999011039734
CUS04219,2025-07-31,0,0.5636999011039734
CUS02523,2025-08-31,1,0.5636999011039734
CUS06677,2025-09-30,0,0.5636999011039734
CUS07127,2025-09-30,1,0.5636999011039734
CUS07672,2025-09-30,0,0.5636413097381592
CUS01600,2025-07-31,1,0.5636411309242249
CUS03610,2025-08-31,1,0.5633053183555603
CUS04715,2025-08-31,0,0.5633053183555603
CUS05971,2025-08-31,0,0.5632442831993103
CUS00760,2025-08-31,1,0.5631998777389526
CUS05426,2025-08-31,1,0.5631350874900818
CUS03049,2025-08-31,1,0.5631349682807922
CUS01411,2025-09-30,1,0.5630710124969482
CUS03154,2025-09-30,1,0.5630375146865845
CUS05909,2025-07-31,0,0.5630375146865845
CUS03943,2025-07-31,1,0.5630359649658203
CUS00914,2025-07-31,0,0.5629361867904663
CUS03069,2025-07-31,0,0.5629286766052246
CUS05345,2025-08-31,0,0.562876284122467
CUS04347,2025-09-30,1,0.5628314018249512
CUS03938,2025-07-31,0,0.5628160834312439
CUS01447,2025-08-31,1,0.5628160834312439
CUS01939,2025-07-31,0,0.5628160834312439
CUS03426,2025-08-31,1,0.5628160834312439
CUS01880,2025-09-30,0,0.5628160834312439
CUS02694,2025-07-31,1,0.5628160834312439
CUS05789,2025-07-31,0,0.5628160834312439
CUS01952,2025-09-30,0,0.5628160834312439
CUS05046,2025-09-30,1,0.5628160834312439
CUS03287,2025-09-30,1,0.5628160834312439
CUS02936,2025-07-31,1,0.5628160834312439
CUS02668,2025-08-31,1,0.5627898573875427
CUS02663,2025-09-30,0,0.5627853870391846
CUS04579,2025-07-31,0,0.5627853870391846
CUS03915,2025-09-30,0,0.5627853870391846
CUS03056,2025-08-31,0,0.5627198815345764
CUS06745,2025-07-31,0,0.5627176761627197
CUS02316,2025-09-30,1,0.5627176761627197
CUS07014,2025-07-31,1,0.5626984238624573
CUS00384,2025-09-30,0,0.5626731514930725
CUS03485,2025-09-30,1,0.5626432299613953
CUS05925,2025-07-31,1,0.5625577569007874
CUS02216,2025-07-31,1,0.5624984502792358
CUS05518,2025-08-31,0,0.5624635219573975
CUS04065,2025-09-30,1,0.5624264478683472
CUS00857,2025-07-31,0,0.5624193549156189
CUS01358,2025-08-31,1,0.5623862743377686
CUS07480,2025-09-30,1,0.5622661113739014
CUS01743,2025-09-30,0,0.562248170375824
CUS01226,2025-08-31,1,0.5621968507766724
CUS04819,2025-08-31,0,0.5621968507766724
CUS04886,2025-07-31,0,0.5621968507766724
CUS02769,2025-09-30,0,0.5621320605278015
CUS03490,2025-09-30,1,0.5620397329330444
CUS03411,2025-07-31,0,0.561947762966156
CUS01442,2025-08-31,0,0.561947762966156
CUS06799,2025-09-30,1,0.5615188479423523
CUS04185,2025-09-30,0,0.5614321231842041
CUS04869,2025-07-31,0,0.5614218711853027
CUS00868,2025-08-31,0,0.5613853931427002
CUS02297,2025-07-31,0,0.5613399744033813
CUS01029,2025-09-30,1,0.5613123178482056
CUS02873,2025-07-31,0,0.5612893104553223
CUS06852,2025-09-30,1,0.5612802505493164
CUS07144,2025-09-30,1,0.5612584948539734
CUS02668,2025-09-30,0,0.5612499117851257
CUS00620,2025-07-31,0,0.5611973404884338
CUS02208,2025-08-31,0,0.5611973404884338
CUS02088,2025-08-31,0,0.5611912608146667
CUS05957,2025-08-31,0,0.5611912608146667
CUS07706,2025-09-30,1,0.5611798167228699
CUS05271,2025-08-31,1,0.5611798167228699
CUS04430,2025-07-31,1,0.5610752701759338
CUS03879,2025-09-30,1,0.561012864112854
CUS02414,2025-08-31,1,0.5609151124954224
CUS05200,2025-09-30,0,0.5608941912651062
CUS05370,2025-08-31,0,0.5608636140823364
CUS03752,2025-08-31,0,0.5608179569244385
CUS05932,2025-07-31,1,0.5608066320419312
CUS02882,2025-07-31,0,0.5608009696006775
CUS02114,2025-07-31,0,0.5607919692993164
CUS05347,2025-09-30,1,0.5607514977455139
CUS05015,2025-07-31,0,0.560696005821228
CUS01257,2025-07-31,0,0.560683012008667
CUS06507,2025-07-31,0,0.5606264472007751
CUS03451,2025-09-30,1,0.5605834722518921
CUS03127,2025-07-31,1,0.5605266690254211
CUS01530,2025-08-31,1,0.5604343414306641
CUS02941,2025-07-31,0,0.5603833794593811
CUS01480,2025-09-30,1,0.5603348016738892
CUS02514,2025-07-31,0,0.5602211952209473
CUS01577,2025-08-31,1,0.5601761937141418
CUS03677,2025-08-31,0,0.5601401329040527
CUS05597,2025-08-31,0,0.5600302219390869
CUS01062,2025-09-30,0,0.5600128173828125
CUS05909,2025-09-30,0,0.5600060224533081
CUS03019,2025-07-31,1,0.5599912405014038
CUS00586,2025-09-30,1,0.5599859952926636
CUS06747,2025-07-31,0,0.559946596622467
CUS05040,2025-09-30,0,0.5599210858345032
CUS00459,2025-08-31,0,0.5599128007888794
CUS04415,2025-09-30,1,0.5597034692764282
CUS03126,2025-08-31,0,0.5596817135810852
CUS06413,2025-08-31,0,0.559644877910614
CUS00790,2025-08-31,1,0.5596238970756531
CUS03340,2025-07-31,0,0.559574544429779
CUS04205,2025-08-31,0,0.5594373345375061
CUS03824,2025-07-31,0,0.5593433976173401
CUS06020,2025-07-31,1,0.5593433976173401
CUS05612,2025-08-31,1,0.5592538714408875
CUS04923,2025-08-31,0,0.559175968170166
CUS01248,2025-07-31,0,0.5591563582420349
CUS04751,2025-07-31,0,0.5591563582420349
CUS02479,2025-08-31,0,0.5591563582420349
CUS05207,2025-09-30,1,0.5591328740119934
CUS03819,2025-07-31,1,0.5591171383857727
CUS02097,2025-07-31,0,0.5590909123420715
CUS03371,2025-07-31,0,0.5590724945068359
CUS01337,2025-09-30,0,0.5590721964836121
CUS03490,2025-07-31,1,0.5590310096740723
CUS05917,2025-09-30,1,0.5590018033981323
CUS00845,2025-07-31,0,0.558956503868103
CUS03331,2025-07-31,0,0.5588851571083069
CUS03943,2025-08-31,1,0.5588511824607849
CUS07350,2025-08-31,0,0.5588511824607849
CUS02107,2025-09-30,0,0.5588511824607849
CUS04401,2025-08-31,0,0.5588511824607849
CUS05631,2025-08-31,1,0.5588511824607849
CUS02021,2025-09-30,1,0.5588511824607849
CUS06049,2025-08-31,1,0.5588155388832092
CUS05083,2025-07-31,1,0.5586947798728943
CUS07276,2025-08-31,0,0.5586771368980408
CUS06700,2025-09-30,0,0.5586771368980408
CUS02898,2025-08-31,0,0.5586771368980408
CUS02449,2025-08-31,1,0.5586771368980408
CUS06946,2025-09-30,0,0.5586771368980408
CUS04302,2025-08-31,0,0.5586771368980408
CUS05145,2025-08-31,1,0.5586771368980408
CUS05377,2025-09-30,1,0.5586771368980408
CUS03571,2025-07-31,0,0.5586771368980408
CUS01540,2025-07-31,0,0.5586771368980408
CUS00216,2025-09-30,1,0.5586771368980408
CUS03806,2025-09-30,0,0.5586771368980408
CUS03244,2025-07-31,1,0.5586633086204529
CUS00028,2025-09-30,1,0.558647871017456
CUS04664,2025-08-31,0,0.5586180686950684
CUS05718,2025-08-31,0,0.5586044192314148
CUS01551,2025-07-31,0,0.5584275722503662
CUS04989,2025-07-31,1,0.5584103465080261
CUS05455,2025-08-31,1,0.558347761631012
CUS01293,2025-08-31,0,0.558347761631012
CUS06699,2025-08-31,1,0.558347761631012
CUS06855,2025-08-31,0,0.558347761631012
CUS05084,2025-09-30,1,0.558347761631012
CUS06523,2025-08-31,1,0.558347761631012
CUS03851,2025-08-31,1,0.5583137273788452
CUS07388,2025-08-31,1,0.5583137273788452
CUS02033,2025-08-31,0,0.5582816004753113
CUS05239,2025-07-31,0,0.5582816004753113
CUS00704,2025-09-30,0,0.5582816004753113
CUS01470,2025-09-30,1,0.5582816004753113
CUS02134,2025-08-31,1,0.5582776069641113
CUS03581,2025-09-30,1,0.5582646131515503
CUS06306,2025-07-31,0,0.5582646131515503
CUS03480,2025-07-31,0,0.5582646131515503
CUS03517,2025-09-30,0,0.558214008808136
CUS03768,2025-07-31,1,0.5581138730049133
CUS06217,2025-08-31,1,0.5581138730049133
CUS04287,2025-09-30,1,0.5581138730049133
CUS01883,2025-09-30,0,0.5579940676689148
CUS00052,2025-08-31,1,0.5579940676689148
CUS06080,2025-08-31,0,0.5579484105110168
CUS06537,2025-07-31,0,0.5578956604003906
CUS07167,2025-09-30,1,0.5578956604003906
CUS06011,2025-09-30,1,0.5578956604003906
CUS06655,2025-09-30,1,0.5578956604003906
CUS00906,2025-07-31,1,0.5578956604003906
CUS02945,2025-08-31,1,0.5578956604003906
CUS00131,2025-08-31,0,0.5578241944313049
CUS05240,2025-07-31,1,0.5578196048736572
CUS03958,2025-09-30,1,0.5578056573867798
CUS02158,2025-07-31,1,0.5577894449234009
CUS07023,2025-08-31,1,0.5577042102813721
CUS06161,2025-09-30,0,0.557670533657074
CUS04532,2025-09-30,1,0.557670533657074
CUS03215,2025-07-31,0,0.5575000047683716
CUS04185,2025-07-31,0,0.5574340224266052
CUS02178,2025-07-31,0,0.5573862791061401
CUS00939,2025-07-31,0,0.5573090314865112
CUS06464,2025-08-31,0,0.5572934746742249
CUS05202,2025-09-30,0,0.5572635531425476
CUS07615,2025-07-31,1,0.5572227239608765
CUS02620,2025-08-31,0,0.5571609735488892
CUS04203,2025-07-31,1,0.556958019733429
CUS00977,2025-08-31,1,0.5568983554840088
CUS00380,2025-08-31,1,0.556871771812439
CUS03328,2025-09-30,0,0.556871771812439
CUS05108,2025-07-31,0,0.5567851066589355
CUS06033,2025-08-31,0,0.5566867589950562
CUS05983,2025-09-30,0,0.5566867589950562
CUS07250,2025-08-31,1,0.5566364526748657
CUS07865,2025-08-31,0,0.5566364526748657
CUS02999,2025-09-30,0,0.5565766096115112
CUS06577,2025-07-31,1,0.556348979473114
CUS07738,2025-08-31,0,0.556348979473114
CUS04129,2025-09-30,1,0.556348979473114
CUS00566,2025-08-31,1,0.556348979473114
CUS02654,2025-08-31,0,0.556348979473114
CUS05942,2025-07-31,0,0.556348979473114
CUS03577,2025-09-30,0,0.556348979473114
CUS01402,2025-09-30,1,0.556348979473114
CUS01032,2025-09-30,1,0.556348979473114
CUS01791,2025-08-31,0,0.5562989115715027
CUS03313,2025-09-30,0,0.5562065243721008
CUS04558,2025-09-30,1,0.5562065243721008
CUS02134,2025-09-30,0,0.5561901926994324
CUS07360,2025-07-31,1,0.5561623573303223
CUS07142,2025-08-31,0,0.5561623573303223
CUS06949,2025-08-31,1,0.5561623573303223
CUS01985,2025-08-31,0,0.5560924410820007
CUS01697,2025-07-31,1,0.5560924410820007
CUS00378,2025-09-30,1,0.5560924410820007
CUS00666,2025-08-31,1,0.5560924410820007
CUS05877,2025-08-31,0,0.5560537576675415
CUS06464,2025-07-31,0,0.5560251474380493
CUS06049,2025-07-31,1,0.555858850479126
CUS04237,2025-08-31,1,0.5557941198348999
CUS07321,2025-08-31,0,0.5557941198348999
CUS06313,2025-08-31,0,0.5557941198348999
CUS07106,2025-07-31,1,0.5557941198348999
CUS02239,2025-09-30,0,0.5557088255882263
CUS02579,2025-07-31,0,0.555637538433075
CUS00379,2025-08-31,0,0.5556089282035828
CUS02586,2025-08-31,1,0.5556030869483948
CUS06680,2025-07-31,0,0.5555900931358337
CUS01023,2025-07-31,0,0.5555893778800964
CUS01372,2025-07-31,1,0.5555305480957031
CUS02329,2025-07-31,0,0.5555305480957031
CUS04092,2025-08-31,1,0.5555305480957031
CUS04592,2025-09-30,0,0.5555305480957031
CUS01976,2025-09-30,1,0.5555305480957031
CUS05812,2025-08-31,1,0.5555305480957031
CUS00013,2025-09-30,1,0.5555305480957031
CUS01398,2025-09-30,0,0.5555305480957031
CUS04373,2025-08-31,0,0.5555284023284912
CUS04197,2025-08-31,0,0.5555284023284912
CUS01386,2025-09-30,1,0.5555284023284912
CUS02985,2025-08-31,1,0.5555284023284912
CUS05929,2025-09-30,1,0.5555284023284912
CUS01916,2025-07-31,1,0.5555284023284912
CUS03846,2025-07-31,0,0.5555284023284912
CUS05877,2025-09-30,0,0.5555284023284912
CUS02370,2025-07-31,0,0.5555284023284912
CUS06454,2025-09-30,1,0.5555284023284912
CUS03664,2025-08-31,0,0.5554297566413879
CUS06209,2025-08-31,0,0.5554062128067017
CUS07466,2025-07-31,0,0.5554062128067017
CUS06432,2025-07-31,0,0.5553612112998962
CUS00535,2025-09-30,0,0.5553612112998962
CUS02057,2025-07-31,0,0.555241048336029
CUS02779,2025-09-30,1,0.5551539063453674
CUS03832,2025-08-31,0,0.5549676418304443
CUS05733,2025-09-30,1,0.554935097694397
CUS04512,2025-09-30,1,0.5549127459526062
CUS04623,2025-08-31,0,0.5548490881919861
CUS05048,2025-09-30,0,0.5546453595161438
CUS02729,2025-09-30,1,0.5545423030853271
CUS04382,2025-07-31,1,0.554219663143158
CUS00791,2025-08-31,1,0.5542153716087341
CUS00661,2025-09-30,1,0.5542019605636597
CUS02216,2025-08-31,1,0.55413818359375
CUS01705,2025-09-30,0,0.5541293621063232
CUS05661,2025-09-30,0,0.5540663003921509
CUS02502,2025-08-31,1,0.5540295839309692
CUS07488,2025-09-30,0,0.5540024638175964
CUS05877,2025-07-31,0,0.5539113283157349
CUS02013,2025-07-31,0,0.5539016127586365
CUS04347,2025-08-31,1,0.5538884997367859
CUS02775,2025-07-31,1,0.5538445115089417
CUS04111,2025-07-31,0,0.553826630115509
CUS04270,2025-09-30,0,0.5538167953491211
CUS03026,2025-07-31,0,0.5538167953491211
CUS02747,2025-09-30,0,0.5538167953491211
CUS05696,2025-09-30,1,0.5538167953491211
CUS05410,2025-07-31,1,0.5538167953491211
CUS05139,2025-09-30,0,0.5538167953491211
CUS02290,2025-07-31,0,0.5538167953491211
CUS03592,2025-07-31,0,0.5538167953491211
CUS04793,2025-09-30,0,0.5538167953491211
CUS00570,2025-08-31,0,0.5537996888160706
CUS07719,2025-08-31,1,0.5537996888160706
CUS01763,2025-07-31,0,0.5536691546440125
CUS06067,2025-07-31,1,0.5536665320396423
CUS02551,2025-09-30,0,0.5536460876464844
CUS06175,2025-07-31,0,0.5536252856254578
CUS03470,2025-07-31,1,0.5535745024681091
CUS02964,2025-08-31,0,0.5535745024681091
CUS02191,2025-07-31,1,0.5535745024681091
CUS00653,2025-08-31,1,0.5535745024681091
CUS02814,2025-09-30,0,0.5535460114479065
CUS07866,2025-07-31,1,0.5534523129463196
CUS02042,2025-07-31,0,0.5534407496452332
CUS04519,2025-07-31,1,0.5534407496452332
CUS02466,2025-09-30,1,0.553405225276947
CUS00868,2025-07-31,0,0.5533259510993958
CUS02979,2025-07-31,0,0.5533225536346436
CUS03979,2025-08-31,0,0.5532881617546082
CUS06651,2025-07-31,0,0.5532664656639099
CUS01235,2025-09-30,1,0.553135097026825
CUS05870,2025-08-31,0,0.5531213283538818
CUS01622,2025-08-31,0,0.5531213283538818
CUS05135,2025-08-31,1,0.5531167984008789
CUS00251,2025-09-30,1,0.5531163811683655
CUS02601,2025-09-30,0,0.5530968904495239
CUS05857,2025-08-31,1,0.553038477897644
CUS04241,2025-08-31,1,0.5530335903167725
CUS00604,2025-09-30,1,0.5530335903167725
CUS07898,2025-09-30,0,0.5530335903167725
CUS07298,2025-08-31,0,0.5530335903167725
CUS06146,2025-07-31,0,0.5530140995979309
CUS06504,2025-07-31,0,0.5529608130455017
CUS07007,2025-07-31,0,0.5529292821884155
CUS02837,2025-07-31,0,0.5529209971427917
CUS01940,2025-09-30,1,0.5529143810272217
CUS01404,2025-09-30,1,0.5528284907341003
CUS05026,2025-09-30,0,0.552805483341217
CUS04707,2025-08-31,1,0.5527509450912476
CUS00425,2025-08-31,1,0.5527509450912476
CUS03456,2025-08-31,0,0.5527509450912476
CUS00682,2025-09-30,0,0.552707850933075
CUS05839,2025-08-31,1,0.552707850933075
CUS04507,2025-08-31,1,0.552707850933075
CUS06023,2025-07-31,1,0.552707850933075
CUS04279,2025-07-31,1,0.552707850933075
CUS06748,2025-09-30,0,0.552707850933075
CUS07700,2025-09-30,0,0.552707850933075
CUS00421,2025-09-30,0,0.552707850933075
CUS06461,2025-08-31,1,0.552707850933075
CUS05650,2025-08-31,1,0.552707850933075
CUS07572,2025-09-30,0,0.552707850933075
CUS03403,2025-08-31,1,0.552707850933075
CUS02736,2025-09-30,0,0.552707850933075
CUS04365,2025-09-30,1,0.552707850933075
CUS01734,2025-09-30,1,0.552707850933075
CUS07326,2025-08-31,0,0.552707850933075
CUS07233,2025-09-30,0,0.552707850933075
CUS07053,2025-07-31,0,0.552707850933075
CUS00723,2025-08-31,0,0.552707850933075
CUS05527,2025-09-30,1,0.552707850933075
CUS00150,2025-08-31,0,0.552707850933075
CUS00938,2025-08-31,0,0.552707850933075
CUS05395,2025-07-31,1,0.5526466369628906
CUS04452,2025-09-30,0,0.5525432229042053
CUS02502,2025-07-31,1,0.5523838996887207
CUS03177,2025-08-31,0,0.5523532629013062
CUS03407,2025-07-31,0,0.5523532629013062
CUS00946,2025-08-31,0,0.5523532629013062
CUS03217,2025-08-31,0,0.5523483753204346
CUS04634,2025-08-31,0,0.5523483753204346
CUS00841,2025-07-31,0,0.5523449182510376
CUS06882,2025-08-31,0,0.5522490739822388
CUS02818,2025-07-31,0,0.5521332025527954
CUS00374,2025-07-31,0,0.5520485043525696
CUS07741,2025-08-31,0,0.5520485043525696
CUS06742,2025-08-31,1,0.5520485043525696
CUS05424,2025-07-31,0,0.5520485043525696
CUS00305,2025-09-30,1,0.5520485043525696
CUS04529,2025-08-31,0,0.5519500970840454
CUS05686,2025-07-31,1,0.5519500970840454
CUS06464,2025-09-30,0,0.551909327507019
CUS07794,2025-07-31,0,0.5518963932991028
CUS06952,2025-09-30,1,0.5518909692764282
CUS04732,2025-07-31,0,0.5518909692764282
CUS05777,2025-09-30,0,0.5518655776977539
CUS03422,2025-08-31,0,0.5517551898956299
CUS00568,2025-09-30,0,0.5516866445541382
CUS00642,2025-09-30,0,0.5516866445541382
CUS02491,2025-09-30,1,0.5516719818115234
CUS01087,2025-08-31,1,0.5516719818115234
CUS07001,2025-08-31,0,0.5516719818115234
CUS02995,2025-09-30,0,0.5516719818115234
CUS02179,2025-07-31,1,0.5516719818115234
CUS01652,2025-09-30,0,0.5516719818115234
CUS01159,2025-09-30,1,0.5516719818115234
CUS03061,2025-08-31,0,0.5516719818115234
CUS06211,2025-07-31,0,0.5516719818115234
CUS02460,2025-07-31,1,0.5516719818115234
CUS01409,2025-09-30,0,0.5516719818115234
CUS02271,2025-08-31,0,0.5516719818115234
CUS05275,2025-08-31,1,0.5516719818115234
CUS04151,2025-09-30,1,0.5516719818115234
CUS04485,2025-09-30,1,0.5516719818115234
CUS01957,2025-08-31,0,0.5516719818115234
CUS02889,2025-07-31,0,0.5516719818115234
CUS04713,2025-08-31,0,0.5516719818115234
CUS03670,2025-07-31,1,0.5516719818115234
CUS04710,2025-07-31,0,0.5516719818115234
CUS03546,2025-08-31,0,0.5516719818115234
CUS05827,2025-07-31,1,0.5516719818115234
CUS01627,2025-07-31,1,0.5516719818115234
CUS00755,2025-09-30,0,0.5516719818115234
CUS07834,2025-08-31,0,0.5516474843025208
CUS00110,2025-09-30,0,0.5516474843025208
CUS04738,2025-09-30,0,0.5516474843025208
CUS05634,2025-08-31,0,0.5516474843025208
CUS06504,2025-08-31,0,0.551630437374115
CUS03161,2025-07-31,0,0.5516245365142822
CUS04759,2025-09-30,1,0.5515977144241333
CUS04662,2025-07-31,1,0.5515941381454468
CUS03852,2025-08-31,0,0.5515941381454468
CUS06564,2025-09-30,0,0.551550030708313
CUS02948,2025-08-31,0,0.551550030708313
CUS01903,2025-08-31,0,0.551550030708313
CUS05121,2025-08-31,1,0.551550030708313
CUS06079,2025-09-30,1,0.551550030708313
CUS03115,2025-09-30,0,0.5515303015708923
CUS06343,2025-08-31,1,0.5514944195747375
CUS03641,2025-07-31,0,0.5513982772827148
CUS07387,2025-09-30,0,0.5512685179710388
CUS03449,2025-09-30,1,0.5512102246284485
CUS00309,2025-08-31,0,0.5511665940284729
CUS02460,2025-09-30,0,0.5511261224746704
CUS02179,2025-09-30,0,0.5511261224746704
CUS07384,2025-08-31,1,0.5511261224746704
CUS02658,2025-08-31,1,0.5511261224746704
CUS05827,2025-09-30,1,0.5511261224746704
CUS03670,2025-09-30,0,0.5511261224746704
CUS05317,2025-07-31,0,0.5511161088943481
CUS01663,2025-08-31,0,0.551058828830719
CUS00163,2025-09-30,0,0.551058828830719
CUS00021,2025-09-30,1,0.551058828830719
CUS07737,2025-07-31,0,0.551058828830719
CUS07873,2025-08-31,1,0.5510426163673401
CUS06946,2025-08-31,0,0.5508802533149719
CUS06641,2025-09-30,0,0.5508635640144348
CUS03323,2025-07-31,0,0.5508635640144348
CUS05032,2025-07-31,1,0.5508635640144348
CUS07195,2025-07-31,1,0.5508635640144348
CUS06785,2025-09-30,0,0.5508635640144348
CUS07990,2025-07-31,1,0.5507904291152954
CUS01044,2025-09-30,1,0.5507122278213501
CUS07184,2025-07-31,0,0.5506295561790466
CUS03046,2025-08-31,1,0.5506112575531006
CUS07711,2025-07-31,0,0.5506112575531006
CUS02977,2025-08-31,0,0.5506112575531006
CUS07938,2025-08-31,0,0.5506066083908081
CUS02844,2025-09-30,0,0.5505797266960144
CUS04682,2025-09-30,1,0.5505180954933167
CUS03583,2025-09-30,1,0.5505149364471436
CUS07450,2025-08-31,0,0.5505149364471436
CUS00417,2025-07-31,0,0.5505149364471436
CUS00746,2025-08-31,1,0.5505149364471436
CUS03576,2025-08-31,0,0.5505149364471436
CUS04645,2025-07-31,0,0.5504044890403748
CUS00406,2025-07-31,0,0.5504044890403748
CUS06249,2025-07-31,0,0.5503510236740112
CUS05570,2025-07-31,0,0.5502490997314453
CUS05817,2025-07-31,0,0.5502442717552185
CUS06812,2025-09-30,1,0.5502275228500366
CUS01520,2025-09-30,0,0.5501529574394226
CUS01829,2025-07-31,0,0.5501251816749573
CUS03314,2025-08-31,1,0.5501108765602112
CUS00861,2025-07-31,0,0.5501108765602112
CUS04693,2025-07-31,1,0.5501108765602112
CUS03320,2025-07-31,0,0.5501108765602112
CUS01222,2025-09-30,0,0.550033688545227
CUS06129,2025-07-31,1,0.5499676465988159
CUS06931,2025-09-30,0,0.5499217510223389
CUS02499,2025-07-31,0,0.5499217510223389
CUS05582,2025-09-30,1,0.5499217510223389
CUS05993,2025-07-31,1,0.549882173538208
CUS04382,2025-08-31,0,0.549828290939331
CUS00595,2025-08-31,0,0.5497812628746033
CUS03606,2025-09-30,0,0.5496799349784851
CUS04702,2025-07-31,0,0.5496731996536255
CUS06253,2025-08-31,0,0.5496390461921692
CUS02832,2025-07-31,0,0.5493846535682678
CUS01016,2025-09-30,0,0.5493593215942383
CUS02984,2025-09-30,1,0.5492972135543823
CUS01860,2025-09-30,0,0.5492972135543823
CUS07736,2025-07-31,0,0.5492972135543823
CUS01263,2025-09-30,1,0.5492972135543823
CUS05521,2025-09-30,0,0.5492972135543823
CUS07681,2025-09-30,0,0.5492972135543823
CUS01430,2025-08-31,1,0.5492972135543823
CUS03221,2025-09-30,0,0.5492737293243408
CUS07077,2025-09-30,1,0.549240231513977
CUS00663,2025-08-31,1,0.549240231513977
CUS07970,2025-09-30,1,0.549240231513977
CUS07768,2025-09-30,1,0.549240231513977
CUS01591,2025-07-31,1,0.549240231513977
CUS01816,2025-08-31,0,0.549240231513977
CUS07398,2025-09-30,0,0.549233078956604
CUS05313,2025-08-31,1,0.5491681098937988
CUS04175,2025-07-31,1,0.5491262674331665
CUS04717,2025-08-31,1,0.5491262674331665
CUS03983,2025-08-31,0,0.5491262674331665
CUS00046,2025-09-30,1,0.5490625500679016
CUS01737,2025-08-31,0,0.548939049243927
CUS05869,2025-08-31,1,0.5488542318344116
CUS06555,2025-09-30,0,0.5488542318344116
CUS02174,2025-07-31,1,0.5488542318344116
CUS07990,2025-09-30,1,0.5488506555557251
CUS01920,2025-08-31,0,0.5488430857658386
CUS00648,2025-09-30,0,0.5488430857658386
CUS04812,2025-09-30,0,0.5488430857658386
CUS07330,2025-08-31,0,0.5488314628601074
CUS03602,2025-07-31,0,0.5488314628601074
CUS04040,2025-09-30,1,0.5488314628601074
CUS03289,2025-07-31,0,0.5487846732139587
CUS05933,2025-07-31,0,0.5487030744552612
CUS05311,2025-08-31,0,0.5486382246017456
CUS00140,2025-09-30,1,0.5484381914138794
CUS04089,2025-07-31,0,0.5482739806175232
CUS04391,2025-07-31,1,0.5482739806175232
CUS02632,2025-08-31,0,0.5482459664344788
CUS04223,2025-09-30,0,0.5482032895088196
CUS06069,2025-09-30,1,0.548184871673584
CUS02951,2025-09-30,1,0.5481739044189453
CUS06079,2025-08-31,1,0.5481739044189453
CUS05300,2025-07-31,0,0.548023521900177
CUS02076,2025-07-31,0,0.548023521900177
CUS02092,2025-09-30,1,0.5479913353919983
CUS02248,2025-08-31,1,0.5479859709739685
CUS07598,2025-07-31,0,0.5479689836502075
CUS05326,2025-07-31,1,0.5479689836502075
CUS01659,2025-09-30,0,0.5479689836502075
CUS04882,2025-09-30,0,0.5479328036308289
CUS03475,2025-08-31,0,0.5479328036308289
CUS00384,2025-08-31,0,0.5479328036308289
CUS05476,2025-08-31,0,0.5479200482368469
CUS05739,2025-07-31,0,0.5478450655937195
CUS01077,2025-09-30,0,0.5477676391601562
CUS03558,2025-09-30,0,0.5477676391601562
CUS02292,2025-09-30,1,0.5477676391601562
CUS02534,2025-07-31,1,0.5476851463317871
CUS05217,2025-09-30,0,0.5476794838905334
CUS05218,2025-08-31,1,0.5476794838905334
CUS00090,2025-09-30,1,0.5476794838905334
CUS00389,2025-07-31,0,0.5475541949272156
CUS07943,2025-09-30,0,0.5474807620048523
CUS06161,2025-08-31,0,0.5474266409873962
CUS04532,2025-08-31,1,0.5474266409873962
CUS05590,2025-07-31,1,0.547407329082489
CUS05308,2025-08-31,0,0.547407329082489
CUS05850,2025-08-31,1,0.5473508238792419
CUS01277,2025-09-30,0,0.5472556948661804
CUS05127,2025-09-30,1,0.5471867322921753
CUS07484,2025-07-31,1,0.5470634698867798
CUS00123,2025-07-31,1,0.5469953417778015
CUS00800,2025-07-31,0,0.5468832850456238
CUS01362,2025-07-31,0,0.5468736290931702
CUS07524,2025-09-30,0,0.5468034744262695
CUS06399,2025-09-30,1,0.5467712879180908
CUS03454,2025-09-30,0,0.5467373728752136
CUS07615,2025-09-30,0,0.5467153787612915
CUS04399,2025-08-31,0,0.546669065952301
CUS03412,2025-07-31,0,0.5466639995574951
CUS04962,2025-09-30,0,0.5465778708457947
CUS02660,2025-09-30,0,0.5465778708457947
CUS00493,2025-08-31,1,0.5465778708457947
CUS07671,2025-09-30,0,0.5465778708457947
CUS04754,2025-08-31,1,0.5465778708457947
CUS03398,2025-09-30,0,0.5465778708457947
CUS06218,2025-08-31,0,0.5465778708457947
CUS04140,2025-08-31,0,0.5465778708457947
CUS03648,2025-08-31,1,0.5465778708457947
CUS06056,2025-09-30,1,0.5465778708457947
CUS01048,2025-09-30,0,0.5465778708457947
CUS01489,2025-08-31,0,0.5465778708457947
CUS02457,2025-09-30,1,0.5465778708457947
CUS07762,2025-08-31,1,0.5465778708457947
CUS00468,2025-07-31,1,0.5465778708457947
CUS02518,2025-07-31,0,0.5465778708457947
CUS02905,2025-09-30,0,0.5465778708457947
CUS01151,2025-09-30,1,0.546576201915741
CUS00037,2025-08-31,1,0.546576201915741
CUS05401,2025-09-30,0,0.5464774370193481
CUS02361,2025-07-31,0,0.5464041233062744
CUS07333,2025-07-31,1,0.5463322997093201
CUS00790,2025-09-30,0,0.54623943567276
CUS01592,2025-08-31,0,0.5461410880088806
CUS05210,2025-08-31,0,0.5461385846138
CUS05851,2025-08-31,0,0.5461347103118896
CUS02892,2025-09-30,1,0.5460077524185181
CUS07330,2025-07-31,0,0.5460077524185181
CUS00793,2025-08-31,0,0.5460077524185181
CUS04687,2025-09-30,0,0.5460077524185181
CUS04040,2025-08-31,1,0.5460077524185181
CUS06062,2025-08-31,0,0.5460077524185181
CUS05060,2025-08-31,1,0.5460020303726196
CUS05572,2025-07-31,1,0.5459396243095398
CUS00345,2025-08-31,1,0.5458559393882751
CUS00318,2025-09-30,0,0.545847475528717
CUS05859,2025-07-31,0,0.5457788705825806
CUS01296,2025-09-30,0,0.545753002166748
CUS01557,2025-09-30,1,0.545753002166748
CUS05033,2025-07-31,1,0.545753002166748
CUS03541,2025-07-31,1,0.545753002166748
CUS04522,2025-09-30,0,0.545745849609375
CUS01878,2025-09-30,1,0.5457409620285034
CUS01899,2025-09-30,0,0.5457136034965515
CUS03797,2025-07-31,0,0.5457136034965515
CUS01153,2025-07-31,1,0.5456501245498657
CUS03087,2025-09-30,0,0.545637845993042
CUS07337,2025-08-31,1,0.545637845993042
CUS07886,2025-09-30,0,0.545637845993042
CUS02383,2025-07-31,0,0.5455096364021301
CUS00218,2025-08-31,0,0.5455096364021301
CUS06644,2025-09-30,1,0.5455096364021301
CUS04877,2025-09-30,0,0.5454908609390259
CUS04571,2025-09-30,1,0.5454908609390259
CUS06239,2025-09-30,0,0.5454908609390259
CUS02372,2025-07-31,0,0.5453208088874817
CUS04759,2025-08-31,1,0.5452985763549805
CUS07069,2025-09-30,0,0.5452631115913391
CUS00178,2025-07-31,1,0.5452631115913391
CUS01828,2025-09-30,1,0.5452221632003784
CUS06049,2025-09-30,1,0.5452221632003784
CUS06017,2025-09-30,1,0.5452221632003784
CUS07252,2025-07-31,1,0.5452049374580383
CUS05426,2025-09-30,0,0.5451294779777527
CUS04413,2025-07-31,1,0.5451294779777527
CUS00279,2025-08-31,1,0.5450949668884277
CUS07261,2025-09-30,1,0.5450949668884277
CUS04389,2025-08-31,1,0.5450931787490845
CUS06946,2025-07-31,1,0.5450829863548279
CUS07890,2025-08-31,0,0.5450615882873535
CUS06738,2025-08-31,0,0.5450565814971924
CUS06872,2025-07-31,1,0.545055627822876
CUS07821,2025-09-30,0,0.545055627822876
CUS04091,2025-08-31,0,0.545055627822876
CUS04434,2025-07-31,1,0.5450120568275452
CUS03112,2025-07-31,0,0.5450037121772766
CUS03216,2025-07-31,0,0.5450037121772766
CUS00288,2025-07-31,1,0.5449562072753906
CUS00844,2025-09-30,0,0.5449059009552002
CUS03080,2025-08-31,0,0.5448814630508423
CUS02129,2025-09-30,1,0.5448717474937439
CUS00659,2025-08-31,1,0.5448479652404785
CUS00557,2025-07-31,0,0.5447536110877991
CUS01108,2025-08-31,0,0.5447428822517395
CUS07258,2025-09-30,0,0.5447203516960144
CUS04999,2025-08-31,1,0.5447203516960144
CUS02982,2025-08-31,0,0.5447203516960144
CUS06673,2025-09-30,0,0.5447203516960144
CUS07826,2025-09-30,0,0.5447203516960144
CUS00683,2025-09-30,0,0.5447203516960144
CUS01708,2025-07-31,0,0.5447203516960144
CUS01714,2025-07-31,0,0.5447203516960144
CUS04499,2025-09-30,0,0.5447203516960144
CUS00353,2025-09-30,0,0.5447203516960144
CUS04553,2025-08-31,1,0.5446955561637878
CUS05459,2025-08-31,0,0.5446797609329224
CUS04569,2025-09-30,1,0.544670581817627
CUS01530,2025-07-31,1,0.544670581817627
CUS05656,2025-07-31,0,0.5446277856826782
CUS03361,2025-09-30,0,0.5445502996444702
CUS01052,2025-09-30,0,0.5443797707557678
CUS00869,2025-09-30,1,0.5443606972694397
CUS00263,2025-08-31,0,0.5443606972694397
CUS06741,2025-07-31,0,0.5443606972694397
CUS00894,2025-09-30,0,0.5443606972694397
CUS07652,2025-07-31,1,0.5443606972694397
CUS01777,2025-09-30,1,0.5443606972694397
CUS04479,2025-08-31,0,0.5443110466003418
CUS00109,2025-07-31,1,0.54422926902771
CUS06912,2025-09-30,0,0.5442030429840088
CUS01054,2025-07-31,0,0.5442030429840088
CUS01167,2025-09-30,0,0.5441474914550781
CUS05208,2025-08-31,0,0.5441209077835083
CUS01844,2025-08-31,0,0.5440463423728943
CUS05207,2025-08-31,1,0.543990433216095
CUS02725,2025-08-31,0,0.543973982334137
CUS01552,2025-09-30,0,0.543973982334137
CUS07956,2025-07-31,0,0.5439650416374207
CUS07881,2025-07-31,1,0.5436967611312866
CUS02806,2025-08-31,0,0.5436967611312866
CUS06832,2025-09-30,0,0.5436832308769226
CUS00811,2025-07-31,1,0.543610692024231
CUS00675,2025-09-30,1,0.5435616970062256
CUS05513,2025-08-31,0,0.5435236692428589
CUS02200,2025-07-31,0,0.5434978008270264
CUS00225,2025-07-31,0,0.5434343814849854
CUS04343,2025-09-30,0,0.5434160232543945
CUS05076,2025-07-31,1,0.5434160232543945
CUS02368,2025-08-31,1,0.5434160232543945
CUS00488,2025-08-31,0,0.5432313084602356
CUS06410,2025-07-31,0,0.5432225465774536
CUS07091,2025-09-30,1,0.5432215929031372
CUS06575,2025-08-31,0,0.5432215929031372
CUS07130,2025-08-31,0,0.5432215929031372
CUS05398,2025-08-31,1,0.5432215929031372
CUS01784,2025-08-31,0,0.5432215929031372
CUS00789,2025-08-31,0,0.5432077646255493
CUS01514,2025-09-30,1,0.543117344379425
CUS02948,2025-07-31,0,0.543117344379425
CUS07232,2025-07-31,0,0.543117344379425
CUS00613,2025-07-31,0,0.5430505871772766
CUS04185,2025-08-31,0,0.5430200099945068
CUS04590,2025-08-31,1,0.5429061651229858
CUS07184,2025-08-31,0,0.5429005026817322
CUS01889,2025-07-31,0,0.5428962707519531
CUS00245,2025-08-31,0,0.5427713990211487
CUS04183,2025-08-31,0,0.5427669882774353
CUS01838,2025-08-31,0,0.5426827669143677
CUS07151,2025-09-30,0,0.5426583290100098
CUS03956,2025-07-31,0,0.5426540374755859
CUS07235,2025-08-31,1,0.5426540374755859
CUS00414,2025-07-31,1,0.5426540374755859
CUS04147,2025-09-30,0,0.5426540374755859
CUS03553,2025-08-31,1,0.5426540374755859
CUS06459,2025-09-30,0,0.5425774455070496
CUS05264,2025-08-31,1,0.5425774455070496
CUS02273,2025-09-30,0,0.5425774455070496
CUS06856,2025-07-31,1,0.5425774455070496
CUS03005,2025-08-31,0,0.5425592064857483
CUS06418,2025-09-30,1,0.5425519943237305
CUS06200,2025-09-30,0,0.5424439311027527
CUS07325,2025-08-31,0,0.5423851013183594
CUS02944,2025-09-30,0,0.5423438549041748
CUS02978,2025-09-30,0,0.54233318567276
CUS05398,2025-07-31,1,0.5423308610916138
CUS07130,2025-07-31,1,0.5423308610916138
CUS04646,2025-09-30,0,0.5423303246498108
CUS07085,2025-09-30,0,0.5423303246498108
CUS03446,2025-09-30,1,0.5423303246498108
CUS03143,2025-07-31,0,0.5423303246498108
CUS01141,2025-08-31,0,0.5423303246498108
CUS06524,2025-08-31,0,0.5423303246498108
CUS04974,2025-07-31,0,0.5423182249069214
CUS02121,2025-09-30,1,0.5422525405883789
CUS04033,2025-07-31,0,0.5421838760375977
CUS04879,2025-08-31,0,0.5421838760375977
CUS04054,2025-07-31,1,0.5421838760375977
CUS05309,2025-07-31,0,0.5421838760375977
CUS05198,2025-09-30,0,0.5421838760375977
CUS05596,2025-07-31,1,0.5421838760375977
CUS07841,2025-07-31,0,0.5421838760375977
CUS00902,2025-09-30,1,0.5421838760375977
CUS04470,2025-07-31,1,0.5421838760375977
CUS04312,2025-07-31,0,0.5421838760375977
CUS07587,2025-07-31,0,0.5421838760375977
CUS06109,2025-07-31,1,0.5421838760375977
CUS05122,2025-07-31,0,0.5421838760375977
CUS02442,2025-07-31,0,0.5421834588050842
CUS04857,2025-09-30,0,0.5421834588050842
CUS06044,2025-08-31,0,0.5420913100242615
CUS00056,2025-09-30,0,0.5420913100242615
CUS05721,2025-08-31,0,0.5420708656311035
CUS05084,2025-07-31,1,0.5420211553573608
CUS05343,2025-08-31,0,0.5419870615005493
CUS01600,2025-09-30,0,0.5419870615005493
CUS02928,2025-07-31,0,0.5419870615005493
CUS05708,2025-07-31,0,0.5419439673423767
CUS00172,2025-09-30,1,0.5419439673423767
CUS02787,2025-07-31,1,0.5419439673423767
CUS06476,2025-07-31,0,0.5418998599052429
CUS00791,2025-07-31,1,0.5418903827667236
CUS07448,2025-08-31,1,0.5418564081192017
CUS05568,2025-07-31,0,0.5418564081192017
CUS05283,2025-08-31,1,0.5418564081192017
CUS05371,2025-08-31,1,0.5418018102645874
CUS00986,2025-09-30,0,0.5417209267616272
CUS05872,2025-08-31,0,0.5416770577430725
CUS05233,2025-08-31,0,0.5416662693023682
CUS01657,2025-08-31,1,0.5416662693023682
CUS03000,2025-07-31,0,0.5416662693023682
CUS06382,2025-08-31,0,0.5414983630180359
CUS07120,2025-07-31,0,0.5414983630180359
CUS02302,2025-07-31,1,0.5414941906929016
CUS03409,2025-07-31,0,0.5414941906929016
CUS04492,2025-08-31,0,0.5414711236953735
CUS05012,2025-07-31,1,0.541386067867279
CUS00015,2025-07-31,0,0.5413744449615479
CUS04635,2025-09-30,0,0.5413727164268494
CUS05913,2025-07-31,1,0.5413727164268494
CUS05704,2025-09-30,0,0.5413727164268494
CUS05123,2025-09-30,1,0.5413727164268494
CUS00237,2025-09-30,0,0.5413727164268494
CUS04327,2025-09-30,1,0.5413727164268494
CUS06204,2025-09-30,0,0.5413727164268494
CUS04749,2025-09-30,1,0.5413727164268494
CUS03098,2025-07-31,1,0.5413357615470886
CUS06480,2025-09-30,0,0.5413118004798889
CUS00727,2025-08-31,1,0.5412535071372986
CUS01206,2025-09-30,0,0.5412213802337646
CUS00148,2025-08-31,1,0.5411221981048584
CUS01575,2025-07-31,1,0.5411221981048584
CUS02996,2025-07-31,0,0.5411221981048584
CUS02853,2025-07-31,0,0.5411004424095154
CUS07974,2025-09-30,0,0.5410990715026855
CUS01888,2025-09-30,1,0.5410641431808472
CUS03131,2025-07-31,0,0.5410165786743164
CUS01051,2025-07-31,1,0.5410165786743164
CUS00421,2025-07-31,0,0.5409945249557495
CUS04568,2025-08-31,0,0.5409936904907227
CUS01405,2025-09-30,1,0.5409756898880005
CUS06254,2025-08-31,0,0.5408987402915955
CUS01897,2025-08-31,1,0.5406891703605652
CUS00927,2025-09-30,0,0.5406047105789185
CUS04632,2025-09-30,0,0.5406047105789185
CUS01887,2025-09-30,0,0.5406047105789185
CUS01019,2025-07-31,0,0.5405867099761963
CUS06291,2025-09-30,1,0.540516197681427
CUS00967,2025-08-31,1,0.540516197681427
CUS04346,2025-09-30,0,0.540516197681427
CUS06650,2025-09-30,1,0.540516197681427
CUS05621,2025-08-31,0,0.540516197681427
CUS05551,2025-09-30,1,0.540516197681427
CUS01528,2025-08-31,1,0.540516197681427
CUS02133,2025-09-30,1,0.540516197681427
CUS01355,2025-07-31,1,0.5404946208000183
CUS06491,2025-09-30,1,0.5404946208000183
CUS07455,2025-07-31,0,0.5404067039489746
CUS07863,2025-09-30,1,0.5402410626411438
CUS00937,2025-09-30,1,0.5402021408081055
CUS02583,2025-08-31,1,0.5401730537414551
CUS02094,2025-07-31,0,0.5401582717895508
CUS03704,2025-07-31,1,0.5401357412338257
CUS06085,2025-07-31,0,0.540043830871582
CUS04260,2025-07-31,1,0.5399924516677856
CUS04994,2025-09-30,0,0.5399924516677856
CUS04356,2025-09-30,0,0.5399886965751648
CUS06648,2025-08-31,1,0.5399886965751648
CUS02376,2025-08-31,1,0.539955735206604
CUS04680,2025-08-31,1,0.5398499369621277
CUS07035,2025-08-31,0,0.5398448705673218
CUS06654,2025-09-30,1,0.5398448705673218
CUS01531,2025-07-31,0,0.5398037433624268
CUS02109,2025-07-31,0,0.5398037433624268
CUS00396,2025-09-30,0,0.5398037433624268
CUS03521,2025-09-30,0,0.5398037433624268
CUS02119,2025-09-30,0,0.5398037433624268
CUS04342,2025-08-31,1,0.5398037433624268
CUS03676,2025-08-31,1,0.5398037433624268
CUS05381,2025-07-31,0,0.5398037433624268
CUS07957,2025-07-31,1,0.5398037433624268
CUS07750,2025-08-31,1,0.5398037433624268
CUS01266,2025-07-31,1,0.5398037433624268
CUS06996,2025-09-30,1,0.5398037433624268
CUS03036,2025-09-30,0,0.5398037433624268
CUS00141,2025-09-30,1,0.5398037433624268
CUS04333,2025-09-30,1,0.5398037433624268
CUS00852,2025-07-31,0,0.5398037433624268
CUS02276,2025-09-30,0,0.5398037433624268
CUS03935,2025-07-31,0,0.5398037433624268
CUS00426,2025-08-31,0,0.5398037433624268
CUS07626,2025-09-30,1,0.5397533774375916
CUS07535,2025-08-31,0,0.5396935939788818
CUS01223,2025-09-30,1,0.5396648645401001
CUS07850,2025-09-30,0,0.5396648645401001
CUS02019,2025-08-31,0,0.5396648645401001
CUS06900,2025-08-31,0,0.5396648645401001
CUS01097,2025-09-30,1,0.5396648645401001
CUS04572,2025-07-31,1,0.5396648645401001
CUS01795,2025-08-31,0,0.5396333336830139
CUS00843,2025-07-31,0,0.5394895076751709
CUS07123,2025-07-31,1,0.5394819974899292
CUS02373,2025-09-30,0,0.5394725203514099
CUS03203,2025-08-31,1,0.5394725203514099
CUS07655,2025-08-31,1,0.5394052267074585
CUS02604,2025-07-31,0,0.5394052267074585
CUS03962,2025-07-31,1,0.5394052267074585
CUS07452,2025-09-30,1,0.5394052267074585
CUS01683,2025-08-31,1,0.5394052267074585
CUS03772,2025-09-30,0,0.5393040180206299
CUS05376,2025-08-31,0,0.5393040180206299
CUS01611,2025-07-31,1,0.5393040180206299
CUS00856,2025-07-31,0,0.5393021702766418
CUS05361,2025-07-31,1,0.539301335811615
CUS04344,2025-08-31,0,0.5392574071884155
CUS06604,2025-07-31,0,0.5392391681671143
CUS04585,2025-09-30,0,0.5392391681671143
CUS00065,2025-09-30,0,0.5391942262649536
CUS01236,2025-07-31,0,0.5391942262649536
CUS02410,2025-08-31,0,0.5391942262649536
CUS04690,2025-07-31,1,0.5391942262649536
CUS03791,2025-08-31,0,0.5391882658004761
CUS00071,2025-08-31,0,0.5391809344291687
CUS04366,2025-07-31,0,0.5391255021095276
CUS00961,2025-07-31,1,0.5391072630882263
CUS07449,2025-07-31,1,0.5391015410423279
CUS04303,2025-08-31,1,0.5391015410423279
CUS00979,2025-08-31,1,0.5391015410423279
CUS06550,2025-08-31,0,0.5391015410423279
CUS03201,2025-07-31,0,0.5390927791595459
CUS02602,2025-07-31,0,0.5390046238899231
CUS06614,2025-09-30,0,0.5390046238899231
CUS05303,2025-09-30,1,0.5390046238899231
CUS05486,2025-08-31,0,0.5390046238899231
CUS01519,2025-08-31,0,0.5390046238899231
CUS02964,2025-09-30,0,0.5390046238899231
CUS05949,2025-07-31,0,0.5390046238899231
CUS03436,2025-09-30,1,0.5390046238899231
CUS00653,2025-09-30,0,0.5390046238899231
CUS05287,2025-07-31,1,0.5390046238899231
CUS07780,2025-08-31,1,0.5390046238899231
CUS05632,2025-07-31,1,0.5390046238899231
CUS06140,2025-07-31,1,0.5389861464500427
CUS01030,2025-08-31,1,0.5389861464500427
CUS07512,2025-09-30,0,0.5389633774757385
CUS06717,2025-08-31,0,0.5389577150344849
CUS05866,2025-08-31,1,0.5389457941055298
CUS04578,2025-07-31,0,0.5389297008514404
CUS01189,2025-07-31,0,0.5389244556427002
CUS00693,2025-08-31,0,0.5389244556427002
CUS05332,2025-07-31,0,0.5389244556427002
CUS05245,2025-09-30,0,0.5389244556427002
CUS05431,2025-09-30,1,0.5388034582138062
CUS02333,2025-08-31,0,0.5387189984321594
CUS01627,2025-09-30,1,0.5386940240859985
CUS06425,2025-07-31,1,0.5386178493499756
CUS05359,2025-09-30,0,0.5385160446166992
CUS01999,2025-08-31,1,0.538505494594574
CUS01142,2025-07-31,0,0.538505494594574
CUS00525,2025-08-31,1,0.538505494594574
CUS02962,2025-09-30,1,0.5384846329689026
CUS04884,2025-08-31,1,0.5384541153907776
CUS06943,2025-07-31,1,0.5383934378623962
CUS05450,2025-09-30,0,0.5383747816085815
CUS07728,2025-08-31,1,0.5382370948791504
CUS00537,2025-09-30,1,0.5380469560623169
CUS02466,2025-08-31,1,0.538030207157135
CUS05846,2025-09-30,0,0.5380106568336487
CUS06131,2025-08-31,0,0.5379981398582458
CUS07813,2025-07-31,0,0.5379751920700073
CUS00592,2025-09-30,1,0.5379430651664734
CUS01764,2025-09-30,0,0.5378742218017578
CUS00495,2025-08-31,0,0.5378566980361938
CUS00356,2025-07-31,0,0.5378508567810059
CUS01810,2025-08-31,0,0.5378508567810059
CUS05160,2025-07-31,0,0.5378508567810059
CUS01264,2025-07-31,1,0.5378508567810059
CUS01412,2025-08-31,1,0.5378508567810059
CUS01387,2025-07-31,0,0.5378215909004211
CUS02763,2025-07-31,0,0.5378171801567078
CUS07085,2025-07-31,0,0.5377678275108337
CUS07948,2025-08-31,0,0.5376986265182495
CUS01596,2025-09-30,1,0.537635326385498
CUS04108,2025-09-30,1,0.5376046895980835
CUS07775,2025-07-31,1,0.5375382304191589
CUS03147,2025-07-31,0,0.5375373363494873
CUS05551,2025-07-31,1,0.5375350117683411
CUS03936,2025-09-30,1,0.5375350117683411
CUS03725,2025-09-30,0,0.5375350117683411
CUS02583,2025-09-30,0,0.5375350117683411
CUS04346,2025-07-31,1,0.5375350117683411
CUS06291,2025-07-31,1,0.5375350117683411
CUS02978,2025-08-31,0,0.5375253558158875
CUS00231,2025-09-30,0,0.5375080704689026
CUS03003,2025-08-31,1,0.5375010967254639
CUS06489,2025-08-31,0,0.5375010967254639
CUS05847,2025-07-31,0,0.5374537110328674
CUS07574,2025-08-31,0,0.5374430418014526
CUS02775,2025-08-31,1,0.5373775959014893
CUS02755,2025-08-31,0,0.5372887849807739
CUS02428,2025-08-31,0,0.5372705459594727
CUS01003,2025-07-31,0,0.5372705459594727
CUS05759,2025-07-31,1,0.5372705459594727
CUS05440,2025-07-31,0,0.5372676253318787
CUS03113,2025-07-31,1,0.5372588634490967
CUS01785,2025-07-31,0,0.5372588634490967
CUS00915,2025-07-31,1,0.5372588634490967
CUS07197,2025-08-31,0,0.5372588634490967
CUS05351,2025-09-30,0,0.5372588634490967
CUS02048,2025-08-31,0,0.5372101664543152
CUS00675,2025-08-31,1,0.5371876358985901
CUS04833,2025-07-31,0,0.5371876358985901
CUS01577,2025-07-31,1,0.5371505618095398
CUS00447,2025-07-31,1,0.537090003490448
CUS05253,2025-07-31,1,0.5370715260505676
CUS00109,2025-09-30,1,0.5370715260505676
CUS07785,2025-08-31,0,0.5370241403579712
CUS04399,2025-09-30,0,0.5369909405708313
CUS07560,2025-08-31,0,0.5369320511817932
CUS02707,2025-09-30,0,0.5369320511817932
CUS02018,2025-08-31,0,0.5368419289588928
CUS04160,2025-08-31,0,0.5368419289588928
CUS07392,2025-09-30,1,0.5367501974105835
CUS04293,2025-09-30,0,0.5367370247840881
CUS06094,2025-07-31,0,0.5367370247840881
CUS00568,2025-08-31,0,0.536716639995575
CUS00642,2025-08-31,0,0.536716639995575
CUS02818,2025-09-30,0,0.5366365313529968
CUS07278,2025-08-31,1,0.5365889668464661
CUS06882,2025-07-31,0,0.5365247130393982
CUS03707,2025-09-30,0,0.5365247130393982
CUS05149,2025-09-30,0,0.5364816188812256
CUS00202,2025-08-31,0,0.5364816188812256
CUS04135,2025-08-31,1,0.5364816188812256
CUS07684,2025-09-30,1,0.5364816188812256
CUS07363,2025-07-31,0,0.5364816188812256
CUS03329,2025-09-30,0,0.5364816188812256
CUS04213,2025-08-31,1,0.5364816188812256
CUS07165,2025-07-31,0,0.5364816188812256
CUS04839,2025-08-31,0,0.5364803075790405
CUS07731,2025-07-31,0,0.5364803075790405
CUS01482,2025-08-31,1,0.5364696979522705
CUS02310,2025-09-30,0,0.5364381074905396
CUS01645,2025-08-31,1,0.5364121198654175
CUS02474,2025-07-31,1,0.5363997220993042
CUS04100,2025-07-31,0,0.5363394021987915
CUS03116,2025-08-31,1,0.5361760258674622
CUS03897,2025-07-31,1,0.5361581444740295
CUS00857,2025-08-31,0,0.536137044429779
CUS07629,2025-08-31,0,0.5361150503158569
CUS03642,2025-09-30,0,0.5361150503158569
CUS04850,2025-08-31,0,0.5361150503158569
CUS05981,2025-07-31,1,0.5361150503158569
CUS05157,2025-09-30,0,0.5361150503158569
CUS02682,2025-09-30,0,0.5361150503158569
CUS03392,2025-08-31,1,0.5361150503158569
CUS04331,2025-08-31,1,0.5361150503158569
CUS01642,2025-09-30,0,0.5361150503158569
CUS02713,2025-08-31,1,0.5361150503158569
CUS05087,2025-09-30,1,0.5361150503158569
CUS06959,2025-07-31,0,0.5361150503158569
CUS07405,2025-09-30,1,0.5361150503158569
CUS07623,2025-09-30,0,0.5361150503158569
CUS05084,2025-08-31,1,0.5361150503158569
CUS06013,2025-07-31,1,0.5361150503158569
CUS03867,2025-08-31,1,0.5361150503158569
CUS05006,2025-08-31,1,0.5361150503158569
CUS06699,2025-07-31,1,0.5361150503158569
CUS06330,2025-07-31,1,0.5361150503158569
CUS00006,2025-09-30,0,0.5361087918281555
CUS07116,2025-09-30,0,0.5360826849937439
CUS07849,2025-08-31,0,0.5360727310180664
CUS06331,2025-07-31,1,0.5360478758811951
CUS05670,2025-09-30,0,0.5360478758811951
CUS05488,2025-07-31,1,0.5360478758811951
CUS06317,2025-08-31,1,0.5359934568405151
CUS00697,2025-07-31,1,0.535862922668457
CUS01190,2025-09-30,1,0.5358529686927795
CUS00387,2025-08-31,1,0.5358529686927795
CUS03989,2025-08-31,0,0.5357897877693176
CUS07875,2025-07-31,1,0.535712480545044
CUS05059,2025-07-31,1,0.535712480545044
CUS06622,2025-08-31,0,0.5357019901275635
CUS05536,2025-08-31,0,0.5356869697570801
CUS04851,2025-08-31,0,0.5356796979904175
CUS02345,2025-09-30,0,0.5356796979904175
CUS03306,2025-07-31,1,0.5355744361877441
CUS07290,2025-07-31,1,0.5355483889579773
CUS05045,2025-07-31,1,0.5355483889579773
CUS07811,2025-08-31,0,0.5355483889579773
CUS07696,2025-09-30,0,0.5355483889579773
CUS01825,2025-07-31,0,0.5355483889579773
CUS02774,2025-07-31,0,0.5355483889579773
CUS05548,2025-08-31,1,0.5355483889579773
CUS06729,2025-07-31,1,0.5355483889579773
CUS06857,2025-09-30,1,0.5355483889579773
CUS00104,2025-08-31,0,0.5355483889579773
CUS04744,2025-07-31,1,0.5355483889579773
CUS05014,2025-07-31,0,0.5355483889579773
CUS07398,2025-07-31,0,0.5355356335639954
CUS01805,2025-07-31,1,0.5355229377746582
CUS05432,2025-08-31,1,0.5354263186454773
CUS02635,2025-07-31,1,0.5354263186454773
CUS03823,2025-08-31,1,0.5354263186454773
CUS06603,2025-09-30,0,0.5354263186454773
CUS01001,2025-07-31,0,0.5354263186454773
CUS03606,2025-08-31,0,0.5353941917419434
CUS02211,2025-07-31,1,0.5353735685348511
CUS02985,2025-09-30,1,0.5353735685348511
CUS04197,2025-09-30,0,0.5353735685348511
CUS02370,2025-08-31,0,0.5353735685348511
CUS02179,2025-08-31,0,0.5353735685348511
CUS05827,2025-08-31,1,0.5353735685348511
CUS01585,2025-07-31,0,0.5353735685348511
CUS04373,2025-09-30,0,0.5353735685348511
CUS04854,2025-09-30,1,0.5353437662124634
CUS06200,2025-08-31,1,0.5353173017501831
CUS00467,2025-08-31,0,0.5353161692619324
CUS07860,2025-09-30,1,0.5352097749710083
CUS00742,2025-09-30,1,0.5351901650428772
CUS05445,2025-09-30,1,0.535149335861206
CUS01596,2025-07-31,0,0.535149335861206
CUS02856,2025-08-31,0,0.535149335861206
CUS00864,2025-07-31,0,0.5350624322891235
CUS07808,2025-08-31,1,0.535058856010437
CUS04257,2025-09-30,1,0.5349904894828796
CUS06672,2025-07-31,0,0.5349904894828796
CUS06799,2025-08-31,1,0.5349871516227722
CUS03828,2025-08-31,1,0.5349871516227722
CUS01094,2025-09-30,0,0.5349265933036804
CUS04984,2025-09-30,1,0.5349085927009583
CUS02320,2025-07-31,1,0.5349085927009583
CUS03748,2025-09-30,1,0.5349085927009583
CUS03305,2025-09-30,0,0.5349085927009583
CUS03051,2025-09-30,0,0.5349085927009583
CUS06680,2025-09-30,0,0.5349085927009583
CUS01340,2025-08-31,0,0.5349085927009583
CUS06850,2025-09-30,0,0.5349085927009583
CUS05378,2025-07-31,1,0.5348758697509766
CUS06457,2025-07-31,0,0.5347745418548584
CUS02598,2025-07-31,0,0.5346762537956238
CUS00479,2025-08-31,1,0.5346598625183105
CUS06928,2025-07-31,1,0.534585177898407
CUS01171,2025-09-30,1,0.5345313549041748
CUS04800,2025-08-31,0,0.5345313549041748
CUS07171,2025-07-31,0,0.5345313549041748
CUS00066,2025-09-30,0,0.5345300436019897
CUS07392,2025-08-31,1,0.5344799160957336
CUS03445,2025-08-31,1,0.534334123134613
CUS05066,2025-07-31,0,0.5342036485671997
CUS00113,2025-09-30,1,0.5341457724571228
CUS06731,2025-09-30,0,0.5341457724571228
CUS07197,2025-07-31,1,0.534145176410675
CUS05351,2025-08-31,0,0.534145176410675
CUS05509,2025-07-31,1,0.5340584516525269
CUS07034,2025-09-30,0,0.5340584516525269
CUS02694,2025-08-31,1,0.5340584516525269
CUS02936,2025-08-31,1,0.5340584516525269
CUS05829,2025-09-30,1,0.5340584516525269
CUS07191,2025-07-31,1,0.5340584516525269
CUS00485,2025-07-31,0,0.5340584516525269
CUS07932,2025-07-31,1,0.5340584516525269
CUS06972,2025-07-31,0,0.5340584516525269
CUS01447,2025-09-30,1,0.5340584516525269
CUS01939,2025-08-31,0,0.5340584516525269
CUS05311,2025-07-31,0,0.5340249538421631
CUS04223,2025-08-31,0,0.5339680910110474
CUS02118,2025-08-31,0,0.5339458584785461
CUS01954,2025-07-31,1,0.5339458584785461
CUS07688,2025-08-31,1,0.5339458584785461
CUS06131,2025-09-30,0,0.533880889415741
CUS07526,2025-07-31,0,0.533866822719574
CUS03684,2025-08-31,0,0.533866822719574
CUS03206,2025-07-31,0,0.533866822719574
CUS03416,2025-08-31,1,0.5337244272232056
CUS03681,2025-08-31,1,0.5336969494819641
CUS04918,2025-07-31,0,0.5336969494819641
CUS04747,2025-08-31,0,0.5336254239082336
CUS07198,2025-09-30,1,0.5336254239082336
CUS07788,2025-07-31,0,0.5336254239082336
CUS07469,2025-09-30,0,0.5336254239082336
CUS07196,2025-07-31,1,0.5336145162582397
CUS00420,2025-08-31,0,0.5336143970489502
CUS04161,2025-08-31,0,0.5336143970489502
CUS03875,2025-08-31,1,0.5336143970489502
CUS03153,2025-08-31,0,0.5336143970489502
CUS04629,2025-08-31,0,0.5336143970489502
CUS02846,2025-07-31,0,0.5336143970489502
CUS00976,2025-08-31,0,0.5336143970489502
CUS01833,2025-08-31,1,0.5336143970489502
CUS04390,2025-07-31,1,0.5336015224456787
CUS07407,2025-07-31,1,0.5335789918899536
CUS05231,2025-08-31,1,0.5335789918899536
CUS02197,2025-08-31,1,0.5335789918899536
CUS02393,2025-09-30,0,0.5335578322410583
CUS07311,2025-08-31,1,0.5335525274276733
CUS03656,2025-07-31,0,0.5335525274276733
CUS05547,2025-08-31,0,0.5335525274276733
CUS00046,2025-08-31,1,0.5335469841957092
CUS01632,2025-07-31,0,0.5335441827774048
CUS00758,2025-08-31,0,0.5335046052932739
CUS06399,2025-08-31,1,0.5334947109222412
CUS04104,2025-08-31,0,0.5333548784255981
CUS06692,2025-09-30,0,0.5333095788955688
CUS07625,2025-08-31,0,0.5333095788955688
CUS03516,2025-08-31,0,0.533260703086853
CUS02626,2025-09-30,1,0.5332437753677368
CUS01849,2025-08-31,0,0.5332121253013611
CUS04127,2025-09-30,0,0.5331264138221741
CUS03451,2025-08-31,0,0.5330812931060791
CUS06650,2025-07-31,1,0.5330812931060791
CUS04345,2025-08-31,0,0.5330812931060791
CUS02133,2025-07-31,1,0.5330812931060791
CUS05361,2025-08-31,1,0.5330812931060791
CUS02300,2025-09-30,0,0.5330802798271179
CUS06707,2025-09-30,0,0.5330652594566345
CUS04396,2025-09-30,0,0.5330429077148438
CUS04999,2025-07-31,1,0.5330429077148438
CUS05956,2025-08-31,0,0.5330429077148438
CUS01973,2025-08-31,0,0.5330119729042053
CUS03631,2025-08-31,0,0.5330119729042053
CUS06620,2025-07-31,1,0.5330119729042053
CUS04616,2025-08-31,1,0.5330119729042053
CUS02130,2025-09-30,1,0.5330119729042053
CUS05273,2025-08-31,1,0.5329782962799072
CUS04807,2025-09-30,0,0.5329767465591431
CUS06180,2025-08-31,0,0.5329767465591431
CUS06676,2025-08-31,0,0.5329529643058777
CUS03651,2025-08-31,1,0.5329529643058777
CUS05187,2025-08-31,0,0.5329529643058777
CUS01662,2025-08-31,1,0.5329529643058777
CUS07405,2025-07-31,1,0.5329318046569824
CUS07252,2025-08-31,1,0.5329166650772095
CUS01494,2025-07-31,0,0.5329166650772095
CUS04760,2025-09-30,0,0.5329158306121826
CUS03271,2025-07-31,0,0.5328991413116455
CUS03752,2025-07-31,0,0.5328248739242554
CUS04574,2025-08-31,1,0.53276526927948
CUS06624,2025-08-31,1,0.5327595472335815
CUS00804,2025-09-30,1,0.532724916934967
CUS01808,2025-08-31,0,0.532724916934967
CUS00607,2025-09-30,0,0.532724916934967
CUS01012,2025-08-31,1,0.532724916934967
CUS03333,2025-09-30,0,0.532724916934967
CUS00551,2025-07-31,1,0.532724916934967
CUS07314,2025-07-31,1,0.5327248573303223
CUS02126,2025-09-30,0,0.5326569080352783
CUS07656,2025-07-31,0,0.5326128005981445
CUS01187,2025-07-31,0,0.5326128005981445
CUS05945,2025-07-31,0,0.5326128005981445
CUS07515,2025-08-31,0,0.5325829386711121
CUS01497,2025-07-31,0,0.5325606465339661
CUS02056,2025-07-31,1,0.5325173735618591
CUS05851,2025-07-31,0,0.5324679613113403
CUS06538,2025-09-30,0,0.5323620438575745
CUS01821,2025-07-31,1,0.5323535799980164
CUS06287,2025-07-31,1,0.532207727432251
CUS05437,2025-09-30,0,0.5320778489112854
CUS07888,2025-09-30,1,0.5319865345954895
CUS03489,2025-07-31,1,0.5319789052009583
CUS01982,2025-07-31,0,0.5318980813026428
CUS02960,2025-09-30,1,0.5318506956100464
CUS04565,2025-08-31,0,0.5318506956100464
CUS04325,2025-09-30,0,0.5317990779876709
CUS04074,2025-09-30,0,0.5317950248718262
CUS07262,2025-07-31,0,0.5317929983139038
CUS03470,2025-08-31,0,0.5317929983139038
CUS02191,2025-08-31,1,0.5317929983139038
CUS03426,2025-09-30,1,0.5317929983139038
CUS01114,2025-09-30,0,0.531760573387146
CUS02421,2025-07-31,0,0.5317108631134033
CUS01366,2025-07-31,0,0.5316497087478638
CUS00856,2025-08-31,0,0.5315817594528198
CUS06073,2025-09-30,1,0.5315817594528198
CUS00009,2025-07-31,0,0.5315817594528198
CUS03660,2025-09-30,0,0.5315817594528198
CUS04601,2025-09-30,1,0.5315815210342407
CUS01422,2025-07-31,0,0.5315815210342407
CUS01764,2025-07-31,0,0.5315665602684021
CUS03362,2025-09-30,1,0.5315119624137878
CUS04593,2025-09-30,0,0.5315119624137878
CUS07417,2025-07-31,1,0.5315056443214417
CUS04775,2025-09-30,1,0.5314844846725464
CUS06909,2025-08-31,1,0.5314844846725464
CUS00432,2025-07-31,0,0.5314844846725464
CUS06900,2025-09-30,0,0.5314752459526062
CUS07186,2025-09-30,1,0.5314192771911621
CUS04843,2025-07-31,0,0.5314192771911621
CUS04785,2025-09-30,1,0.5314180254936218
CUS02508,2025-08-31,0,0.5314180254936218
CUS00036,2025-07-31,1,0.5312714576721191
CUS06648,2025-07-31,1,0.5312440395355225
CUS06977,2025-09-30,0,0.5312440395355225
CUS04356,2025-08-31,0,0.5312440395355225
CUS07762,2025-07-31,1,0.531214714050293
CUS03019,2025-09-30,1,0.531214714050293
CUS04754,2025-07-31,1,0.531214714050293
CUS05778,2025-09-30,0,0.531214714050293
CUS03648,2025-07-31,1,0.531214714050293
CUS04365,2025-08-31,1,0.531214714050293
CUS05383,2025-07-31,0,0.531214714050293
CUS04507,2025-07-31,1,0.531214714050293
CUS03694,2025-09-30,0,0.531214714050293
CUS06218,2025-07-31,0,0.531214714050293
CUS02220,2025-07-31,0,0.5312018990516663
CUS02381,2025-08-31,0,0.5310528874397278
CUS01532,2025-09-30,1,0.5310528874397278
CUS03174,2025-07-31,0,0.5310528874397278
CUS04998,2025-07-31,0,0.5310528874397278
CUS02784,2025-07-31,1,0.5309719443321228
CUS01952,2025-07-31,0,0.530961811542511
CUS04280,2025-07-31,0,0.5308997631072998
CUS00552,2025-09-30,0,0.530811607837677
CUS01769,2025-08-31,0,0.530811607837677
CUS07060,2025-09-30,1,0.530811607837677
CUS04196,2025-09-30,0,0.5307955145835876
CUS04618,2025-09-30,0,0.5307812690734863
CUS06063,2025-07-31,0,0.5307812690734863
CUS00055,2025-08-31,0,0.5307812690734863
CUS05755,2025-07-31,0,0.5306538939476013
CUS01723,2025-09-30,0,0.5306501388549805
CUS00518,2025-08-31,0,0.5306472778320312
CUS01479,2025-09-30,0,0.5306472778320312
CUS03270,2025-07-31,0,0.5306472778320312
CUS06979,2025-07-31,0,0.5306472778320312
CUS04508,2025-08-31,1,0.5306472778320312
CUS02475,2025-09-30,0,0.5305497646331787
CUS07196,2025-09-30,1,0.5305083990097046
CUS01916,2025-08-31,1,0.5305083990097046
CUS07542,2025-09-30,0,0.5305083990097046
CUS03846,2025-08-31,0,0.5305083990097046
CUS04291,2025-09-30,1,0.5305083990097046
CUS05991,2025-08-31,1,0.5305083990097046
CUS06808,2025-09-30,0,0.5305083990097046
CUS00904,2025-07-31,1,0.5305083990097046
CUS00232,2025-07-31,0,0.5304909944534302
CUS04664,2025-09-30,0,0.5304824709892273
CUS02800,2025-07-31,1,0.5304824709892273
CUS01721,2025-07-31,1,0.5304824709892273
CUS01156,2025-09-30,0,0.5304824709892273
CUS01008,2025-09-30,1,0.5304824709892273
CUS02812,2025-09-30,0,0.5304824709892273
CUS07295,2025-07-31,1,0.5304824709892273
CUS01592,2025-09-30,0,0.5304824709892273
CUS03127,2025-08-31,1,0.5304824709892273
CUS07123,2025-08-31,1,0.5304824709892273
CUS03920,2025-08-31,1,0.5304824709892273
CUS03306,2025-08-31,0,0.5304824709892273
CUS02238,2025-07-31,0,0.5304824709892273
CUS00101,2025-09-30,0,0.5304824709892273
CUS01684,2025-09-30,1,0.5304824709892273
CUS02127,2025-07-31,1,0.5304824709892273
CUS06834,2025-09-30,0,0.5304673910140991
CUS03098,2025-08-31,1,0.5304260849952698
CUS01801,2025-08-31,0,0.530378520488739
CUS03190,2025-07-31,0,0.5303078293800354
CUS01126,2025-09-30,1,0.53026282787323
CUS03678,2025-07-31,1,0.5302524566650391
CUS00775,2025-08-31,0,0.530235230922699
CUS07397,2025-07-31,0,0.5301464200019836
CUS04691,2025-09-30,1,0.530138373374939
CUS07843,2025-07-31,1,0.5300672650337219
CUS02897,2025-08-31,0,0.530001163482666
CUS00975,2025-07-31,0,0.5299392938613892
CUS07626,2025-08-31,1,0.529868483543396
CUS02800,2025-09-30,1,0.5298482179641724
CUS01298,2025-09-30,0,0.5298482179641724
CUS07295,2025-09-30,0,0.5298482179641724
CUS06802,2025-07-31,0,0.5298482179641724
CUS01721,2025-09-30,1,0.5298482179641724
CUS03310,2025-08-31,1,0.5298482179641724
CUS03551,2025-09-30,1,0.5298482179641724
CUS04845,2025-08-31,1,0.5298482179641724
CUS02084,2025-09-30,0,0.5298246741294861
CUS00495,2025-07-31,0,0.5296683311462402
CUS01757,2025-09-30,1,0.529647171497345
CUS06943,2025-08-31,1,0.5296457409858704
CUS07291,2025-08-31,1,0.5296223759651184
CUS05049,2025-09-30,0,0.5295782685279846
CUS02292,2025-08-31,1,0.5295546054840088
CUS01077,2025-08-31,0,0.5295546054840088
CUS02655,2025-08-31,0,0.5295366644859314
CUS07505,2025-09-30,1,0.5295366644859314
CUS03897,2025-08-31,1,0.5295366644859314
CUS07050,2025-08-31,1,0.5295366644859314
CUS00748,2025-07-31,0,0.5295366644859314
CUS02772,2025-09-30,1,0.5295366644859314
CUS06956,2025-07-31,0,0.5295366644859314
CUS01636,2025-09-30,1,0.5295366644859314
CUS00636,2025-08-31,1,0.5295366644859314
CUS03183,2025-07-31,0,0.5295366644859314
CUS04536,2025-08-31,1,0.5295366644859314
CUS03629,2025-09-30,1,0.5295366644859314
CUS04101,2025-08-31,0,0.5295366644859314
CUS01711,2025-09-30,1,0.5295339226722717
CUS01124,2025-09-30,1,0.5295339226722717
CUS00245,2025-09-30,0,0.5295339226722717
CUS00076,2025-08-31,0,0.5295339226722717
CUS04104,2025-09-30,0,0.5295339226722717
CUS06663,2025-08-31,1,0.5295339226722717
CUS02054,2025-08-31,0,0.5295339226722717
CUS05083,2025-08-31,1,0.5295339226722717
CUS04024,2025-07-31,1,0.5295339226722717
CUS04108,2025-07-31,1,0.5295339226722717
CUS06242,2025-09-30,1,0.5295339226722717
CUS04203,2025-08-31,1,0.5295339226722717
CUS01298,2025-07-31,0,0.5295339226722717
CUS03573,2025-09-30,1,0.5295339226722717
CUS04675,2025-08-31,1,0.5295339226722717
CUS02095,2025-07-31,1,0.5295339226722717
CUS00737,2025-08-31,0,0.5295339226722717
CUS05071,2025-09-30,1,0.5295339226722717
CUS06008,2025-08-31,1,0.5295339226722717
CUS03253,2025-08-31,1,0.5295339226722717
CUS00100,2025-09-30,0,0.5295339226722717
CUS01118,2025-09-30,1,0.5295339226722717
CUS00281,2025-09-30,1,0.5295339226722717
CUS07624,2025-07-31,1,0.5295339226722717
CUS03551,2025-07-31,1,0.5295339226722717
CUS05393,2025-09-30,0,0.5295339226722717
CUS07014,2025-09-30,0,0.5295339226722717
CUS06603,2025-07-31,1,0.5295339226722717
CUS04397,2025-08-31,0,0.5294994115829468
CUS05715,2025-07-31,1,0.5294798016548157
CUS01153,2025-09-30,0,0.5294798016548157
CUS01027,2025-08-31,1,0.5294798016548157
CUS05684,2025-08-31,1,0.5293962359428406
CUS03444,2025-08-31,0,0.5293962359428406
CUS04942,2025-08-31,0,0.5293962359428406
CUS05213,2025-09-30,1,0.5293070077896118
CUS01254,2025-07-31,0,0.5292971730232239
CUS02876,2025-09-30,0,0.529296875
CUS03374,2025-08-31,0,0.529296875
CUS03907,2025-07-31,1,0.529296875
CUS02398,2025-07-31,0,0.5292712450027466
CUS00358,2025-09-30,0,0.5292163491249084
CUS03670,2025-08-31,0,0.5292083621025085
CUS02658,2025-07-31,1,0.5292083621025085
CUS01087,2025-09-30,1,0.5292083621025085
CUS02460,2025-08-31,1,0.5292083621025085
CUS02271,2025-09-30,0,0.5292083621025085
CUS07384,2025-07-31,1,0.5292083621025085
CUS05275,2025-09-30,1,0.5292083621025085
CUS01325,2025-09-30,0,0.5291793346405029
CUS07138,2025-07-31,1,0.5291793346405029
CUS02495,2025-07-31,0,0.5291323065757751
CUS07734,2025-08-31,1,0.5291242599487305
CUS05695,2025-09-30,0,0.5290781855583191
CUS02124,2025-09-30,0,0.5289345383644104
CUS03953,2025-07-31,0,0.5289345383644104
CUS02164,2025-07-31,0,0.5289345383644104
CUS01684,2025-08-31,1,0.5289048552513123
CUS02818,2025-08-31,0,0.528863787651062
CUS03056,2025-07-31,0,0.5287943482398987
CUS05727,2025-07-31,1,0.5287482142448425
CUS07546,2025-08-31,0,0.5287482142448425
CUS04900,2025-08-31,1,0.5287482142448425
CUS07372,2025-08-31,0,0.5287482142448425
CUS01742,2025-07-31,0,0.5287482142448425
CUS03284,2025-08-31,0,0.5286458730697632
CUS00754,2025-09-30,1,0.5286076068878174
CUS04152,2025-08-31,1,0.5285838842391968
CUS02552,2025-08-31,0,0.5285838842391968
CUS07933,2025-07-31,1,0.5285838842391968
CUS01265,2025-08-31,0,0.5285838842391968
CUS00637,2025-09-30,0,0.5285838842391968
CUS07981,2025-07-31,0,0.5285838842391968
CUS07132,2025-08-31,0,0.5285838842391968
CUS05325,2025-08-31,0,0.5285838842391968
CUS02317,2025-07-31,1,0.5285838842391968
CUS05760,2025-08-31,0,0.5285838842391968
CUS06915,2025-08-31,0,0.5285838842391968
CUS06628,2025-07-31,1,0.5285838842391968
CUS04600,2025-07-31,0,0.5285838842391968
CUS01366,2025-08-31,0,0.5285838842391968
CUS04780,2025-07-31,1,0.5285838842391968
CUS06813,2025-07-31,0,0.5285491943359375
CUS07417,2025-08-31,1,0.5285376906394958
CUS05689,2025-07-31,0,0.5285086035728455
CUS07965,2025-07-31,0,0.528473973274231
CUS05306,2025-08-31,0,0.528473973274231
CUS04940,2025-08-31,0,0.528473973274231
CUS00612,2025-09-30,0,0.528473973274231
CUS03536,2025-08-31,1,0.5284612774848938
CUS04414,2025-07-31,0,0.5284612774848938
CUS02628,2025-07-31,0,0.5284612774848938
CUS06888,2025-08-31,1,0.5284612774848938
CUS04907,2025-08-31,0,0.5284295082092285
CUS06358,2025-07-31,1,0.5283411741256714
CUS07718,2025-08-31,0,0.5283411741256714
CUS01029,2025-08-31,0,0.5283262133598328
CUS00829,2025-09-30,0,0.5283156633377075
CUS06254,2025-07-31,1,0.5282469987869263
CUS03132,2025-07-31,0,0.5281822681427002
CUS06146,2025-09-30,0,0.528138279914856
CUS03126,2025-09-30,0,0.5281270146369934
CUS05375,2025-08-31,0,0.5280122756958008
CUS01222,2025-08-31,0,0.5280122756958008
CUS05312,2025-09-30,0,0.5279822945594788
CUS07918,2025-07-31,0,0.5279406309127808
CUS03495,2025-09-30,0,0.5279406309127808
CUS06659,2025-08-31,1,0.5278475284576416
CUS00021,2025-08-31,1,0.5278244018554688
CUS04206,2025-07-31,0,0.5277714133262634
CUS05102,2025-08-31,0,0.5277453660964966
CUS01238,2025-07-31,0,0.5277453660964966
CUS02003,2025-08-31,1,0.5277453660964966
CUS01580,2025-09-30,0,0.5277453660964966
CUS05633,2025-07-31,1,0.5277453660964966
CUS06855,2025-07-31,1,0.5277453660964966
CUS02742,2025-07-31,1,0.5277453660964966
CUS04935,2025-08-31,1,0.5277453660964966
CUS02701,2025-08-31,0,0.5277453660964966
CUS02342,2025-07-31,0,0.5277453660964966
CUS06653,2025-08-31,0,0.5276731252670288
CUS04873,2025-07-31,0,0.5276731252670288
CUS02099,2025-08-31,0,0.5276731252670288
CUS00502,2025-07-31,1,0.5276731252670288
CUS05854,2025-08-31,1,0.5276731252670288
CUS02286,2025-07-31,0,0.5276466608047485
CUS00860,2025-08-31,1,0.5276213884353638
CUS05119,2025-07-31,1,0.5276129841804504
CUS03214,2025-07-31,0,0.5276129841804504
CUS06362,2025-07-31,1,0.5274115204811096
CUS00176,2025-07-31,0,0.527355968952179
CUS06135,2025-08-31,0,0.527355968952179
CUS03529,2025-07-31,0,0.527355968952179
CUS00205,2025-08-31,1,0.527355968952179
CUS02093,2025-09-30,1,0.527355968952179
CUS01123,2025-09-30,1,0.5273244380950928
CUS06318,2025-07-31,0,0.5272985696792603
CUS06315,2025-08-31,0,0.5272968411445618
CUS04758,2025-08-31,1,0.5272706747055054
CUS06344,2025-07-31,0,0.5272482633590698
CUS07819,2025-07-31,0,0.5272470712661743
CUS03558,2025-08-31,0,0.5272470712661743
CUS03364,2025-09-30,0,0.5272470712661743
CUS06504,2025-09-30,0,0.5272198915481567
CUS07785,2025-09-30,0,0.5272198915481567
CUS04086,2025-09-30,0,0.5272198915481567
CUS01302,2025-08-31,0,0.5271667838096619
CUS00333,2025-09-30,0,0.5271295309066772
CUS07188,2025-07-31,0,0.5271084308624268
CUS06607,2025-08-31,0,0.5270984172821045
CUS04862,2025-07-31,1,0.5270984172821045
CUS05352,2025-08-31,1,0.5270984172821045
CUS03723,2025-09-30,0,0.5270984172821045
CUS07070,2025-07-31,1,0.5270984172821045
CUS07032,2025-09-30,1,0.5270984172821045
CUS00266,2025-09-30,0,0.5270984172821045
CUS04180,2025-07-31,0,0.5270984172821045
CUS02171,2025-09-30,0,0.5270984172821045
CUS04631,2025-09-30,1,0.5270984172821045
CUS07312,2025-07-31,0,0.5270984172821045
CUS06939,2025-09-30,1,0.5270512700080872
CUS01897,2025-07-31,1,0.5270512700080872
CUS02157,2025-09-30,0,0.5270512700080872
CUS06231,2025-09-30,1,0.5270512700080872
CUS04884,2025-07-31,1,0.5270512700080872
CUS02522,2025-09-30,0,0.5270512700080872
CUS00839,2025-07-31,0,0.5270512700080872
CUS06459,2025-08-31,0,0.5270512700080872
CUS04680,2025-07-31,1,0.5270512700080872
CUS02891,2025-08-31,0,0.5270280838012695
CUS04011,2025-08-31,0,0.5270280838012695
CUS02972,2025-08-31,0,0.5270280838012695
CUS07291,2025-09-30,0,0.527026355266571
CUS01794,2025-07-31,0,0.526987612247467
CUS04705,2025-07-31,1,0.526987612247467
CUS00874,2025-08-31,0,0.5269820094108582
CUS00661,2025-08-31,1,0.5269346237182617
CUS02264,2025-08-31,0,0.5268339514732361
CUS05903,2025-09-30,0,0.5268339514732361
CUS07044,2025-07-31,1,0.5268339514732361
CUS03101,2025-09-30,1,0.5268339514732361
CUS07899,2025-08-31,1,0.5268200039863586
CUS07310,2025-07-31,1,0.526813805103302
CUS01204,2025-09-30,1,0.5267592072486877
CUS06659,2025-09-30,1,0.5267196893692017
CUS05671,2025-09-30,0,0.5266473293304443
CUS05292,2025-09-30,0,0.5266294479370117
CUS04569,2025-07-31,1,0.5266294479370117
CUS03006,2025-09-30,1,0.526618480682373
CUS02305,2025-07-31,1,0.526618480682373
CUS04320,2025-09-30,1,0.526618480682373
CUS06743,2025-08-31,1,0.526482880115509
CUS01138,2025-09-30,0,0.5263923406600952
CUS02629,2025-08-31,0,0.5263923406600952
CUS07563,2025-08-31,0,0.5263923406600952
CUS04069,2025-08-31,0,0.5263729095458984
CUS00741,2025-08-31,0,0.5263479351997375
CUS02722,2025-07-31,0,0.526324987411499
CUS02832,2025-08-31,1,0.5262929797172546
CUS03500,2025-09-30,1,0.5261889100074768
CUS07167,2025-08-31,1,0.5261796116828918
CUS05086,2025-08-31,1,0.526159405708313
CUS06105,2025-07-31,0,0.5261371731758118
CUS07333,2025-08-31,1,0.5259883403778076
CUS05406,2025-09-30,1,0.5259714126586914
CUS07893,2025-09-30,0,0.5259714126586914
CUS04163,2025-09-30,0,0.5258963108062744
CUS00702,2025-07-31,0,0.5258631110191345
CUS00318,2025-08-31,0,0.5258315205574036
CUS05257,2025-07-31,0,0.5258315205574036
CUS03722,2025-09-30,0,0.5258162617683411
CUS01766,2025-07-31,0,0.5257628560066223
CUS02784,2025-08-31,1,0.5257408618927002
CUS00805,2025-07-31,1,0.5256913304328918
CUS02668,2025-07-31,0,0.5256913304328918
CUS00908,2025-08-31,1,0.5256788730621338
CUS05321,2025-09-30,0,0.5256788730621338
CUS07806,2025-09-30,0,0.5256788730621338
CUS07146,2025-08-31,0,0.5256788730621338
CUS01854,2025-08-31,0,0.5256493091583252
CUS07891,2025-09-30,1,0.525603175163269
CUS00645,2025-09-30,1,0.5256028175354004
CUS05273,2025-09-30,1,0.5255579352378845
CUS03625,2025-08-31,0,0.5254882574081421
CUS03484,2025-08-31,0,0.5254731178283691
CUS00499,2025-07-31,1,0.5254731178283691
CUS01194,2025-07-31,0,0.5254546403884888
CUS04543,2025-07-31,0,0.5254437327384949
CUS04599,2025-07-31,1,0.5254097580909729
CUS00984,2025-07-31,0,0.5253995656967163
CUS05473,2025-09-30,1,0.5252970457077026
CUS06328,2025-09-30,0,0.5252940654754639
CUS00495,2025-09-30,0,0.525210440158844
CUS04506,2025-09-30,0,0.5252041220664978
CUS02385,2025-08-31,1,0.5252041220664978
CUS03698,2025-08-31,0,0.5252041220664978
CUS01151,2025-08-31,1,0.5250918865203857
CUS06634,2025-08-31,0,0.5250332951545715
CUS07346,2025-07-31,0,0.5250291228294373
CUS03075,2025-07-31,0,0.5248813033103943
CUS07571,2025-09-30,1,0.5248813033103943
CUS07160,2025-07-31,0,0.5248295664787292
CUS05328,2025-07-31,0,0.5248220562934875
CUS02238,2025-09-30,0,0.5247966051101685
CUS05977,2025-08-31,1,0.5247966051101685
CUS02127,2025-09-30,1,0.5247966051101685
CUS03430,2025-07-31,1,0.5247966051101685
CUS06579,2025-08-31,0,0.5247966051101685
CUS02077,2025-08-31,1,0.5247966051101685
CUS01949,2025-07-31,1,0.5247288346290588
CUS03618,2025-08-31,1,0.5247030854225159
CUS05767,2025-07-31,1,0.5246358513832092
CUS04688,2025-07-31,0,0.5246171951293945
CUS05370,2025-07-31,0,0.5246171951293945
CUS05758,2025-07-31,1,0.5246171951293945
CUS04931,2025-08-31,1,0.5245568752288818
CUS07908,2025-09-30,1,0.5245568752288818
CUS01246,2025-09-30,0,0.524505615234375
CUS00874,2025-09-30,0,0.5244988203048706
CUS06112,2025-09-30,1,0.5244988203048706
CUS05423,2025-09-30,0,0.5244988203048706
CUS02547,2025-09-30,1,0.5244254469871521
CUS03874,2025-09-30,0,0.5243951678276062
CUS04344,2025-07-31,0,0.5243935585021973
CUS03926,2025-08-31,0,0.5243509411811829
CUS03764,2025-08-31,0,0.5243406891822815
CUS01089,2025-08-31,0,0.5243228673934937
CUS06019,2025-07-31,0,0.5243162512779236
CUS06975,2025-08-31,1,0.524289071559906
CUS07042,2025-07-31,0,0.5241871476173401
CUS04343,2025-08-31,0,0.5241453051567078
CUS02273,2025-08-31,0,0.5241453051567078
CUS02643,2025-09-30,0,0.5241453051567078
CUS02341,2025-09-30,0,0.5241453051567078
CUS03189,2025-07-31,1,0.5241122245788574
CUS05667,2025-09-30,0,0.5241122245788574
CUS00652,2025-07-31,1,0.5241122245788574
CUS02459,2025-08-31,0,0.5241122245788574
CUS03759,2025-09-30,0,0.5241122245788574
CUS00236,2025-08-31,0,0.5241122245788574
CUS06944,2025-09-30,0,0.5241100788116455
CUS03443,2025-09-30,0,0.524094820022583
CUS01177,2025-07-31,1,0.524094820022583
CUS03455,2025-08-31,0,0.524094820022583
CUS04670,2025-08-31,0,0.524094820022583
CUS01763,2025-09-30,0,0.5240429043769836
CUS01627,2025-08-31,1,0.5239774584770203
CUS03061,2025-09-30,0,0.5239774584770203
CUS00148,2025-07-31,1,0.5239774584770203
CUS02889,2025-08-31,0,0.5239774584770203
CUS01337,2025-07-31,0,0.5239062309265137
CUS03315,2025-07-31,1,0.5238578915596008
CUS04024,2025-09-30,1,0.5238578915596008
CUS02095,2025-09-30,1,0.5238578915596008
CUS07624,2025-09-30,1,0.5238578915596008
CUS01831,2025-08-31,0,0.5238192677497864
CUS02226,2025-09-30,0,0.5238040089607239
CUS02010,2025-08-31,1,0.5237759947776794
CUS05847,2025-08-31,0,0.5237554311752319
CUS03136,2025-08-31,0,0.523728609085083
CUS02208,2025-07-31,0,0.5237182378768921
CUS00442,2025-07-31,0,0.5237182378768921
CUS06924,2025-09-30,0,0.5237182378768921
CUS03796,2025-08-31,1,0.5236943960189819
CUS07304,2025-09-30,1,0.5236783623695374
CUS00271,2025-07-31,1,0.523637592792511
CUS04539,2025-09-30,0,0.523637592792511
CUS02090,2025-07-31,0,0.523637592792511
CUS02964,2025-07-31,1,0.523619532585144
CUS00436,2025-07-31,0,0.5236085653305054
CUS01214,2025-07-31,0,0.5236085653305054
CUS00674,2025-08-31,0,0.5236085653305054
CUS04682,2025-07-31,0,0.5235917568206787
CUS03796,2025-07-31,1,0.5235349535942078
CUS02269,2025-08-31,1,0.5235141515731812
CUS06067,2025-08-31,1,0.5233278870582581
CUS00567,2025-08-31,1,0.5233103632926941
CUS00283,2025-09-30,0,0.5232750773429871
CUS00494,2025-08-31,0,0.5232301950454712
CUS06238,2025-07-31,0,0.5231552124023438
CUS05551,2025-08-31,1,0.5231552124023438
CUS06291,2025-08-31,1,0.5231552124023438
CUS04346,2025-08-31,0,0.5231552124023438
CUS01957,2025-09-30,0,0.5231552124023438
CUS04505,2025-07-31,0,0.5231233835220337
CUS07658,2025-07-31,0,0.5230307579040527
CUS03944,2025-08-31,0,0.5230307579040527
CUS06101,2025-07-31,1,0.5230307579040527
CUS06722,2025-07-31,0,0.5230307579040527
CUS03391,2025-08-31,0,0.5230307579040527
CUS02213,2025-07-31,0,0.5229924917221069
CUS05302,2025-07-31,1,0.5229560732841492
CUS01062,2025-08-31,0,0.522946834564209
CUS07825,2025-09-30,0,0.522946834564209
CUS06834,2025-08-31,0,0.522908627986908
CUS02143,2025-07-31,0,0.5228709578514099
CUS03467,2025-09-30,0,0.5228674411773682
CUS02457,2025-08-31,1,0.5228352546691895
CUS05471,2025-09-30,0,0.5228352546691895
CUS02660,2025-08-31,0,0.5228352546691895
CUS06514,2025-09-30,0,0.5228352546691895
CUS07005,2025-09-30,1,0.5228352546691895
CUS06748,2025-08-31,0,0.5228352546691895
CUS06841,2025-08-31,0,0.5227897763252258
CUS07681,2025-08-31,0,0.5227822065353394
CUS01143,2025-09-30,1,0.5227822065353394
CUS04928,2025-09-30,0,0.5227822065353394
CUS01860,2025-08-31,0,0.5227822065353394
CUS00037,2025-07-31,1,0.5227822065353394
CUS00614,2025-08-31,0,0.5227299332618713
CUS03494,2025-09-30,1,0.5227299332618713
CUS07540,2025-09-30,1,0.5225860476493835
CUS07020,2025-07-31,0,0.5225635170936584
CUS00619,2025-08-31,0,0.5225377082824707
CUS01083,2025-08-31,0,0.5223272442817688
CUS01173,2025-09-30,0,0.5223192572593689
CUS02029,2025-08-31,0,0.5223140716552734
CUS00540,2025-09-30,1,0.5223092436790466
CUS01033,2025-08-31,1,0.5223092436790466
CUS04707,2025-07-31,1,0.5222989320755005
CUS00425,2025-07-31,1,0.5222989320755005
CUS02574,2025-07-31,0,0.5222989320755005
CUS04585,2025-08-31,0,0.5222989320755005
CUS03456,2025-07-31,0,0.5222989320755005
CUS06418,2025-07-31,0,0.5222989320755005
CUS01983,2025-08-31,1,0.5222634673118591
CUS07508,2025-08-31,0,0.5222513675689697
CUS03644,2025-07-31,1,0.5221964120864868
CUS06219,2025-07-31,0,0.5221964120864868
CUS01487,2025-09-30,0,0.5221964120864868
CUS06056,2025-08-31,1,0.5221877694129944
CUS02941,2025-08-31,0,0.5221877694129944
CUS04827,2025-09-30,0,0.5221877694129944
CUS05861,2025-08-31,0,0.5221877694129944
CUS02540,2025-07-31,1,0.5220280289649963
CUS06538,2025-08-31,0,0.5220267176628113
CUS05572,2025-08-31,0,0.5219815969467163
CUS02610,2025-07-31,1,0.5219424366950989
CUS05063,2025-07-31,1,0.5219424366950989
CUS01633,2025-07-31,0,0.5219424366950989
CUS01029,2025-07-31,0,0.5219424366950989
CUS02937,2025-08-31,0,0.5218959450721741
CUS06526,2025-07-31,0,0.5218959450721741
CUS05357,2025-09-30,1,0.5218959450721741
CUS01959,2025-09-30,1,0.5218959450721741
CUS07670,2025-08-31,0,0.5218959450721741
CUS02229,2025-09-30,0,0.5218959450721741
CUS07668,2025-08-31,1,0.5218959450721741
CUS06681,2025-09-30,1,0.5218959450721741
CUS06623,2025-08-31,0,0.5218959450721741
CUS00908,2025-09-30,1,0.5218959450721741
CUS00944,2025-09-30,1,0.5218959450721741
CUS00210,2025-09-30,0,0.5218959450721741
CUS06632,2025-08-31,0,0.5218959450721741
CUS02052,2025-08-31,0,0.5218959450721741
CUS01934,2025-08-31,1,0.5218959450721741
CUS00753,2025-08-31,1,0.5218959450721741
CUS03547,2025-09-30,0,0.5218959450721741
CUS00744,2025-09-30,0,0.5218959450721741
CUS02166,2025-08-31,0,0.5218959450721741
CUS05602,2025-08-31,0,0.5218959450721741
CUS05838,2025-07-31,0,0.5218959450721741
CUS01265,2025-09-30,0,0.5218959450721741
CUS00039,2025-08-31,0,0.5218959450721741
CUS06915,2025-09-30,0,0.5218959450721741
CUS00638,2025-08-31,1,0.5218959450721741
CUS02549,2025-09-30,1,0.5218959450721741
CUS00884,2025-09-30,1,0.5218959450721741
CUS03922,2025-09-30,0,0.5218959450721741
CUS05531,2025-09-30,1,0.5218959450721741
CUS04599,2025-08-31,1,0.5218959450721741
CUS04478,2025-09-30,0,0.5218959450721741
CUS02534,2025-09-30,1,0.5218959450721741
CUS07207,2025-08-31,0,0.5218959450721741
CUS03152,2025-08-31,0,0.5218959450721741
CUS03980,2025-09-30,1,0.5218959450721741
CUS01459,2025-08-31,0,0.5218959450721741
CUS06316,2025-07-31,0,0.5218708515167236
CUS01739,2025-08-31,0,0.5218708515167236
CUS02334,2025-08-31,0,0.5218708515167236
CUS04797,2025-09-30,0,0.5218708515167236
CUS03100,2025-07-31,0,0.5218708515167236
CUS05606,2025-09-30,1,0.5218708515167236
CUS06058,2025-09-30,1,0.5218332409858704
CUS04781,2025-08-31,1,0.5217913389205933
CUS05671,2025-08-31,0,0.5217506885528564
CUS00490,2025-08-31,1,0.5217313170433044
CUS03477,2025-07-31,1,0.5216836333274841
CUS05619,2025-09-30,1,0.5216020345687866
CUS03577,2025-07-31,1,0.521595299243927
CUS06064,2025-07-31,0,0.5215743780136108
CUS07381,2025-08-31,1,0.5215557217597961
CUS00923,2025-08-31,0,0.5215421319007874
CUS01604,2025-08-31,1,0.5215421319007874
CUS04199,2025-09-30,0,0.5215421319007874
CUS07605,2025-07-31,1,0.5215421319007874
CUS05774,2025-08-31,0,0.5215380787849426
CUS04943,2025-07-31,0,0.5215380787849426
CUS02071,2025-08-31,1,0.5215380787849426
CUS07557,2025-07-31,1,0.5215380787849426
CUS01016,2025-08-31,0,0.5215217471122742
CUS05695,2025-08-31,0,0.5215069055557251
CUS05617,2025-07-31,0,0.5214970707893372
CUS02977,2025-07-31,0,0.5214970707893372
CUS03046,2025-07-31,1,0.5214970707893372
CUS02663,2025-08-31,0,0.5214970707893372
CUS01517,2025-08-31,0,0.5214911699295044
CUS00245,2025-07-31,1,0.5214750170707703
CUS06347,2025-09-30,0,0.5214117169380188
CUS03915,2025-08-31,0,0.5213671326637268
CUS04929,2025-07-31,0,0.5213671326637268
CUS04151,2025-08-31,1,0.5213375091552734
CUS04151,2025-07-31,1,0.5213336944580078
CUS00977,2025-07-31,0,0.5212469696998596
CUS05169,2025-07-31,1,0.5211864113807678
CUS01057,2025-09-30,0,0.5211864113807678
CUS04893,2025-07-31,1,0.5211864113807678
CUS03555,2025-07-31,1,0.5211864113807678
CUS03585,2025-07-31,0,0.5210546851158142
CUS01907,2025-07-31,0,0.521049976348877
CUS02415,2025-07-31,0,0.5209975242614746
CUS01914,2025-09-30,0,0.5209641456604004
CUS01069,2025-07-31,0,0.5209296345710754
CUS00345,2025-07-31,1,0.520839273929596
CUS04742,2025-07-31,0,0.5208104252815247
CUS04281,2025-08-31,0,0.5208104252815247
CUS06493,2025-09-30,0,0.5207732915878296
CUS01914,2025-08-31,0,0.5207661390304565
CUS01542,2025-07-31,0,0.5207442045211792
CUS05407,2025-07-31,1,0.5206958651542664
CUS04758,2025-09-30,1,0.5206753611564636
CUS07041,2025-07-31,0,0.5206750631332397
CUS00708,2025-09-30,1,0.5206384062767029
CUS06559,2025-07-31,0,0.5206304788589478
CUS04529,2025-07-31,0,0.5204291939735413
CUS02282,2025-08-31,0,0.5203551650047302
CUS00916,2025-07-31,1,0.5203551650047302
CUS06200,2025-07-31,0,0.5203551650047302
CUS06422,2025-09-30,1,0.5203551650047302
CUS06925,2025-08-31,0,0.5203551650047302
CUS03060,2025-08-31,1,0.5203551650047302
CUS05956,2025-09-30,0,0.5203546285629272
CUS00651,2025-07-31,1,0.5203546285629272
CUS00972,2025-07-31,1,0.5203546285629272
CUS04780,2025-08-31,0,0.5203546285629272
CUS01741,2025-08-31,0,0.5203546285629272
CUS07309,2025-09-30,0,0.5202590823173523
CUS00056,2025-08-31,0,0.5202405452728271
CUS06721,2025-07-31,1,0.5201999545097351
CUS07683,2025-08-31,1,0.5201999545097351
CUS03020,2025-09-30,0,0.5201999545097351
CUS00297,2025-07-31,0,0.5201999545097351
CUS02679,2025-09-30,0,0.5201999545097351
CUS03703,2025-08-31,1,0.5201999545097351
CUS04189,2025-08-31,0,0.5201999545097351
CUS01344,2025-07-31,1,0.5201999545097351
CUS06431,2025-07-31,1,0.5201999545097351
CUS05815,2025-09-30,0,0.5201999545097351
CUS02781,2025-07-31,0,0.5201932787895203
CUS02089,2025-07-31,0,0.5201932787895203
CUS01837,2025-07-31,1,0.5201862454414368
CUS00883,2025-08-31,0,0.5201862454414368
CUS01246,2025-08-31,0,0.5201429724693298
CUS06344,2025-08-31,0,0.5201429724693298
CUS02316,2025-08-31,1,0.5200386047363281
CUS02955,2025-08-31,0,0.519996702671051
CUS01698,2025-07-31,0,0.519972562789917
CUS06944,2025-07-31,0,0.5199711322784424
CUS07920,2025-08-31,0,0.5199711322784424
CUS01195,2025-08-31,0,0.5199576020240784
CUS04705,2025-08-31,1,0.5199475288391113
CUS01713,2025-09-30,1,0.5199249982833862
CUS06130,2025-09-30,0,0.5199037194252014
CUS04974,2025-08-31,0,0.5198988318443298
CUS01263,2025-08-31,1,0.5198739171028137
CUS02984,2025-08-31,1,0.5198739171028137
CUS05521,2025-08-31,1,0.5198739171028137
CUS03864,2025-09-30,1,0.5198739171028137
CUS02583,2025-07-31,1,0.5197157263755798
CUS01011,2025-09-30,0,0.5197010636329651
CUS05230,2025-07-31,0,0.5196961760520935
CUS00447,2025-08-31,1,0.5196866393089294
CUS02632,2025-07-31,0,0.5196270942687988
CUS03601,2025-07-31,1,0.5196252465248108
CUS02028,2025-07-31,0,0.5195858478546143
CUS00723,2025-07-31,1,0.5195857286453247
CUS06498,2025-09-30,1,0.5195857286453247
CUS00407,2025-09-30,1,0.5195857286453247
CUS04499,2025-08-31,0,0.5195857286453247
CUS02575,2025-08-31,0,0.5195857286453247
CUS04635,2025-08-31,0,0.5195857286453247
CUS03399,2025-07-31,1,0.5193983912467957
CUS01653,2025-09-30,0,0.5193983912467957
CUS02206,2025-09-30,0,0.5193848013877869
CUS07577,2025-09-30,0,0.5193055272102356
CUS06044,2025-07-31,0,0.5192945003509521
CUS02415,2025-09-30,0,0.5192945003509521
CUS02274,2025-08-31,1,0.5192800164222717
CUS05768,2025-08-31,0,0.5192800164222717
CUS01512,2025-07-31,0,0.5192800164222717
CUS07480,2025-08-31,1,0.5192800164222717
CUS03593,2025-09-30,0,0.5192800164222717
CUS02868,2025-08-31,0,0.5191988348960876
CUS07678,2025-08-31,0,0.5191988348960876
CUS03379,2025-07-31,0,0.5191988348960876
CUS00204,2025-08-31,0,0.5191988348960876
CUS01344,2025-08-31,1,0.5191543698310852
CUS03018,2025-07-31,1,0.5191543698310852
CUS07933,2025-08-31,1,0.5191543698310852
CUS04846,2025-09-30,1,0.5191543698310852
CUS06721,2025-08-31,1,0.5191543698310852
CUS06431,2025-08-31,0,0.5191543698310852
CUS01681,2025-09-30,0,0.5191543698310852
CUS02317,2025-08-31,0,0.5191543698310852
CUS00034,2025-07-31,1,0.5191543698310852
CUS07962,2025-09-30,1,0.5191543698310852
CUS05760,2025-09-30,0,0.5191543698310852
CUS03703,2025-09-30,1,0.5191543698310852
CUS04152,2025-09-30,1,0.5191543698310852
CUS01241,2025-09-30,0,0.5191543698310852
CUS06628,2025-08-31,1,0.5191543698310852
CUS00950,2025-09-30,0,0.5191543698310852
CUS05215,2025-07-31,1,0.5191543698310852
CUS07828,2025-08-31,0,0.5191543698310852
CUS04790,2025-09-30,0,0.5191543698310852
CUS07683,2025-09-30,1,0.5191543698310852
CUS01366,2025-09-30,0,0.5191543698310852
CUS01798,2025-08-31,1,0.5191543698310852
CUS00297,2025-08-31,0,0.5191543698310852
CUS02838,2025-07-31,1,0.5191543698310852
CUS00925,2025-07-31,0,0.5191543698310852
CUS02533,2025-09-30,1,0.5191543698310852
CUS03563,2025-09-30,1,0.5191543698310852
CUS05775,2025-08-31,1,0.5191543698310852
CUS01334,2025-09-30,1,0.5191256403923035
CUS05115,2025-08-31,1,0.5191184878349304
CUS01880,2025-08-31,0,0.519097089767456
CUS02853,2025-08-31,0,0.5190469622612
CUS02163,2025-07-31,0,0.5189907550811768
CUS04822,2025-09-30,1,0.5189765691757202
CUS03724,2025-09-30,1,0.5189765691757202
CUS04988,2025-07-31,0,0.5189765691757202
CUS02247,2025-09-30,0,0.5189515948295593
CUS01883,2025-08-31,0,0.5189515352249146
CUS05437,2025-08-31,0,0.5189076066017151
CUS00823,2025-09-30,0,0.5188795328140259
CUS02064,2025-08-31,1,0.5188795328140259
CUS05774,2025-07-31,0,0.5188223123550415
CUS07798,2025-08-31,0,0.518799364566803
CUS02454,2025-07-31,1,0.5187963247299194
CUS02352,2025-09-30,0,0.5187817811965942
CUS02335,2025-08-31,0,0.5187571048736572
CUS04764,2025-07-31,0,0.5187571048736572
CUS01198,2025-07-31,0,0.5187571048736572
CUS07255,2025-09-30,0,0.5187571048736572
CUS02562,2025-07-31,1,0.5187571048736572
CUS00253,2025-08-31,1,0.5187571048736572
CUS03892,2025-09-30,0,0.5187571048736572
CUS02402,2025-09-30,0,0.5187157988548279
CUS02796,2025-08-31,1,0.5184626579284668
CUS04130,2025-07-31,1,0.5184626579284668
CUS05155,2025-07-31,0,0.5184159278869629
CUS07786,2025-07-31,0,0.5184159278869629
CUS05435,2025-08-31,0,0.5183706879615784
CUS03884,2025-09-30,0,0.5183566212654114
CUS05349,2025-07-31,1,0.5183566212654114
CUS04220,2025-08-31,0,0.518295407295227
CUS00169,2025-07-31,0,0.518295407295227
CUS07719,2025-07-31,1,0.5182254910469055
CUS04165,2025-09-30,0,0.5181938409805298
CUS03256,2025-07-31,0,0.5181538462638855
CUS05723,2025-09-30,0,0.5181364417076111
CUS07067,2025-09-30,1,0.5181096792221069
CUS04759,2025-07-31,1,0.5180434584617615
CUS07515,2025-09-30,0,0.5178622007369995
CUS07849,2025-07-31,1,0.5178380608558655
CUS01594,2025-09-30,0,0.517815351486206
CUS03616,2025-07-31,1,0.517815351486206
CUS06576,2025-09-30,0,0.517815351486206
CUS01588,2025-07-31,1,0.517815351486206
CUS00395,2025-09-30,0,0.5178012251853943
CUS02030,2025-07-31,0,0.5177913308143616
CUS00274,2025-07-31,0,0.5176485180854797
CUS04230,2025-09-30,0,0.5176485180854797
CUS05628,2025-07-31,0,0.517523467540741
CUS06100,2025-07-31,1,0.5175135731697083
CUS04273,2025-08-31,0,0.5174371600151062
CUS06888,2025-07-31,1,0.5173883438110352
CUS03477,2025-08-31,1,0.5173840522766113
CUS03950,2025-09-30,1,0.5172904133796692
CUS06623,2025-07-31,1,0.5172904133796692
CUS02344,2025-07-31,0,0.5172904133796692
CUS06681,2025-08-31,1,0.5172904133796692
CUS01895,2025-08-31,0,0.5172904133796692
CUS04849,2025-09-30,1,0.5171278119087219
CUS00215,2025-07-31,0,0.5171082019805908
CUS04773,2025-09-30,0,0.5170958042144775
CUS00488,2025-07-31,0,0.5170612931251526
CUS06447,2025-07-31,0,0.5170272588729858
CUS01888,2025-07-31,0,0.5170272588729858
CUS02911,2025-09-30,0,0.5170272588729858
CUS06574,2025-07-31,0,0.5170272588729858
CUS05097,2025-07-31,1,0.5170272588729858
CUS06315,2025-09-30,0,0.5170272588729858
CUS02862,2025-07-31,0,0.5169985294342041
CUS01289,2025-09-30,1,0.5169985294342041
CUS01599,2025-09-30,1,0.5168760418891907
CUS00452,2025-07-31,0,0.5168457627296448
CUS06400,2025-08-31,0,0.5167348980903625
CUS06012,2025-09-30,0,0.5167348980903625
CUS05135,2025-07-31,1,0.5167348980903625
CUS03061,2025-07-31,0,0.5166395306587219
CUS00772,2025-07-31,0,0.5166076421737671
CUS00240,2025-08-31,1,0.5165985226631165
CUS05290,2025-07-31,0,0.5165787935256958
CUS01306,2025-07-31,0,0.5164998173713684
CUS05673,2025-09-30,0,0.5164998173713684
CUS04104,2025-07-31,0,0.5164861679077148
CUS06550,2025-07-31,1,0.5163560509681702
CUS00979,2025-07-31,1,0.5163560509681702
CUS06407,2025-09-30,1,0.5162638425827026
CUS05347,2025-08-31,1,0.5162588357925415
CUS07556,2025-09-30,0,0.5162588357925415
CUS04970,2025-08-31,0,0.5162588357925415
CUS05064,2025-09-30,0,0.5162588357925415
CUS02874,2025-09-30,0,0.5162129998207092
CUS07750,2025-07-31,1,0.5161444544792175
CUS02674,2025-09-30,0,0.5161422491073608
CUS04578,2025-08-31,1,0.5160251259803772
CUS01123,2025-08-31,1,0.515888512134552
CUS05575,2025-07-31,1,0.515772819519043
CUS06046,2025-09-30,1,0.5157613158226013
CUS03295,2025-09-30,0,0.5157104730606079
CUS01173,2025-08-31,0,0.5156981945037842
CUS01841,2025-08-31,1,0.5156950354576111
CUS02004,2025-07-31,0,0.5156345963478088
CUS01593,2025-09-30,0,0.5156241655349731
CUS07116,2025-07-31,1,0.51555997133255
CUS03422,2025-07-31,0,0.5154473185539246
CUS07406,2025-08-31,0,0.5154387950897217
CUS03832,2025-07-31,0,0.5154387950897217
CUS00251,2025-08-31,1,0.5154387950897217
CUS07865,2025-07-31,0,0.5154387950897217
CUS02618,2025-07-31,0,0.5154367685317993
CUS00052,2025-07-31,1,0.5154328346252441
CUS06938,2025-07-31,0,0.5154328346252441
CUS05144,2025-07-31,1,0.5154328346252441
CUS01637,2025-09-30,0,0.5154328346252441
CUS01047,2025-08-31,0,0.5154328346252441
CUS00185,2025-07-31,0,0.5152850151062012
CUS06543,2025-08-31,0,0.5152767896652222
CUS03620,2025-09-30,0,0.5152767896652222
CUS00059,2025-08-31,1,0.5152767896652222
CUS06683,2025-07-31,0,0.515275776386261
CUS07317,2025-08-31,0,0.515275776386261
CUS04725,2025-08-31,0,0.5152377486228943
CUS06596,2025-09-30,1,0.5152377486228943
CUS06738,2025-07-31,0,0.5151901841163635
CUS06491,2025-08-31,1,0.5151547193527222
CUS02134,2025-07-31,0,0.5151547193527222
CUS01445,2025-09-30,0,0.5151547193527222
CUS07417,2025-09-30,0,0.5151547193527222
CUS00741,2025-09-30,0,0.5151547193527222
CUS04232,2025-08-31,0,0.5150551199913025
CUS02726,2025-08-31,1,0.5150332450866699
CUS04048,2025-09-30,0,0.515032172203064
CUS03408,2025-09-30,1,0.515026867389679
CUS03755,2025-09-30,1,0.5150012969970703
CUS05281,2025-09-30,0,0.514987051486969
CUS03668,2025-07-31,1,0.514987051486969
CUS07028,2025-07-31,0,0.5149523019790649
CUS01632,2025-08-31,0,0.5148966908454895
CUS00306,2025-09-30,0,0.514835774898529
CUS02392,2025-07-31,1,0.514835774898529
CUS05717,2025-07-31,0,0.5148085951805115
CUS06932,2025-08-31,0,0.5146373510360718
CUS04777,2025-08-31,1,0.5146373510360718
CUS07950,2025-09-30,1,0.5146373510360718
CUS04168,2025-08-31,1,0.5146373510360718
CUS04274,2025-08-31,0,0.5146373510360718
CUS05825,2025-07-31,1,0.5146373510360718
CUS07949,2025-07-31,0,0.5146373510360718
CUS03679,2025-08-31,0,0.5146373510360718
CUS07287,2025-07-31,0,0.514557957649231
CUS07096,2025-09-30,0,0.5145224332809448
CUS05506,2025-08-31,1,0.5145224332809448
CUS07870,2025-09-30,0,0.5145224332809448
CUS01327,2025-07-31,1,0.5145224332809448
CUS03486,2025-07-31,0,0.5145224332809448
CUS04350,2025-07-31,1,0.5145224332809448
CUS07817,2025-08-31,0,0.5144907832145691
CUS04232,2025-09-30,0,0.5144907832145691
CUS06764,2025-08-31,0,0.5144907832145691
CUS00155,2025-08-31,0,0.5144907832145691
CUS05844,2025-08-31,0,0.5144907832145691
CUS03080,2025-09-30,0,0.5144907832145691
CUS00190,2025-07-31,1,0.5144907832145691
CUS07341,2025-08-31,1,0.5144907832145691
CUS00299,2025-08-31,0,0.5144907832145691
CUS05620,2025-07-31,0,0.5144907832145691
CUS04540,2025-09-30,1,0.5144907832145691
CUS06317,2025-07-31,1,0.514484703540802
CUS03666,2025-08-31,0,0.514471173286438
CUS00583,2025-09-30,1,0.5144323110580444
CUS07085,2025-08-31,0,0.5144323110580444
CUS00134,2025-09-30,0,0.514407217502594
CUS01115,2025-07-31,1,0.514407217502594
CUS07250,2025-07-31,1,0.5143629312515259
CUS04061,2025-07-31,0,0.5143629312515259
CUS00491,2025-09-30,1,0.5143629312515259
CUS05866,2025-07-31,1,0.5143629312515259
CUS07928,2025-09-30,1,0.5143398642539978
CUS05357,2025-08-31,1,0.5143106579780579
CUS01968,2025-08-31,0,0.5142661333084106
CUS06286,2025-07-31,1,0.5142444968223572
CUS03293,2025-07-31,1,0.5142444968223572
CUS01866,2025-08-31,0,0.5142444968223572
CUS02824,2025-08-31,0,0.5142444968223572
CUS01030,2025-07-31,1,0.5141430497169495
CUS05971,2025-07-31,1,0.514132559299469
CUS07677,2025-08-31,1,0.5140379667282104
CUS06273,2025-09-30,1,0.5140365958213806
CUS00946,2025-07-31,0,0.5140342712402344
CUS03177,2025-07-31,0,0.5140342712402344
CUS06052,2025-09-30,1,0.5138437747955322
CUS04214,2025-08-31,0,0.5138397216796875
CUS07906,2025-07-31,1,0.5138397216796875
CUS03237,2025-08-31,1,0.5138397216796875
CUS04948,2025-09-30,1,0.5138219594955444
CUS03725,2025-08-31,0,0.5137333869934082
CUS07368,2025-07-31,0,0.5137282609939575
CUS00185,2025-08-31,0,0.5136691927909851
CUS02248,2025-07-31,1,0.5136226415634155
CUS06894,2025-08-31,0,0.5136187672615051
CUS01517,2025-09-30,0,0.5135288834571838
CUS07042,2025-08-31,0,0.5134972333908081
CUS01418,2025-09-30,0,0.5134543776512146
CUS04623,2025-07-31,0,0.5134543776512146
CUS00305,2025-08-31,1,0.5134543776512146
CUS04558,2025-08-31,1,0.5134543776512146
CUS04731,2025-08-31,0,0.5134543776512146
CUS07121,2025-08-31,0,0.5134543776512146
CUS05412,2025-07-31,0,0.5134543776512146
CUS06742,2025-07-31,1,0.5134543776512146
CUS03313,2025-08-31,0,0.5134543776512146
CUS05917,2025-08-31,1,0.5134543776512146
CUS03387,2025-07-31,1,0.5134146213531494
CUS06683,2025-08-31,0,0.5133692026138306
CUS00527,2025-08-31,0,0.5132385492324829
CUS02914,2025-08-31,1,0.5132385492324829
CUS04803,2025-08-31,1,0.5132385492324829
CUS02010,2025-07-31,1,0.5132118463516235
CUS01388,2025-09-30,1,0.5131301283836365
CUS01391,2025-09-30,0,0.5130876302719116
CUS02611,2025-09-30,0,0.5130876302719116
CUS07722,2025-08-31,0,0.5130717158317566
CUS01763,2025-08-31,0,0.5130577087402344
CUS01442,2025-07-31,0,0.5130536556243896
CUS07642,2025-08-31,0,0.5130536556243896
CUS00830,2025-08-31,1,0.5130536556243896
CUS01398,2025-07-31,0,0.5130472779273987
CUS00795,2025-09-30,1,0.5130226016044617
CUS05112,2025-09-30,0,0.5129282474517822
CUS01592,2025-07-31,0,0.5129182934761047
CUS04373,2025-07-31,0,0.5128321647644043
CUS00101,2025-08-31,0,0.5126653909683228
CUS01069,2025-08-31,0,0.5125724077224731
CUS01126,2025-08-31,1,0.5125617384910583
CUS02269,2025-07-31,1,0.5125199556350708
CUS03666,2025-07-31,0,0.5125159025192261
CUS04556,2025-09-30,0,0.5124441385269165
CUS02020,2025-07-31,0,0.5123494267463684
CUS02067,2025-08-31,1,0.512333869934082
CUS06841,2025-07-31,0,0.5123130083084106
CUS06575,2025-07-31,0,0.5122433304786682
CUS05772,2025-09-30,0,0.5122433304786682
CUS07091,2025-08-31,1,0.5122433304786682
CUS07194,2025-09-30,0,0.5122433304786682
CUS05600,2025-09-30,0,0.5121707916259766
CUS02199,2025-08-31,1,0.5121707916259766
CUS06797,2025-09-30,0,0.5121707916259766
CUS04632,2025-08-31,0,0.512169599533081
CUS04186,2025-07-31,0,0.512102484703064
CUS07735,2025-08-31,0,0.512102484703064
CUS00678,2025-09-30,1,0.5120800137519836
CUS02713,2025-07-31,1,0.5120548009872437
CUS01523,2025-07-31,0,0.512029767036438
CUS01661,2025-08-31,0,0.512029767036438
CUS04143,2025-09-30,0,0.5120130181312561
CUS01911,2025-09-30,1,0.5119684934616089
CUS00810,2025-09-30,1,0.5119369626045227
CUS07210,2025-08-31,1,0.5119369626045227
CUS07646,2025-07-31,1,0.5119369626045227
CUS05255,2025-08-31,0,0.5119369626045227
CUS03496,2025-09-30,1,0.5119369626045227
CUS04124,2025-09-30,0,0.5119369626045227
CUS01834,2025-09-30,1,0.5119369626045227
CUS07027,2025-08-31,0,0.5119369626045227
CUS01140,2025-08-31,0,0.5119369626045227
CUS05770,2025-07-31,0,0.5119369626045227
CUS07313,2025-08-31,0,0.5119369626045227
CUS02727,2025-09-30,0,0.5119369626045227
CUS07423,2025-09-30,0,0.5119369626045227
CUS05221,2025-08-31,1,0.5119369626045227
CUS04417,2025-09-30,0,0.5119369626045227
CUS05820,2025-08-31,1,0.5119369626045227
CUS02752,2025-08-31,0,0.5119369626045227
CUS01979,2025-07-31,0,0.5119369626045227
CUS03248,2025-08-31,0,0.5119369626045227
CUS06289,2025-09-30,0,0.5119369626045227
CUS01282,2025-09-30,0,0.5119369626045227
CUS00841,2025-08-31,0,0.5119369626045227
CUS05429,2025-09-30,0,0.5119369626045227
CUS05147,2025-09-30,0,0.5119369626045227
CUS02640,2025-08-31,0,0.5119369626045227
CUS06662,2025-08-31,1,0.5119369626045227
CUS03261,2025-08-31,0,0.5119369626045227
CUS03258,2025-09-30,1,0.5119369626045227
CUS00386,2025-08-31,0,0.5119369626045227
CUS02834,2025-07-31,0,0.5119369626045227
CUS02246,2025-08-31,1,0.5119369626045227
CUS00986,2025-08-31,0,0.5118951201438904
CUS07902,2025-07-31,1,0.5118930339813232
CUS01016,2025-07-31,0,0.5118911266326904
CUS01084,2025-09-30,0,0.5118676424026489
CUS06530,2025-08-31,0,0.5117298364639282
CUS02726,2025-09-30,1,0.5117058753967285
CUS01741,2025-07-31,1,0.5117058753967285
CUS02148,2025-09-30,1,0.5117058753967285
CUS03091,2025-07-31,0,0.5116954445838928
CUS06355,2025-09-30,0,0.5116474032402039
CUS00022,2025-07-31,1,0.5116474032402039
CUS05999,2025-09-30,0,0.5116456151008606
CUS01635,2025-07-31,0,0.5115206837654114
CUS04723,2025-08-31,0,0.5114617943763733
CUS01509,2025-08-31,0,0.51139897108078
CUS02586,2025-07-31,1,0.511318564414978
CUS04567,2025-07-31,0,0.511318564414978
CUS05960,2025-07-31,1,0.5112271904945374
CUS06960,2025-09-30,1,0.5109810829162598
CUS06548,2025-09-30,1,0.5109533667564392
CUS02122,2025-09-30,0,0.5109075307846069
CUS01685,2025-08-31,0,0.5109075307846069
CUS07741,2025-07-31,0,0.5109075307846069
CUS07483,2025-09-30,0,0.5107725262641907
CUS05836,2025-09-30,0,0.5107725262641907
CUS00316,2025-07-31,1,0.5107061862945557
CUS03081,2025-09-30,0,0.510493814945221
CUS03162,2025-07-31,0,0.510493814945221
CUS02054,2025-07-31,1,0.5104473829269409
CUS01161,2025-07-31,0,0.5104300379753113
CUS07914,2025-08-31,0,0.5104263424873352
CUS06634,2025-07-31,0,0.5103306770324707
CUS01640,2025-07-31,1,0.5102661848068237
CUS02745,2025-07-31,0,0.5102291703224182
CUS07524,2025-07-31,1,0.5101666450500488
CUS02124,2025-08-31,0,0.5100832581520081
CUS00243,2025-07-31,0,0.5099804997444153
CUS05452,2025-09-30,0,0.5099338293075562
CUS00885,2025-09-30,1,0.5099338293075562
CUS06377,2025-07-31,0,0.5099338293075562
CUS00562,2025-09-30,0,0.5099338293075562
CUS01141,2025-07-31,1,0.5099338293075562
CUS06524,2025-07-31,0,0.5099338293075562
CUS03446,2025-08-31,1,0.5099338293075562
CUS05801,2025-09-30,0,0.5098734498023987
CUS07939,2025-09-30,1,0.5097818970680237
CUS07574,2025-07-31,0,0.5097749829292297
CUS00396,2025-07-31,0,0.5097692608833313
CUS02932,2025-07-31,0,0.5097293257713318
CUS06146,2025-08-31,0,0.5096967220306396
CUS01395,2025-07-31,0,0.5096901059150696
CUS04592,2025-07-31,1,0.509463369846344
CUS00427,2025-09-30,0,0.5094527006149292
CUS04864,2025-09-30,0,0.5093986392021179
CUS02925,2025-07-31,0,0.5093703269958496
CUS03690,2025-09-30,1,0.5093245506286621
CUS05872,2025-07-31,1,0.5093245506286621
CUS07338,2025-07-31,0,0.5093088746070862
CUS03452,2025-07-31,1,0.5092861652374268
CUS04232,2025-07-31,0,0.5092030763626099
CUS04664,2025-07-31,0,0.5091536641120911
CUS05007,2025-09-30,0,0.5091462731361389
CUS06332,2025-08-31,1,0.5091450214385986
CUS06433,2025-09-30,0,0.5091450214385986
CUS00672,2025-08-31,0,0.5091450214385986
CUS04303,2025-07-31,1,0.5090884566307068
CUS04706,2025-08-31,1,0.5090624690055847
CUS00110,2025-08-31,0,0.5089357495307922
CUS03317,2025-07-31,0,0.5088301301002502
CUS01856,2025-09-30,0,0.508806049823761
CUS05909,2025-08-31,0,0.5087586045265198
CUS05625,2025-09-30,0,0.5087526440620422
CUS05739,2025-09-30,0,0.5087012648582458
CUS02689,2025-08-31,0,0.5086918473243713
CUS03489,2025-09-30,1,0.5086677074432373
CUS01223,2025-08-31,1,0.508568525314331
CUS01171,2025-08-31,1,0.5085341334342957
CUS06743,2025-07-31,1,0.5085341334342957
CUS06968,2025-08-31,0,0.5085341334342957
CUS05213,2025-08-31,1,0.5085341334342957
CUS01457,2025-09-30,0,0.5085341334342957
CUS05065,2025-09-30,1,0.5085341334342957
CUS01025,2025-09-30,0,0.5085341334342957
CUS04800,2025-07-31,1,0.5085341334342957
CUS00316,2025-08-31,1,0.5085242986679077
CUS01302,2025-07-31,0,0.5084787011146545
CUS07116,2025-08-31,0,0.508460283279419
CUS01443,2025-07-31,1,0.5083206295967102
CUS03743,2025-09-30,1,0.5082909464836121
CUS07970,2025-08-31,1,0.5082235336303711
CUS06833,2025-09-30,0,0.5081378221511841
CUS03666,2025-09-30,0,0.5080422163009644
CUS00340,2025-07-31,1,0.5080326199531555
CUS00838,2025-08-31,1,0.5080083608627319
CUS07519,2025-07-31,0,0.5080083608627319
CUS07514,2025-07-31,0,0.5080083608627319
CUS07184,2025-09-30,1,0.5079389810562134
CUS04549,2025-09-30,1,0.5078915953636169
CUS03879,2025-08-31,1,0.5077589750289917
CUS02401,2025-08-31,0,0.5077589750289917
CUS03126,2025-07-31,0,0.5076493620872498
CUS06465,2025-07-31,1,0.5076383948326111
CUS06927,2025-08-31,0,0.5076383948326111
CUS06494,2025-08-31,0,0.5076383948326111
CUS04737,2025-09-30,1,0.5075825452804565
CUS00328,2025-09-30,0,0.5075657963752747
CUS05399,2025-08-31,0,0.5075554251670837
CUS03102,2025-08-31,0,0.5075554251670837
CUS01089,2025-07-31,1,0.5075554251670837
CUS04326,2025-09-30,0,0.5075554251670837
CUS07546,2025-09-30,0,0.5075292587280273
CUS05303,2025-07-31,1,0.50749671459198
CUS03277,2025-07-31,0,0.5073782801628113
CUS00187,2025-09-30,0,0.5073668360710144
CUS03269,2025-08-31,0,0.5073645710945129
CUS00775,2025-09-30,0,0.507356584072113
CUS03919,2025-08-31,1,0.5072702765464783
CUS01023,2025-08-31,0,0.5072599053382874
CUS00795,2025-08-31,1,0.5072478652000427
CUS05668,2025-09-30,0,0.5072374939918518
CUS07844,2025-07-31,0,0.5071845650672913
CUS03796,2025-09-30,1,0.5071514844894409
CUS04344,2025-09-30,0,0.5071479082107544
CUS01802,2025-09-30,0,0.5070618987083435
CUS06412,2025-07-31,1,0.5070488452911377
CUS01584,2025-09-30,1,0.5070440173149109
CUS04134,2025-07-31,1,0.5070363879203796
CUS02842,2025-07-31,1,0.5069818496704102
CUS01482,2025-07-31,1,0.506791889667511
CUS00321,2025-09-30,0,0.506678581237793
CUS00353,2025-08-31,0,0.506678581237793
CUS03627,2025-09-30,0,0.506678581237793
CUS00683,2025-08-31,0,0.506678581237793
CUS07826,2025-08-31,0,0.506678581237793
CUS07742,2025-09-30,1,0.506678581237793
CUS07258,2025-08-31,0,0.506678581237793
CUS06673,2025-08-31,0,0.506678581237793
CUS01651,2025-09-30,0,0.506678581237793
CUS05265,2025-09-30,0,0.506678581237793
CUS06988,2025-07-31,0,0.5066421627998352
CUS03996,2025-07-31,1,0.5066421627998352
CUS07496,2025-08-31,0,0.5065473318099976
CUS07792,2025-09-30,0,0.5065473318099976
CUS02315,2025-08-31,1,0.5065473318099976
CUS07316,2025-08-31,0,0.5064859986305237
CUS00700,2025-09-30,0,0.5064787268638611
CUS07097,2025-09-30,0,0.5064787268638611
CUS07316,2025-07-31,0,0.5064787268638611
CUS00427,2025-08-31,0,0.5064787268638611
CUS03286,2025-07-31,0,0.5064787268638611
CUS01045,2025-07-31,0,0.5064787268638611
CUS06523,2025-07-31,1,0.5063537955284119
CUS06414,2025-07-31,0,0.5063537955284119
CUS03646,2025-08-31,0,0.5063537955284119
CUS07564,2025-09-30,1,0.5063537955284119
CUS03608,2025-09-30,1,0.5063537955284119
CUS01838,2025-09-30,0,0.5063537955284119
CUS05976,2025-09-30,0,0.5063537955284119
CUS05052,2025-08-31,0,0.5063537955284119
CUS02930,2025-08-31,1,0.5063537955284119
CUS01734,2025-08-31,1,0.5063537955284119
CUS00439,2025-08-31,1,0.5063537955284119
CUS06750,2025-09-30,1,0.5063537955284119
CUS01385,2025-09-30,1,0.5063537955284119
CUS06723,2025-09-30,1,0.5063537955284119
CUS01786,2025-08-31,0,0.5063537955284119
CUS06181,2025-09-30,0,0.5063537955284119
CUS05436,2025-08-31,1,0.5063537955284119
CUS04065,2025-07-31,0,0.5063537955284119
CUS04523,2025-08-31,0,0.5063537955284119
CUS05455,2025-07-31,1,0.5063537955284119
CUS03746,2025-07-31,1,0.5063537955284119
CUS05053,2025-07-31,0,0.5063537955284119
CUS04317,2025-08-31,0,0.5063537955284119
CUS06100,2025-08-31,1,0.5063537955284119
CUS00053,2025-09-30,0,0.5063537955284119
CUS01818,2025-09-30,0,0.5063537955284119
CUS00511,2025-09-30,0,0.5063537955284119
CUS01293,2025-07-31,0,0.5063537955284119
CUS04453,2025-07-31,1,0.5063537955284119
CUS05000,2025-08-31,0,0.5063537955284119
CUS04980,2025-08-31,0,0.5063537955284119
CUS07690,2025-09-30,0,0.5063537955284119
CUS04370,2025-09-30,0,0.5063537955284119
CUS07391,2025-07-31,1,0.5063537955284119
CUS00988,2025-08-31,1,0.5063537955284119
CUS00682,2025-08-31,1,0.5063537955284119
CUS04243,2025-07-31,1,0.5063537955284119
CUS01605,2025-08-31,0,0.5063537955284119
CUS00802,2025-08-31,1,0.5063537955284119
CUS06334,2025-09-30,0,0.5063537955284119
CUS02975,2025-08-31,0,0.5063537955284119
CUS01658,2025-09-30,0,0.5063537955284119
CUS07463,2025-09-30,0,0.5063537955284119
CUS05740,2025-08-31,0,0.5063537955284119
CUS01904,2025-07-31,0,0.5063537955284119
CUS03166,2025-08-31,0,0.5063537955284119
CUS07315,2025-09-30,1,0.5063537955284119
CUS00012,2025-09-30,1,0.5063537955284119
CUS04355,2025-07-31,1,0.5063537955284119
CUS04450,2025-08-31,1,0.5063537955284119
CUS04895,2025-09-30,1,0.5063537955284119
CUS03098,2025-09-30,1,0.5063537955284119
CUS06762,2025-08-31,0,0.5063537955284119
CUS02841,2025-08-31,0,0.5063537955284119
CUS00590,2025-09-30,0,0.5063537955284119
CUS00044,2025-08-31,0,0.5063537955284119
CUS03466,2025-08-31,0,0.5063537955284119
CUS03053,2025-09-30,0,0.5063537955284119
CUS03680,2025-09-30,0,0.5063537955284119
CUS06007,2025-08-31,0,0.5063537955284119
CUS03826,2025-08-31,0,0.5063537955284119
CUS04138,2025-09-30,1,0.5063537955284119
CUS07904,2025-09-30,1,0.5063537955284119
CUS02479,2025-07-31,0,0.5063409209251404
CUS06275,2025-07-31,1,0.5063409209251404
CUS06860,2025-09-30,0,0.5063409209251404
CUS07686,2025-08-31,0,0.506312906742096
CUS03952,2025-08-31,1,0.506312906742096
CUS02561,2025-07-31,0,0.5062321424484253
CUS07004,2025-07-31,1,0.5062321424484253
CUS00435,2025-08-31,0,0.5062321424484253
CUS03118,2025-09-30,0,0.5062321424484253
CUS06011,2025-08-31,1,0.5062187314033508
CUS07118,2025-09-30,0,0.5061616897583008
CUS02955,2025-07-31,0,0.5061498880386353
CUS02390,2025-07-31,0,0.5061440467834473
CUS06571,2025-07-31,1,0.5061440467834473
CUS00348,2025-09-30,0,0.5061236619949341
CUS01997,2025-08-31,0,0.5060650706291199
CUS05393,2025-08-31,1,0.5060466527938843
CUS01944,2025-09-30,0,0.5060274600982666
CUS01644,2025-09-30,0,0.505955159664154
CUS06253,2025-07-31,0,0.505955159664154
CUS03852,2025-07-31,0,0.505955159664154
CUS07420,2025-08-31,0,0.5059381723403931
CUS06224,2025-09-30,0,0.5059136748313904
CUS01945,2025-07-31,0,0.5056737661361694
CUS06949,2025-07-31,1,0.5056689381599426
CUS01358,2025-07-31,0,0.5056092739105225
CUS02640,2025-07-31,0,0.5055975914001465
CUS01713,2025-08-31,1,0.505577027797699
CUS07005,2025-08-31,1,0.5054287910461426
CUS02029,2025-07-31,0,0.5054162740707397
CUS04111,2025-08-31,0,0.5053799152374268
CUS06346,2025-09-30,1,0.5053640604019165
CUS01997,2025-09-30,0,0.5053470730781555
CUS03997,2025-07-31,0,0.5052840113639832
CUS03945,2025-08-31,0,0.5052626132965088
CUS03267,2025-08-31,0,0.5052626132965088
CUS07808,2025-09-30,1,0.5052552819252014
CUS02651,2025-09-30,0,0.5052236914634705
CUS02810,2025-09-30,0,0.5052236914634705
CUS02624,2025-08-31,1,0.5052236914634705
CUS06826,2025-09-30,0,0.5052236914634705
CUS02968,2025-07-31,1,0.5052236914634705
CUS07484,2025-09-30,0,0.5052236914634705
CUS03491,2025-08-31,1,0.5052236914634705
CUS05394,2025-07-31,0,0.5052236914634705
CUS07351,2025-09-30,1,0.5052236914634705
CUS02502,2025-09-30,1,0.5052236914634705
CUS03999,2025-08-31,0,0.5052236914634705
CUS06695,2025-07-31,0,0.5052236914634705
CUS01675,2025-07-31,1,0.5052236914634705
CUS04545,2025-09-30,0,0.5052236914634705
CUS05891,2025-07-31,0,0.5052236914634705
CUS07814,2025-07-31,1,0.5052236914634705
CUS04989,2025-08-31,0,0.5052236914634705
CUS03178,2025-08-31,0,0.5052236914634705
CUS01155,2025-09-30,0,0.5051934719085693
CUS04779,2025-09-30,0,0.5051780939102173
CUS07448,2025-07-31,1,0.5051712989807129
CUS05150,2025-09-30,1,0.505153477191925
CUS06684,2025-07-31,1,0.5051476359367371
CUS07516,2025-09-30,0,0.5051476359367371
CUS06374,2025-08-31,1,0.5051476359367371
CUS06496,2025-09-30,0,0.5051230788230896
CUS01684,2025-07-31,1,0.5051223039627075
CUS04016,2025-07-31,0,0.5050709247589111
CUS00490,2025-07-31,1,0.5050482749938965
CUS03872,2025-07-31,1,0.505020797252655
CUS04460,2025-08-31,0,0.504996657371521
CUS04756,2025-09-30,1,0.5049614906311035
CUS07798,2025-07-31,0,0.5048907399177551
CUS02766,2025-07-31,1,0.5048896670341492
CUS05219,2025-09-30,0,0.5048896670341492
CUS05058,2025-07-31,1,0.5048896670341492
CUS06880,2025-07-31,0,0.5048896670341492
CUS06167,2025-09-30,1,0.5048599243164062
CUS04850,2025-07-31,0,0.5048183798789978
CUS03023,2025-09-30,0,0.5048051476478577
CUS03491,2025-07-31,1,0.5047532320022583
CUS04888,2025-08-31,0,0.504746675491333
CUS05517,2025-09-30,1,0.5047219395637512
CUS00465,2025-08-31,1,0.5046656131744385
CUS05237,2025-09-30,0,0.5046422481536865
CUS06153,2025-07-31,0,0.5046422481536865
CUS00874,2025-07-31,0,0.5046069622039795
CUS04318,2025-07-31,0,0.5045448541641235
CUS02059,2025-08-31,1,0.5044466853141785
CUS06677,2025-08-31,0,0.5043840408325195
CUS07261,2025-08-31,1,0.504368007183075
CUS02338,2025-07-31,0,0.504368007183075
CUS07416,2025-09-30,1,0.5043656826019287
CUS04372,2025-09-30,0,0.5042632818222046
CUS04775,2025-08-31,1,0.5041900873184204
CUS03574,2025-08-31,0,0.5040940642356873
CUS02683,2025-07-31,0,0.5040940642356873
CUS05216,2025-07-31,0,0.5040536522865295
CUS00793,2025-09-30,0,0.5040192008018494
CUS00853,2025-07-31,0,0.5039992332458496
CUS00391,2025-09-30,0,0.5039342641830444
CUS03280,2025-07-31,0,0.5039145350456238
CUS03321,2025-07-31,1,0.5038414597511292
CUS03595,2025-07-31,0,0.5038095116615295
CUS01488,2025-08-31,0,0.5038095116615295
CUS02739,2025-07-31,0,0.5038095116615295
CUS04264,2025-09-30,0,0.5038056373596191
CUS00165,2025-07-31,0,0.5038056373596191
CUS00200,2025-08-31,1,0.5038056373596191
CUS05722,2025-07-31,0,0.5038056373596191
CUS07073,2025-09-30,1,0.5038056373596191
CUS05575,2025-08-31,0,0.5038056373596191
CUS06598,2025-07-31,0,0.5038056373596191
CUS03532,2025-07-31,1,0.5038056373596191
CUS00360,2025-09-30,0,0.5038056373596191
CUS02284,2025-08-31,0,0.5038056373596191
CUS01539,2025-08-31,0,0.5038056373596191
CUS07193,2025-09-30,1,0.5038056373596191
CUS07913,2025-09-30,0,0.5038056373596191
CUS05038,2025-09-30,1,0.5038056373596191
CUS01112,2025-07-31,0,0.5038056373596191
CUS01917,2025-08-31,1,0.5038056373596191
CUS01912,2025-09-30,0,0.5038056373596191
CUS04766,2025-07-31,1,0.5038056373596191
CUS06261,2025-08-31,1,0.5038056373596191
CUS02565,2025-08-31,0,0.5038056373596191
CUS03377,2025-08-31,0,0.5038056373596191
CUS01933,2025-09-30,0,0.5038056373596191
CUS03151,2025-08-31,1,0.5037845969200134
CUS06462,2025-09-30,0,0.5037699341773987
CUS01235,2025-08-31,1,0.5037699341773987
CUS05371,2025-07-31,1,0.5037699341773987
CUS03116,2025-07-31,1,0.5036844611167908
CUS01114,2025-08-31,0,0.5036258101463318
CUS04313,2025-07-31,0,0.5035654902458191
CUS03825,2025-07-31,0,0.5035654902458191
CUS07390,2025-08-31,0,0.5035654902458191
CUS01135,2025-07-31,0,0.5035622119903564
CUS07629,2025-07-31,0,0.5035477876663208
CUS07805,2025-09-30,0,0.5035053491592407
CUS07253,2025-09-30,1,0.503491222858429
CUS00127,2025-09-30,1,0.5034531950950623
CUS01126,2025-07-31,1,0.5034434795379639
CUS04320,2025-08-31,1,0.5034264922142029
CUS04692,2025-09-30,0,0.5034085512161255
CUS01976,2025-07-31,1,0.5032758712768555
CUS01347,2025-08-31,0,0.5032678246498108
CUS02982,2025-07-31,0,0.503267228603363
CUS07873,2025-09-30,0,0.503267228603363
CUS05327,2025-08-31,0,0.503267228603363
CUS03808,2025-09-30,1,0.503267228603363
CUS02714,2025-09-30,0,0.503267228603363
CUS00063,2025-09-30,1,0.503267228603363
CUS04842,2025-09-30,0,0.503267228603363
CUS07721,2025-09-30,1,0.503267228603363
CUS03725,2025-07-31,0,0.5032467842102051
CUS02503,2025-09-30,0,0.5032365918159485
CUS02123,2025-07-31,0,0.5032365918159485
CUS01334,2025-08-31,1,0.5032166242599487
CUS01250,2025-07-31,0,0.5030823349952698
CUS03240,2025-08-31,0,0.5030823349952698
CUS01622,2025-07-31,0,0.5030418634414673
CUS01892,2025-09-30,0,0.5029597282409668
CUS02486,2025-09-30,1,0.5029051899909973
CUS02541,2025-09-30,0,0.502897322177887
CUS00999,2025-07-31,0,0.5028928518295288
CUS04948,2025-08-31,1,0.5028640627861023
CUS07074,2025-07-31,0,0.5028523802757263
CUS01979,2025-09-30,1,0.502778172492981
CUS01072,2025-07-31,0,0.5027604699134827
CUS04814,2025-09-30,0,0.5027377605438232
CUS02807,2025-08-31,0,0.502722978591919
CUS02913,2025-08-31,0,0.502707302570343
CUS02322,2025-08-31,0,0.50267493724823
CUS05604,2025-09-30,0,0.5026272535324097
CUS04627,2025-08-31,1,0.5025994777679443
CUS03772,2025-08-31,0,0.5025635361671448
CUS04270,2025-07-31,1,0.5025320053100586
CUS07458,2025-09-30,0,0.5024275779724121
CUS04942,2025-07-31,0,0.5024228692054749
CUS03277,2025-09-30,1,0.5024054646492004
CUS00146,2025-07-31,1,0.5023943185806274
CUS06987,2025-09-30,1,0.5023414492607117
CUS01834,2025-07-31,1,0.5022735595703125
CUS01998,2025-07-31,0,0.5022063851356506
CUS05089,2025-09-30,0,0.5022063851356506
CUS00421,2025-08-31,0,0.5022063851356506
CUS01348,2025-07-31,0,0.5022063851356506
CUS01711,2025-08-31,1,0.5021591782569885
CUS04538,2025-09-30,1,0.5021423101425171
CUS05670,2025-08-31,1,0.5020580887794495
CUS04319,2025-07-31,0,0.5020386576652527
CUS01123,2025-07-31,1,0.5020371079444885
CUS02600,2025-09-30,0,0.5020302534103394
CUS03912,2025-07-31,1,0.5020302534103394
CUS04527,2025-08-31,0,0.5020302534103394
CUS05723,2025-07-31,0,0.5020176768302917
CUS02978,2025-07-31,1,0.5019702911376953
CUS01778,2025-08-31,0,0.5018953680992126
CUS03445,2025-09-30,1,0.5018636584281921
CUS06032,2025-08-31,0,0.5018476247787476
CUS04632,2025-07-31,0,0.5018053650856018
CUS06021,2025-07-31,0,0.5017198324203491
CUS01671,2025-08-31,0,0.5017198324203491
CUS00531,2025-09-30,0,0.5017198324203491
CUS03905,2025-08-31,0,0.5016916394233704
CUS03764,2025-09-30,0,0.5016250014305115
CUS04445,2025-07-31,0,0.5016250014305115
CUS07672,2025-08-31,0,0.5016250014305115
CUS00260,2025-07-31,0,0.5015763640403748
CUS07387,2025-07-31,0,0.5014378428459167
CUS03862,2025-09-30,0,0.5014378428459167
CUS04192,2025-09-30,1,0.5014378428459167
CUS05517,2025-08-31,0,0.5014378428459167
CUS04838,2025-09-30,0,0.5014378428459167
CUS03398,2025-08-31,0,0.5014314651489258
CUS05839,2025-07-31,1,0.5014314651489258
CUS03709,2025-09-30,0,0.5014314651489258
CUS01436,2025-09-30,0,0.5014314651489258
CUS00150,2025-07-31,0,0.5014314651489258
CUS06204,2025-08-31,0,0.5014314651489258
CUS06461,2025-07-31,1,0.5014314651489258
CUS07326,2025-07-31,0,0.5014314651489258
CUS04327,2025-08-31,1,0.5014314651489258
CUS05704,2025-08-31,0,0.5014314651489258
CUS02901,2025-09-30,1,0.5014314651489258
CUS00237,2025-08-31,0,0.5014314651489258
CUS03403,2025-07-31,1,0.5014314651489258
CUS02905,2025-08-31,0,0.5014314651489258
CUS07671,2025-08-31,0,0.5014314651489258
CUS05123,2025-08-31,1,0.5014314651489258
CUS02527,2025-08-31,0,0.5014314651489258
CUS07572,2025-08-31,1,0.5014314651489258
CUS01048,2025-08-31,0,0.5014314651489258
CUS04749,2025-08-31,1,0.5014314651489258
CUS07700,2025-08-31,0,0.5014314651489258
CUS00480,2025-09-30,1,0.5014314651489258
CUS05884,2025-09-30,1,0.5014314651489258
CUS05706,2025-09-30,0,0.5014314651489258
CUS04517,2025-09-30,0,0.5014314651489258
CUS01583,2025-09-30,0,0.5014314651489258
CUS02736,2025-08-31,0,0.5014314651489258
CUS07233,2025-08-31,0,0.5014314651489258
CUS00466,2025-07-31,0,0.5014314651489258
CUS01489,2025-07-31,0,0.5014314651489258
CUS05527,2025-08-31,1,0.5014314651489258
CUS00938,2025-07-31,0,0.5014314651489258
CUS01244,2025-09-30,0,0.5014314651489258
CUS00493,2025-07-31,1,0.5014314651489258
CUS07056,2025-09-30,1,0.5014314651489258
CUS00186,2025-09-30,1,0.5014314651489258
CUS03072,2025-09-30,0,0.5014314651489258
CUS03263,2025-09-30,0,0.5014314651489258
CUS03868,2025-07-31,0,0.5014314651489258
CUS04962,2025-08-31,0,0.5014314651489258
CUS04648,2025-09-30,1,0.5014314651489258
CUS00494,2025-09-30,0,0.5014314651489258
CUS05650,2025-07-31,1,0.5014314651489258
CUS04483,2025-09-30,0,0.5014314651489258
CUS04140,2025-07-31,1,0.5014314651489258
CUS00567,2025-09-30,1,0.5014314651489258
CUS04109,2025-07-31,0,0.5013905167579651
CUS01645,2025-07-31,1,0.5013693571090698
CUS02842,2025-08-31,0,0.5012267231941223
CUS03758,2025-08-31,0,0.5012081861495972
CUS01945,2025-08-31,0,0.5011796951293945
CUS04481,2025-07-31,0,0.5011543035507202
CUS07164,2025-09-30,1,0.5011207461357117
CUS02537,2025-08-31,0,0.5010702610015869
CUS00567,2025-07-31,1,0.501013457775116
CUS01291,2025-07-31,0,0.5007420778274536
CUS07588,2025-08-31,0,0.5007388591766357
CUS06196,2025-09-30,0,0.5006471872329712
CUS05710,2025-08-31,0,0.5006471872329712
CUS05387,2025-09-30,1,0.500635027885437
CUS03609,2025-07-31,1,0.500593900680542
CUS03942,2025-07-31,1,0.500593900680542
CUS00146,2025-08-31,1,0.5005576610565186
CUS00013,2025-07-31,1,0.5005327463150024
CUS03222,2025-08-31,1,0.5005226135253906
CUS02449,2025-07-31,1,0.5004863739013672
CUS01983,2025-07-31,1,0.5004768371582031
CUS04723,2025-07-31,1,0.5004533529281616
CUS04345,2025-07-31,1,0.5003870725631714
CUS01309,2025-09-30,0,0.5002776980400085
CUS06356,2025-09-30,0,0.5002251267433167
CUS04923,2025-07-31,0,0.5002251267433167
CUS01809,2025-09-30,1,0.5002251267433167
CUS03698,2025-07-31,0,0.5001947283744812
CUS05904,2025-08-31,0,0.500119686126709
CUS02951,2025-08-31,1,0.5001137256622314
CUS00846,2025-07-31,0,0.5000985264778137
CUS04242,2025-09-30,0,0.5000985264778137
CUS07212,2025-08-31,1,0.5000985264778137
CUS00686,2025-07-31,0,0.5000985264778137
CUS06412,2025-09-30,0,0.5000985264778137
CUS06402,2025-07-31,0,0.5000985264778137
CUS00556,2025-09-30,0,0.5000985264778137
CUS03568,2025-08-31,0,0.5000985264778137
CUS03308,2025-07-31,0,0.5000985264778137
CUS01456,2025-09-30,0,0.5000985264778137
CUS07650,2025-08-31,0,0.5000985264778137
CUS02842,2025-09-30,0,0.5000741481781006
CUS00113,2025-08-31,1,0.5000741481781006
CUS07420,2025-07-31,0,0.5000674724578857
CUS04990,2025-07-31,0,0.5000216364860535
CUS00418,2025-08-31,0,0.49996715784072876
CUS03948,2025-07-31,1,0.49996715784072876
CUS06650,2025-08-31,1,0.4999377727508545
CUS01528,2025-07-31,1,0.4999377727508545
CUS02133,2025-08-31,1,0.4999377727508545
CUS00967,2025-07-31,1,0.4999377727508545
CUS04021,2025-09-30,0,0.4999152421951294
CUS04287,2025-08-31,1,0.4999152421951294
CUS02840,2025-08-31,0,0.4998387098312378
CUS05464,2025-09-30,0,0.4998325705528259
CUS01635,2025-08-31,0,0.4997595548629761
CUS03908,2025-09-30,0,0.4997137188911438
CUS00438,2025-09-30,0,0.4997137188911438
CUS02071,2025-07-31,1,0.4997137188911438
CUS04819,2025-07-31,0,0.499661922454834
CUS04005,2025-08-31,0,0.49960649013519287
CUS00688,2025-09-30,0,0.49954885244369507
CUS02107,2025-08-31,1,0.49954068660736084
CUS00760,2025-07-31,0,0.49953505396842957
CUS04074,2025-07-31,0,0.49953505396842957
CUS02314,2025-07-31,0,0.49951422214508057
CUS06434,2025-07-31,0,0.49943429231643677
CUS04105,2025-07-31,1,0.499431312084198
CUS03354,2025-07-31,1,0.499431312084198
CUS03848,2025-09-30,0,0.499431312084198
CUS07441,2025-08-31,0,0.499431312084198
CUS01351,2025-07-31,0,0.499431312084198
CUS00860,2025-09-30,0,0.499431312084198
CUS05345,2025-07-31,0,0.4993572235107422
CUS03994,2025-09-30,0,0.4993418753147125
CUS03449,2025-08-31,1,0.4993198812007904
CUS01859,2025-08-31,1,0.49928396940231323
CUS04133,2025-09-30,0,0.49928396940231323
CUS01230,2025-08-31,0,0.49928396940231323
CUS05157,2025-08-31,0,0.499240905046463
CUS05279,2025-08-31,0,0.499196857213974
CUS05628,2025-08-31,1,0.49915552139282227
CUS00512,2025-08-31,1,0.4991421401500702
CUS07754,2025-08-31,0,0.49902069568634033
CUS03919,2025-07-31,1,0.49900907278060913
CUS07594,2025-07-31,0,0.4989926815032959
CUS04603,2025-08-31,0,0.49891623854637146
CUS07418,2025-09-30,1,0.49888691306114197
CUS00057,2025-09-30,1,0.49888691306114197
CUS01985,2025-07-31,0,0.49888691306114197
CUS07903,2025-09-30,1,0.49888691306114197
CUS04122,2025-07-31,0,0.49888691306114197
CUS00666,2025-07-31,1,0.49888691306114197
CUS00378,2025-08-31,1,0.49888691306114197
CUS01226,2025-07-31,1,0.49888691306114197
CUS01681,2025-08-31,0,0.4987911581993103
CUS04790,2025-08-31,0,0.4987911581993103
CUS01307,2025-09-30,1,0.4987911581993103
CUS04598,2025-09-30,0,0.4987911581993103
CUS05458,2025-08-31,0,0.4987911581993103
CUS04384,2025-09-30,0,0.4987911581993103
CUS01798,2025-07-31,1,0.4987911581993103
CUS01969,2025-09-30,0,0.4987911581993103
CUS06920,2025-09-30,0,0.4987911581993103
CUS05806,2025-09-30,1,0.4987911581993103
CUS01241,2025-08-31,0,0.4987911581993103
CUS01326,2025-09-30,0,0.4987911581993103
CUS00944,2025-08-31,1,0.4987911581993103
CUS07828,2025-07-31,0,0.4987911581993103
CUS01983,2025-09-30,1,0.4987911581993103
CUS07254,2025-09-30,0,0.4987911581993103
CUS04846,2025-08-31,1,0.4987911581993103
CUS04245,2025-09-30,0,0.4987911581993103
CUS05531,2025-08-31,1,0.4987911581993103
CUS00696,2025-08-31,0,0.4987911581993103
CUS03011,2025-09-30,0,0.4987911581993103
CUS05285,2025-07-31,0,0.4987911581993103
CUS07962,2025-08-31,1,0.4987911581993103
CUS06488,2025-09-30,0,0.4987911581993103
CUS05879,2025-09-30,1,0.4987911581993103
CUS06985,2025-09-30,1,0.4987911581993103
CUS06076,2025-09-30,0,0.4987911581993103
CUS03547,2025-08-31,0,0.4987911581993103
CUS06322,2025-09-30,0,0.4987911581993103
CUS03114,2025-09-30,0,0.4987911581993103
CUS05113,2025-09-30,1,0.4987911581993103
CUS05152,2025-09-30,1,0.4987911581993103
CUS01654,2025-09-30,0,0.4987911581993103
CUS05775,2025-07-31,1,0.4987911581993103
CUS03563,2025-08-31,1,0.4987911581993103
CUS04429,2025-07-31,0,0.4987911581993103
CUS05081,2025-09-30,0,0.4987911581993103
CUS00950,2025-08-31,0,0.4987911581993103
CUS03758,2025-09-30,0,0.4987911581993103
CUS00884,2025-08-31,1,0.4987911581993103
CUS02533,2025-08-31,1,0.4987911581993103
CUS06283,2025-07-31,0,0.4987911581993103
CUS00241,2025-07-31,0,0.4987911581993103
CUS05753,2025-07-31,0,0.4987851083278656
CUS02004,2025-09-30,0,0.49876993894577026
CUS04875,2025-09-30,1,0.4987436532974243
CUS02054,2025-09-30,0,0.49873560667037964
CUS05621,2025-07-31,0,0.49873560667037964
CUS04345,2025-09-30,0,0.49873560667037964
CUS07624,2025-08-31,1,0.49873560667037964
CUS06008,2025-09-30,1,0.49873560667037964
CUS01408,2025-07-31,0,0.49873560667037964
CUS02095,2025-08-31,1,0.49873560667037964
CUS03253,2025-09-30,0,0.49873560667037964
CUS05361,2025-09-30,1,0.49873560667037964
CUS04024,2025-08-31,1,0.49873560667037964
CUS07625,2025-09-30,1,0.49873292446136475
CUS06314,2025-09-30,1,0.4986487925052643
CUS06386,2025-07-31,1,0.4985544979572296
CUS05218,2025-07-31,1,0.49854665994644165
CUS00090,2025-08-31,1,0.49854665994644165
CUS07757,2025-09-30,0,0.4985196590423584
CUS01150,2025-09-30,0,0.4985196590423584
CUS04368,2025-09-30,1,0.4984838664531708
CUS06707,2025-08-31,1,0.4984387755393982
CUS07920,2025-07-31,0,0.4984078109264374
CUS00913,2025-09-30,0,0.49836450815200806
CUS02347,2025-09-30,1,0.49833378195762634
CUS07888,2025-08-31,1,0.49831369519233704
CUS04946,2025-07-31,0,0.4983082115650177
CUS05313,2025-07-31,1,0.49821338057518005
CUS04907,2025-07-31,0,0.49813029170036316
CUS01595,2025-07-31,1,0.49803146719932556
CUS06297,2025-09-30,0,0.4979272484779358
CUS07560,2025-07-31,0,0.4979272484779358
CUS06754,2025-08-31,1,0.4978725016117096
CUS02738,2025-08-31,1,0.49779757857322693
CUS00106,2025-08-31,0,0.4977734684944153
CUS02136,2025-09-30,0,0.4977734684944153
CUS07822,2025-09-30,0,0.49774813652038574
CUS07939,2025-08-31,1,0.4977336525917053
CUS01582,2025-09-30,0,0.4977336525917053
CUS05338,2025-07-31,0,0.4977336525917053
CUS06854,2025-09-30,0,0.4977043569087982
CUS07041,2025-08-31,0,0.4975777864456177
CUS02844,2025-08-31,0,0.4975104331970215
CUS06923,2025-08-31,0,0.4975104331970215
CUS03507,2025-07-31,0,0.4975104331970215
CUS05283,2025-07-31,1,0.4975104331970215
CUS05179,2025-08-31,0,0.4975104331970215
CUS02150,2025-07-31,0,0.49750959873199463
CUS06627,2025-09-30,0,0.49737876653671265
CUS03176,2025-07-31,0,0.49736690521240234
CUS03442,2025-09-30,1,0.49735227227211
CUS04066,2025-09-30,0,0.49735227227211
CUS06357,2025-09-30,0,0.49735227227211
CUS02738,2025-07-31,1,0.4973379969596863
CUS05199,2025-09-30,0,0.4972858130931854
CUS00730,2025-09-30,0,0.49715349078178406
CUS06522,2025-09-30,0,0.49712619185447693
CUS00593,2025-09-30,1,0.4970650374889374
CUS06513,2025-07-31,1,0.4970034956932068
CUS05393,2025-07-31,1,0.4969080090522766
CUS05387,2025-07-31,1,0.4968236982822418
CUS05659,2025-09-30,0,0.49681952595710754
CUS04075,2025-07-31,0,0.49681347608566284
CUS07167,2025-07-31,1,0.4967326819896698
CUS00535,2025-08-31,0,0.49670708179473877
CUS04078,2025-08-31,0,0.49670708179473877
CUS00140,2025-08-31,1,0.49670708179473877
CUS06690,2025-07-31,0,0.49670708179473877
CUS06837,2025-07-31,1,0.49670708179473877
CUS07144,2025-08-31,1,0.49670708179473877
CUS06952,2025-08-31,1,0.49670708179473877
CUS02732,2025-07-31,1,0.49670708179473877
CUS02450,2025-08-31,0,0.49669328331947327
CUS02248,2025-09-30,1,0.49669328331947327
CUS05424,2025-09-30,1,0.4966859221458435
CUS03282,2025-09-30,1,0.49662527441978455
CUS03240,2025-07-31,0,0.4965907037258148
CUS02226,2025-08-31,0,0.4965878427028656
CUS01970,2025-09-30,0,0.4965613782405853
CUS07294,2025-07-31,0,0.4964149296283722
CUS02415,2025-08-31,0,0.49632787704467773
CUS05905,2025-09-30,0,0.4962981939315796
CUS06041,2025-09-30,1,0.4962722659111023
CUS05739,2025-08-31,1,0.49620750546455383
CUS06155,2025-09-30,0,0.4961702823638916
CUS02723,2025-07-31,0,0.496143639087677
CUS05115,2025-07-31,1,0.4960263967514038
CUS02050,2025-08-31,0,0.4959329068660736
CUS04532,2025-07-31,1,0.49590909481048584
CUS07631,2025-08-31,0,0.4958823621273041
CUS01073,2025-09-30,0,0.4958823621273041
CUS04963,2025-07-31,0,0.4958823621273041
CUS00744,2025-08-31,1,0.4958776831626892
CUS01959,2025-08-31,1,0.4958776831626892
CUS00143,2025-09-30,0,0.4958776831626892
CUS03922,2025-08-31,0,0.4958776831626892
CUS02229,2025-08-31,0,0.4958776831626892
CUS00210,2025-08-31,0,0.4958776831626892
CUS03151,2025-09-30,1,0.4958776831626892
CUS00845,2025-09-30,0,0.4958776831626892
CUS04436,2025-09-30,0,0.4958776831626892
CUS00393,2025-08-31,0,0.4958776831626892
CUS03460,2025-09-30,1,0.4958776831626892
CUS04904,2025-09-30,1,0.4958776831626892
CUS03838,2025-09-30,0,0.4958776831626892
CUS06883,2025-09-30,1,0.4958776831626892
CUS03980,2025-08-31,1,0.4958776831626892
CUS03606,2025-07-31,0,0.4958776831626892
CUS02395,2025-09-30,0,0.4958776831626892
CUS07207,2025-07-31,0,0.4958776831626892
CUS00753,2025-07-31,1,0.4958776831626892
CUS01401,2025-07-31,0,0.4958776831626892
CUS01877,2025-09-30,0,0.4958776831626892
CUS01934,2025-07-31,1,0.4958776831626892
CUS02910,2025-09-30,1,0.4958776831626892
CUS05217,2025-08-31,0,0.49580055475234985
CUS07278,2025-07-31,1,0.49580055475234985
CUS05749,2025-07-31,0,0.49580055475234985
CUS03202,2025-07-31,0,0.49577346444129944
CUS04891,2025-08-31,1,0.49577346444129944
CUS04920,2025-09-30,1,0.49577346444129944
CUS05334,2025-08-31,1,0.49577346444129944
CUS04043,2025-08-31,0,0.49577346444129944
CUS01018,2025-08-31,1,0.4957636892795563
CUS03387,2025-08-31,1,0.49574416875839233
CUS04124,2025-07-31,0,0.4956435263156891
CUS01657,2025-07-31,1,0.49554067850112915
CUS05999,2025-08-31,0,0.49544644355773926
CUS07860,2025-07-31,0,0.4954164922237396
CUS01772,2025-08-31,0,0.4953196048736572
CUS05665,2025-08-31,0,0.49528825283050537
CUS05922,2025-09-30,0,0.4952176809310913
CUS01802,2025-07-31,1,0.4952118694782257
CUS04457,2025-08-31,0,0.49519965052604675
CUS00739,2025-08-31,0,0.49516311287879944
CUS04205,2025-07-31,0,0.49516311287879944
CUS05266,2025-08-31,0,0.49516311287879944
CUS04249,2025-08-31,0,0.49516311287879944
CUS05050,2025-09-30,0,0.4950958490371704
CUS06725,2025-08-31,1,0.4950903058052063
CUS02687,2025-07-31,0,0.4950276017189026
CUS06683,2025-09-30,0,0.4950273633003235
CUS03984,2025-07-31,0,0.494992733001709
CUS03893,2025-08-31,0,0.494992733001709
CUS07524,2025-08-31,1,0.494992733001709
CUS05262,2025-09-30,1,0.494992733001709
CUS06217,2025-07-31,1,0.494992733001709
CUS07000,2025-09-30,0,0.494992733001709
CUS03548,2025-09-30,1,0.494992733001709
CUS07890,2025-07-31,0,0.49498069286346436
CUS04278,2025-07-31,0,0.4949205219745636
CUS04147,2025-08-31,0,0.49490267038345337
CUS06787,2025-09-30,0,0.49490267038345337
CUS04915,2025-09-30,0,0.49490267038345337
CUS03817,2025-09-30,1,0.49490267038345337
CUS03553,2025-07-31,1,0.49490267038345337
CUS01007,2025-07-31,0,0.49490267038345337
CUS05857,2025-07-31,1,0.49490267038345337
CUS03224,2025-07-31,0,0.49490267038345337
CUS07235,2025-07-31,1,0.49490267038345337
CUS02618,2025-08-31,0,0.4948748052120209
CUS03989,2025-07-31,1,0.4947643578052521
CUS04193,2025-07-31,0,0.4947643578052521
CUS04108,2025-08-31,1,0.49470698833465576
CUS02867,2025-09-30,0,0.4946407675743103
CUS00246,2025-09-30,0,0.4944327771663666
CUS01649,2025-09-30,0,0.4944157004356384
CUS07408,2025-08-31,0,0.4943641424179077
CUS03848,2025-08-31,0,0.4942915439605713
CUS06614,2025-07-31,1,0.49424389004707336
CUS04457,2025-09-30,0,0.49420681595802307
CUS02209,2025-09-30,0,0.4942050576210022
CUS06512,2025-09-30,1,0.4941881000995636
CUS03687,2025-08-31,0,0.4941442012786865
CUS00913,2025-08-31,0,0.494130939245224
CUS06312,2025-07-31,0,0.49410223960876465
CUS04139,2025-09-30,1,0.49406248331069946
CUS00995,2025-09-30,1,0.4940612018108368
CUS03489,2025-08-31,1,0.4940602779388428
CUS06213,2025-07-31,0,0.49396106600761414
CUS02938,2025-09-30,0,0.49396106600761414
CUS07325,2025-07-31,0,0.49396106600761414
CUS03389,2025-08-31,0,0.49396106600761414
CUS06812,2025-08-31,1,0.49396106600761414
CUS05855,2025-09-30,0,0.4939367473125458
CUS00572,2025-09-30,0,0.4938964545726776
CUS03687,2025-07-31,0,0.4938431978225708
CUS05513,2025-07-31,0,0.49383237957954407
CUS07273,2025-08-31,0,0.49383237957954407
CUS07821,2025-08-31,0,0.49383237957954407
CUS04646,2025-08-31,1,0.49383237957954407
CUS01836,2025-07-31,0,0.4938030540943146
CUS06965,2025-07-31,0,0.49375876784324646
CUS07728,2025-07-31,1,0.4937376081943512
CUS01894,2025-09-30,0,0.4937376081943512
CUS02934,2025-07-31,0,0.4937376081943512
CUS06686,2025-09-30,0,0.4936502277851105
CUS00913,2025-07-31,0,0.49362942576408386
CUS04081,2025-09-30,0,0.49362942576408386
CUS05198,2025-08-31,1,0.49362942576408386
CUS01764,2025-08-31,0,0.49362942576408386
CUS00348,2025-08-31,0,0.49358654022216797
CUS03954,2025-09-30,0,0.4935759902000427
CUS06928,2025-09-30,0,0.4935759902000427
CUS02239,2025-08-31,0,0.4935759902000427
CUS03714,2025-08-31,0,0.4935759902000427
CUS05199,2025-08-31,0,0.4935680627822876
CUS07872,2025-07-31,0,0.4935292899608612
CUS03195,2025-09-30,0,0.49341675639152527
CUS01464,2025-07-31,0,0.4933681786060333
CUS06227,2025-09-30,0,0.49336639046669006
CUS00444,2025-08-31,1,0.49336546659469604
CUS07495,2025-07-31,0,0.49327215552330017
CUS01239,2025-09-30,1,0.49321961402893066
CUS02623,2025-07-31,0,0.4931321442127228
CUS02060,2025-07-31,0,0.49306121468544006
CUS06019,2025-08-31,0,0.49302566051483154
CUS01711,2025-07-31,1,0.4929966330528259
CUS03244,2025-09-30,1,0.49296918511390686
CUS05414,2025-09-30,1,0.49296918511390686
CUS01083,2025-07-31,0,0.49296918511390686
CUS04675,2025-09-30,1,0.49296048283576965
CUS00076,2025-09-30,0,0.49296048283576965
CUS05083,2025-09-30,1,0.49296048283576965
CUS07718,2025-07-31,1,0.49296048283576965
CUS04203,2025-09-30,1,0.49296048283576965
CUS06603,2025-08-31,0,0.49296048283576965
CUS03562,2025-09-30,1,0.49290329217910767
CUS01032,2025-07-31,1,0.49289456009864807
CUS04564,2025-09-30,0,0.49282535910606384
CUS02367,2025-07-31,0,0.4927993416786194
CUS02957,2025-07-31,1,0.4926990270614624
CUS03242,2025-07-31,0,0.49263229966163635
CUS07437,2025-07-31,0,0.4926198124885559
CUS02098,2025-09-30,1,0.492574006319046
CUS00683,2025-07-31,0,0.49256566166877747
CUS07408,2025-07-31,0,0.49256300926208496
CUS04898,2025-08-31,1,0.4924302399158478
CUS01082,2025-08-31,0,0.49241191148757935
CUS05464,2025-08-31,1,0.4923546314239502
CUS01352,2025-09-30,0,0.49224621057510376
CUS05816,2025-09-30,1,0.4922056794166565
CUS06622,2025-07-31,0,0.4921569228172302
CUS06411,2025-09-30,0,0.4921569228172302
CUS05291,2025-07-31,0,0.4921024739742279
CUS05079,2025-09-30,0,0.4920800030231476
CUS04160,2025-07-31,0,0.49207255244255066
CUS04325,2025-08-31,0,0.49207255244255066
CUS01794,2025-08-31,1,0.49206748604774475
CUS05277,2025-07-31,1,0.4920322000980377
CUS05271,2025-07-31,1,0.49200543761253357
CUS03130,2025-09-30,0,0.49200543761253357
CUS00309,2025-07-31,0,0.49200543761253357
CUS03859,2025-09-30,0,0.49200543761253357
CUS01545,2025-07-31,0,0.49200543761253357
CUS04191,2025-08-31,0,0.49200543761253357
CUS03979,2025-07-31,1,0.49200543761253357
CUS06644,2025-08-31,1,0.49200543761253357
CUS04335,2025-07-31,0,0.49200543761253357
CUS00393,2025-07-31,0,0.49200117588043213
CUS00721,2025-07-31,0,0.4918881356716156
CUS05489,2025-08-31,0,0.49183234572410583
CUS01579,2025-09-30,0,0.49179768562316895
CUS03562,2025-08-31,1,0.4917623996734619
CUS02368,2025-07-31,1,0.4917391836643219
CUS06689,2025-07-31,0,0.491619735956192
CUS06413,2025-07-31,0,0.4916045367717743
CUS03580,2025-09-30,0,0.4916045367717743
CUS03722,2025-08-31,0,0.49158164858818054
CUS01728,2025-09-30,1,0.4915703237056732
CUS00452,2025-09-30,1,0.49151453375816345
CUS05262,2025-08-31,1,0.49136680364608765
CUS02003,2025-07-31,1,0.4911991059780121
CUS06490,2025-09-30,0,0.4911324977874756
CUS04810,2025-08-31,1,0.49110546708106995
CUS03771,2025-07-31,0,0.49110546708106995
CUS02048,2025-09-30,0,0.49110305309295654
CUS04904,2025-07-31,1,0.4910760223865509
CUS04259,2025-09-30,0,0.4910646975040436
CUS01557,2025-08-31,1,0.49104130268096924
CUS06047,2025-09-30,1,0.49104130268096924
CUS00345,2025-09-30,1,0.49100014567375183
CUS00071,2025-07-31,0,0.49100014567375183
CUS04900,2025-07-31,1,0.49100014567375183
CUS04154,2025-08-31,0,0.49100014567375183
CUS00578,2025-09-30,0,0.49100014567375183
CUS00783,2025-07-31,0,0.49100014567375183
CUS07546,2025-07-31,0,0.49100014567375183
CUS07372,2025-07-31,1,0.49100014567375183
CUS07908,2025-08-31,1,0.49099600315093994
CUS05134,2025-09-30,0,0.49094095826148987
CUS04797,2025-07-31,1,0.4909290671348572
CUS02655,2025-07-31,0,0.49092164635658264
CUS02840,2025-07-31,1,0.49084270000457764
CUS07517,2025-08-31,0,0.4908304214477539
CUS06130,2025-08-31,0,0.49078434705734253
CUS02707,2025-08-31,1,0.49068790674209595
CUS06953,2025-09-30,1,0.49068790674209595
CUS07679,2025-09-30,1,0.4906403720378876
CUS06725,2025-09-30,0,0.49062469601631165
CUS07348,2025-09-30,0,0.49060365557670593
CUS03008,2025-08-31,0,0.49059027433395386
CUS02300,2025-08-31,0,0.49052894115448
CUS05168,2025-08-31,0,0.4904540181159973
CUS02536,2025-07-31,0,0.4904540181159973
CUS07485,2025-07-31,0,0.4904540181159973
CUS02967,2025-09-30,1,0.4904540181159973
CUS01533,2025-08-31,0,0.49042701721191406
CUS06471,2025-08-31,0,0.49042701721191406
CUS02498,2025-09-30,0,0.49036985635757446
CUS06631,2025-07-31,0,0.4903537333011627
CUS05481,2025-07-31,0,0.4903254806995392
CUS02080,2025-09-30,0,0.49028077721595764
CUS01466,2025-08-31,0,0.49026861786842346
CUS02459,2025-07-31,0,0.4902413487434387
CUS05060,2025-09-30,1,0.49019140005111694
CUS06017,2025-08-31,1,0.4901753067970276
CUS04286,2025-08-31,1,0.49009883403778076
CUS01999,2025-07-31,1,0.4900965988636017
CUS00525,2025-07-31,1,0.4900965988636017
CUS01343,2025-09-30,1,0.4900531768798828
CUS03694,2025-08-31,0,0.49002668261528015
CUS02595,2025-09-30,1,0.49002617597579956
CUS01539,2025-09-30,1,0.48997950553894043
CUS02254,2025-07-31,0,0.4899181127548218
CUS02840,2025-09-30,0,0.48988521099090576
CUS06161,2025-07-31,1,0.4898218810558319
CUS00663,2025-07-31,1,0.48982009291648865
CUS04904,2025-08-31,1,0.4897926449775696
CUS00444,2025-07-31,1,0.48955973982810974
CUS06136,2025-09-30,0,0.4895396828651428
CUS06560,2025-07-31,0,0.48948049545288086
CUS05749,2025-08-31,0,0.489463746547699
CUS00549,2025-09-30,0,0.4894579350948334
CUS07706,2025-08-31,1,0.4894579350948334
CUS06102,2025-09-30,0,0.4894356429576874
CUS06135,2025-07-31,0,0.4894253611564636
CUS05898,2025-09-30,0,0.4894253611564636
CUS03665,2025-09-30,0,0.4894181787967682
CUS04459,2025-07-31,0,0.4894181787967682
CUS05117,2025-07-31,0,0.4894181787967682
CUS05036,2025-07-31,0,0.4894181787967682
CUS04618,2025-08-31,0,0.4894181787967682
CUS06031,2025-07-31,0,0.4894181787967682
CUS02909,2025-09-30,0,0.4894181787967682
CUS05308,2025-07-31,0,0.4894181787967682
CUS05973,2025-09-30,0,0.4894181787967682
CUS00131,2025-07-31,0,0.4894181787967682
CUS05472,2025-07-31,0,0.4894181787967682
CUS03983,2025-07-31,0,0.4894181787967682
CUS04717,2025-07-31,1,0.4894181787967682
CUS01085,2025-07-31,0,0.4894181787967682
CUS00055,2025-07-31,0,0.4894181787967682
CUS03753,2025-08-31,0,0.4894181787967682
CUS02018,2025-07-31,0,0.4893272817134857
CUS01244,2025-07-31,0,0.4893030822277069
CUS06080,2025-07-31,0,0.4892936050891876
CUS00279,2025-07-31,1,0.4892936050891876
CUS04606,2025-09-30,0,0.48927441239356995
CUS07506,2025-09-30,1,0.48924189805984497
CUS03729,2025-09-30,0,0.4891674816608429
CUS00166,2025-09-30,1,0.4891674816608429
CUS02380,2025-09-30,1,0.48910701274871826
CUS06382,2025-07-31,0,0.4890173673629761
CUS03314,2025-07-31,1,0.4890173673629761
CUS03998,2025-09-30,0,0.4890155494213104
CUS07559,2025-08-31,0,0.4890155494213104
CUS01830,2025-09-30,1,0.4890155494213104
CUS04770,2025-09-30,0,0.48898643255233765
CUS06496,2025-08-31,0,0.48897290229797363
CUS07333,2025-09-30,1,0.4889534115791321
CUS02339,2025-09-30,1,0.48893624544143677
CUS04603,2025-07-31,0,0.48891374468803406
CUS06096,2025-07-31,0,0.4888216555118561
CUS00006,2025-08-31,0,0.4888080060482025
CUS00866,2025-07-31,0,0.4888080060482025
CUS01926,2025-07-31,0,0.4888080060482025
CUS01730,2025-07-31,0,0.488734632730484
CUS05377,2025-08-31,1,0.4887221157550812
CUS07965,2025-08-31,1,0.48871076107025146
CUS04522,2025-08-31,0,0.48868054151535034
CUS00751,2025-07-31,0,0.4886564016342163
CUS01231,2025-08-31,1,0.4886205196380615
CUS06168,2025-07-31,0,0.4886151850223541
CUS02806,2025-07-31,0,0.4886151850223541
CUS04293,2025-08-31,0,0.4886151850223541
CUS06295,2025-07-31,0,0.4886151850223541
CUS02570,2025-08-31,0,0.4886151850223541
CUS03115,2025-08-31,0,0.4886151850223541
CUS01705,2025-08-31,0,0.4886151850223541
CUS04807,2025-08-31,0,0.4886151850223541
CUS03918,2025-08-31,0,0.4886151850223541
CUS07069,2025-08-31,0,0.4886151850223541
CUS03720,2025-09-30,0,0.4886151850223541
CUS00842,2025-08-31,0,0.4886151850223541
CUS02601,2025-08-31,0,0.4886151850223541
CUS05518,2025-07-31,0,0.4886151850223541
CUS04163,2025-08-31,0,0.48856914043426514
CUS04398,2025-08-31,0,0.4885229766368866
CUS04506,2025-07-31,0,0.48839277029037476
CUS01933,2025-07-31,1,0.4883035123348236
CUS06994,2025-09-30,0,0.4882802665233612
CUS06098,2025-08-31,0,0.4882480800151825
CUS05429,2025-07-31,1,0.4882470667362213
CUS06940,2025-07-31,0,0.488231897354126
CUS01455,2025-09-30,0,0.4882144331932068
CUS01167,2025-08-31,0,0.4882144331932068
CUS01899,2025-08-31,0,0.4882144331932068
CUS06404,2025-09-30,1,0.4882144331932068
CUS06170,2025-08-31,0,0.4882144331932068
CUS04237,2025-07-31,1,0.4882144331932068
CUS07321,2025-07-31,0,0.4882144331932068
CUS02814,2025-08-31,0,0.4882144331932068
CUS05127,2025-08-31,1,0.48811769485473633
CUS06900,2025-07-31,0,0.4880400598049164
CUS07808,2025-07-31,1,0.4879210591316223
CUS04278,2025-09-30,0,0.48790958523750305
CUS04580,2025-09-30,0,0.48790687322616577
CUS02373,2025-08-31,1,0.48790687322616577
CUS05833,2025-08-31,0,0.48787984251976013
CUS01187,2025-08-31,0,0.4878704249858856
CUS02019,2025-07-31,0,0.4878599941730499
CUS01097,2025-08-31,1,0.4878599941730499
CUS04789,2025-08-31,0,0.4878040850162506
CUS04155,2025-09-30,0,0.48774072527885437
CUS00542,2025-09-30,0,0.4877263307571411
CUS06737,2025-09-30,0,0.48765698075294495
CUS01334,2025-07-31,1,0.48760703206062317
CUS04139,2025-08-31,1,0.48758164048194885
CUS00483,2025-09-30,0,0.48749101161956787
CUS05376,2025-07-31,0,0.4874899983406067
CUS01034,2025-07-31,0,0.4874899983406067
CUS05459,2025-07-31,0,0.4874899983406067
CUS05426,2025-07-31,1,0.4874846041202545
CUS07965,2025-09-30,0,0.48743629455566406
CUS07515,2025-07-31,0,0.48739001154899597
CUS00897,2025-09-30,1,0.4873640835285187
CUS00205,2025-07-31,1,0.48736101388931274
CUS02909,2025-08-31,0,0.48733609914779663
CUS04568,2025-09-30,0,0.48732420802116394
CUS04569,2025-08-31,1,0.48732420802116394
CUS00675,2025-07-31,1,0.48732420802116394
CUS00065,2025-08-31,0,0.48727846145629883
CUS02410,2025-07-31,0,0.48727846145629883
CUS04109,2025-09-30,0,0.4871879518032074
CUS03443,2025-08-31,1,0.48710769414901733
CUS06731,2025-08-31,0,0.48708492517471313
CUS05401,2025-08-31,0,0.48708492517471313
CUS00218,2025-07-31,0,0.48708492517471313
CUS03396,2025-09-30,0,0.48708492517471313
CUS05067,2025-07-31,0,0.48708492517471313
CUS07677,2025-07-31,1,0.48706886172294617
CUS01482,2025-09-30,1,0.4870462417602539
CUS07849,2025-09-30,0,0.4868955910205841
CUS06741,2025-09-30,0,0.48685771226882935
CUS06931,2025-08-31,0,0.4868117570877075
CUS00362,2025-09-30,1,0.4868117570877075
CUS01331,2025-09-30,0,0.4868117570877075
CUS01296,2025-08-31,0,0.4868117570877075
CUS05582,2025-08-31,1,0.4868117570877075
CUS01849,2025-07-31,0,0.4868117570877075
CUS01610,2025-09-30,0,0.4868117570877075
CUS00520,2025-09-30,1,0.4868117570877075
CUS04601,2025-08-31,1,0.4868117570877075
CUS03203,2025-07-31,1,0.4868117570877075
CUS00659,2025-07-31,1,0.4868117570877075
CUS01448,2025-08-31,1,0.4867967367172241
CUS01997,2025-07-31,0,0.48667508363723755
CUS05723,2025-08-31,0,0.48667508363723755
CUS07096,2025-08-31,0,0.48667508363723755
CUS03007,2025-09-30,0,0.48667508363723755
CUS07870,2025-08-31,0,0.48667508363723755
CUS03993,2025-09-30,1,0.48667508363723755
CUS01098,2025-09-30,0,0.4866679608821869
CUS03923,2025-08-31,1,0.48664796352386475
CUS04943,2025-08-31,1,0.4866271913051605
CUS00888,2025-09-30,1,0.48660653829574585
CUS05284,2025-08-31,0,0.48647525906562805
CUS04898,2025-09-30,1,0.4863874614238739
CUS04978,2025-08-31,0,0.48633772134780884
CUS06824,2025-09-30,0,0.4863296151161194
CUS05732,2025-09-30,1,0.4863109886646271
CUS01038,2025-08-31,0,0.48630857467651367
CUS01061,2025-07-31,0,0.48630857467651367
CUS00120,2025-08-31,0,0.48630857467651367
CUS02790,2025-07-31,0,0.48630857467651367
CUS05306,2025-07-31,1,0.48630857467651367
CUS04286,2025-09-30,1,0.4862815737724304
CUS03313,2025-07-31,1,0.48625218868255615
CUS04506,2025-08-31,0,0.4862184226512909
CUS00848,2025-09-30,0,0.4862138032913208
CUS02507,2025-09-30,0,0.48620671033859253
CUS07387,2025-08-31,0,0.4861709773540497
CUS01543,2025-09-30,1,0.4860684275627136
CUS05188,2025-08-31,0,0.4860684275627136
CUS03581,2025-08-31,1,0.4860684275627136
CUS01005,2025-09-30,1,0.48603031039237976
CUS05390,2025-09-30,1,0.48601821064949036
CUS06833,2025-08-31,0,0.48590683937072754
CUS00802,2025-07-31,1,0.4857771694660187
CUS02102,2025-09-30,1,0.48575398325920105
CUS05765,2025-08-31,0,0.48573705554008484
CUS03088,2025-07-31,0,0.4857218563556671
CUS05753,2025-08-31,0,0.48570719361305237
CUS03390,2025-09-30,1,0.48568686842918396
CUS02126,2025-08-31,1,0.48568686842918396
CUS07948,2025-07-31,1,0.48568686842918396
CUS00036,2025-09-30,1,0.48566585779190063
CUS07461,2025-08-31,0,0.4855498671531677
CUS01596,2025-08-31,1,0.4855077564716339
CUS01469,2025-08-31,1,0.48548591136932373
CUS00469,2025-07-31,0,0.48548591136932373
CUS04169,2025-08-31,0,0.48548591136932373
CUS04452,2025-08-31,1,0.48548591136932373
CUS06896,2025-09-30,1,0.48548591136932373
CUS03663,2025-09-30,0,0.48548591136932373
CUS07987,2025-08-31,0,0.4854533076286316
CUS00917,2025-07-31,0,0.48544543981552124
CUS03740,2025-09-30,0,0.48539337515830994
CUS06882,2025-09-30,0,0.4853867292404175
CUS06474,2025-07-31,0,0.48536983132362366
CUS04978,2025-09-30,0,0.48533663153648376
CUS06046,2025-07-31,1,0.4852924346923828
CUS00654,2025-09-30,1,0.48528385162353516
CUS06180,2025-07-31,0,0.4852731227874756
CUS05854,2025-07-31,1,0.4852731227874756
CUS00981,2025-08-31,0,0.4852100908756256
CUS00604,2025-08-31,1,0.4852072298526764
CUS00640,2025-08-31,0,0.4851580560207367
CUS04854,2025-08-31,1,0.48511576652526855
CUS07943,2025-07-31,0,0.4851090610027313
CUS06131,2025-07-31,0,0.48509466648101807
CUS00639,2025-09-30,1,0.48508521914482117
CUS04706,2025-09-30,1,0.48507973551750183
CUS00267,2025-09-30,0,0.48507457971572876
CUS01661,2025-07-31,0,0.48502373695373535
CUS05134,2025-08-31,1,0.48485997319221497
CUS02004,2025-08-31,0,0.484823614358902
CUS06016,2025-08-31,0,0.48477786779403687
CUS07769,2025-09-30,1,0.4847511947154999
CUS06447,2025-09-30,0,0.48474884033203125
CUS04533,2025-09-30,0,0.4847431480884552
CUS02366,2025-08-31,0,0.4847353994846344
CUS02726,2025-07-31,1,0.48473480343818665
CUS04553,2025-07-31,1,0.48469260334968567
CUS05526,2025-08-31,0,0.484677255153656
CUS02511,2025-09-30,1,0.4846118688583374
CUS06832,2025-08-31,0,0.4846118688583374
CUS04469,2025-09-30,1,0.48458239436149597
CUS05817,2025-08-31,0,0.48449888825416565
CUS01881,2025-09-30,1,0.48449888825416565
CUS04970,2025-07-31,0,0.48449888825416565
CUS05347,2025-07-31,1,0.48449888825416565
CUS01184,2025-08-31,0,0.48449888825416565
CUS05435,2025-07-31,0,0.48449888825416565
CUS05645,2025-08-31,0,0.48449888825416565
CUS01388,2025-08-31,1,0.48449888825416565
CUS05064,2025-08-31,1,0.48449888825416565
CUS07782,2025-07-31,0,0.48449888825416565
CUS03915,2025-07-31,0,0.48449888825416565
CUS07461,2025-07-31,0,0.48449888825416565
CUS05673,2025-08-31,0,0.48449888825416565
CUS02099,2025-07-31,0,0.48449888825416565
CUS06874,2025-08-31,0,0.48449888825416565
CUS06653,2025-07-31,1,0.48449888825416565
CUS05453,2025-09-30,1,0.48449888825416565
CUS02663,2025-07-31,0,0.48449888825416565
CUS01231,2025-09-30,0,0.48449888825416565
CUS07556,2025-08-31,0,0.48449888825416565
CUS00035,2025-09-30,0,0.48449888825416565
CUS05245,2025-08-31,0,0.4844704568386078
CUS07217,2025-08-31,0,0.4844704568386078
CUS01532,2025-08-31,1,0.4844704568386078
CUS03350,2025-07-31,0,0.4844704568386078
CUS00693,2025-07-31,0,0.4844704568386078
CUS02381,2025-07-31,1,0.4844704568386078
CUS01204,2025-08-31,1,0.48441460728645325
CUS03868,2025-08-31,0,0.48433205485343933
CUS01239,2025-08-31,1,0.4843212068080902
CUS06257,2025-08-31,1,0.484318345785141
CUS03981,2025-09-30,1,0.4842655062675476
CUS02607,2025-09-30,0,0.4842655062675476
CUS02747,2025-08-31,1,0.48422375321388245
CUS05903,2025-08-31,0,0.48419642448425293
CUS00568,2025-07-31,0,0.484168142080307
CUS00642,2025-07-31,1,0.484168142080307
CUS07512,2025-08-31,0,0.484168142080307
CUS02674,2025-08-31,0,0.4841200113296509
CUS04906,2025-08-31,0,0.4840913414955139
CUS01583,2025-07-31,1,0.48403510451316833
CUS03245,2025-09-30,0,0.4839835464954376
CUS00829,2025-08-31,0,0.4839835464954376
CUS01333,2025-09-30,1,0.4839835464954376
CUS02429,2025-07-31,0,0.48397812247276306
CUS04798,2025-07-31,0,0.4839733839035034
CUS01238,2025-08-31,1,0.4839106798171997
CUS00077,2025-07-31,0,0.4838976562023163
CUS04183,2025-07-31,0,0.48387208580970764
CUS04215,2025-09-30,0,0.48387208580970764
CUS02590,2025-09-30,1,0.48387208580970764
CUS00263,2025-09-30,0,0.48377734422683716
CUS04124,2025-08-31,0,0.48372751474380493
CUS01027,2025-07-31,1,0.483696311712265
CUS07571,2025-08-31,1,0.483696311712265
CUS05208,2025-07-31,0,0.483696311712265
CUS00730,2025-07-31,0,0.483696311712265
CUS05814,2025-09-30,0,0.483696311712265
CUS01153,2025-08-31,0,0.483696311712265
CUS06442,2025-09-30,0,0.483696311712265
CUS04723,2025-09-30,0,0.483696311712265
CUS05721,2025-07-31,0,0.483696311712265
CUS04574,2025-07-31,1,0.483696311712265
CUS06489,2025-07-31,1,0.48367613554000854
CUS01795,2025-07-31,0,0.48367613554000854
CUS03003,2025-07-31,1,0.48367613554000854
CUS06596,2025-08-31,1,0.48367613554000854
CUS02322,2025-07-31,0,0.4836677610874176
CUS04514,2025-07-31,0,0.48361825942993164
CUS00296,2025-08-31,0,0.48356160521507263
CUS04863,2025-07-31,0,0.48354068398475647
CUS04728,2025-09-30,0,0.4834325611591339
CUS07870,2025-07-31,0,0.4834224283695221
CUS02312,2025-09-30,1,0.48341792821884155
CUS05262,2025-07-31,1,0.48341691493988037
CUS01361,2025-07-31,0,0.4833354651927948
CUS06779,2025-09-30,0,0.483315646648407
CUS03919,2025-09-30,0,0.483315646648407
CUS03840,2025-07-31,0,0.483315646648407
CUS04395,2025-07-31,0,0.48331502079963684
CUS00350,2025-09-30,1,0.48330143094062805
CUS01844,2025-07-31,0,0.48326027393341064
CUS05974,2025-07-31,0,0.4832085072994232
CUS07560,2025-09-30,0,0.48320382833480835
CUS02209,2025-08-31,0,0.4830716550350189
CUS05853,2025-07-31,0,0.48306921124458313
CUS00608,2025-09-30,0,0.4830233156681061
CUS05900,2025-09-30,1,0.48295897245407104
CUS02324,2025-07-31,1,0.48294439911842346
CUS04656,2025-08-31,0,0.4829443395137787
CUS07944,2025-09-30,0,0.48294010758399963
CUS01597,2025-09-30,1,0.48294010758399963
CUS04842,2025-07-31,1,0.482852041721344
CUS02750,2025-07-31,0,0.4828493297100067
CUS02238,2025-08-31,0,0.48283514380455017
CUS01298,2025-08-31,0,0.48283514380455017
CUS02537,2025-07-31,0,0.48283514380455017
CUS02077,2025-07-31,1,0.48283514380455017
CUS03452,2025-09-30,1,0.48283514380455017
CUS00366,2025-08-31,0,0.48283514380455017
CUS01057,2025-08-31,1,0.48283514380455017
CUS07295,2025-08-31,1,0.48283514380455017
CUS03823,2025-07-31,1,0.48283514380455017
CUS06579,2025-07-31,0,0.48283514380455017
CUS03127,2025-09-30,0,0.48283514380455017
CUS06663,2025-09-30,1,0.48283514380455017
CUS03310,2025-07-31,1,0.48283514380455017
CUS03306,2025-09-30,0,0.48283514380455017
CUS02800,2025-08-31,1,0.48283514380455017
CUS03920,2025-09-30,1,0.48283514380455017
CUS05977,2025-07-31,1,0.48283514380455017
CUS01721,2025-08-31,1,0.48283514380455017
CUS05432,2025-07-31,1,0.48283514380455017
CUS03551,2025-08-31,1,0.48283514380455017
CUS07123,2025-09-30,1,0.48283514380455017
CUS02127,2025-08-31,1,0.48283514380455017
CUS04845,2025-07-31,1,0.48283514380455017
CUS07001,2025-09-30,1,0.48273730278015137
CUS00508,2025-08-31,0,0.48270902037620544
CUS07613,2025-08-31,1,0.4826948344707489
CUS04139,2025-07-31,1,0.48268741369247437
CUS00056,2025-07-31,0,0.4826679229736328
CUS01312,2025-07-31,0,0.4826679229736328
CUS00612,2025-08-31,0,0.4826679229736328
CUS07483,2025-08-31,0,0.4826679229736328
CUS01487,2025-08-31,0,0.4826679229736328
CUS04585,2025-07-31,0,0.4826679229736328
CUS03755,2025-08-31,1,0.4826679229736328
CUS03684,2025-07-31,0,0.4826679229736328
CUS03977,2025-09-30,0,0.4826679229736328
CUS04940,2025-07-31,0,0.4826679229736328
CUS03227,2025-09-30,1,0.4826679229736328
CUS02226,2025-07-31,0,0.4826372563838959
CUS07970,2025-07-31,1,0.48256540298461914
CUS04593,2025-08-31,0,0.4824961721897125
CUS04627,2025-07-31,1,0.4824570417404175
CUS01233,2025-09-30,0,0.4823329448699951
CUS02400,2025-07-31,0,0.4822753071784973
CUS01038,2025-09-30,0,0.48215046525001526
CUS05749,2025-09-30,0,0.48211798071861267
CUS02584,2025-09-30,1,0.48211193084716797
CUS04822,2025-08-31,1,0.48211193084716797
CUS03561,2025-09-30,1,0.48211193084716797
CUS03724,2025-08-31,1,0.48211193084716797
CUS05572,2025-09-30,0,0.48211193084716797
CUS03872,2025-09-30,1,0.48211193084716797
CUS05506,2025-07-31,1,0.48211193084716797
CUS01831,2025-09-30,0,0.48209914565086365
CUS06328,2025-08-31,0,0.48209914565086365
CUS05647,2025-09-30,0,0.48209458589553833
CUS06641,2025-08-31,0,0.4820825755596161
CUS01199,2025-09-30,0,0.4820437431335449
CUS04728,2025-08-31,1,0.48201072216033936
CUS02973,2025-08-31,0,0.48200079798698425
CUS01650,2025-08-31,0,0.48195964097976685
CUS06311,2025-08-31,0,0.4819018542766571
CUS05196,2025-09-30,0,0.4817815124988556
CUS03744,2025-09-30,0,0.4817515015602112
CUS07937,2025-09-30,0,0.48165807127952576
CUS01961,2025-09-30,0,0.48151108622550964
CUS04194,2025-07-31,0,0.4814646244049072
CUS00754,2025-08-31,1,0.4814382493495941
CUS07508,2025-07-31,0,0.4814341068267822
CUS03994,2025-08-31,0,0.4814341068267822
CUS03467,2025-08-31,1,0.4814341068267822
CUS02428,2025-07-31,1,0.481350839138031
CUS01279,2025-07-31,0,0.48134946823120117
CUS00286,2025-07-31,0,0.48134279251098633
CUS03312,2025-08-31,0,0.4813268184661865
CUS04514,2025-08-31,0,0.4813268184661865
CUS05922,2025-08-31,1,0.48123905062675476
CUS06046,2025-08-31,1,0.48121780157089233
CUS06999,2025-09-30,0,0.48114511370658875
CUS03625,2025-07-31,0,0.4811350107192993
CUS01437,2025-09-30,0,0.4811350107192993
CUS06975,2025-07-31,1,0.4811350107192993
CUS04071,2025-08-31,0,0.4811350107192993
CUS03815,2025-09-30,1,0.4811350107192993
CUS06493,2025-08-31,0,0.4811350107192993
CUS04868,2025-09-30,0,0.4811331331729889
CUS03418,2025-09-30,1,0.48109129071235657
CUS06257,2025-07-31,1,0.48106399178504944
CUS03138,2025-07-31,0,0.4810488224029541
CUS06400,2025-09-30,0,0.4810306131839752
CUS07910,2025-08-31,1,0.4808984100818634
CUS07506,2025-08-31,1,0.48088744282722473
CUS00547,2025-09-30,1,0.48086580634117126
CUS07595,2025-09-30,1,0.4808233082294464
CUS06096,2025-08-31,0,0.4808107912540436
CUS02651,2025-08-31,0,0.4807776212692261
CUS05647,2025-08-31,0,0.4807727634906769
CUS07092,2025-09-30,0,0.4807595908641815
CUS01060,2025-07-31,0,0.4807460904121399
CUS00415,2025-09-30,1,0.480724573135376
CUS05212,2025-08-31,1,0.4807187616825104
CUS07672,2025-07-31,0,0.48070037364959717
CUS05694,2025-07-31,0,0.4806905686855316
CUS06979,2025-08-31,0,0.4806905686855316
CUS00186,2025-08-31,1,0.4805945158004761
CUS07459,2025-09-30,0,0.48058557510375977
CUS06225,2025-08-31,0,0.48056894540786743
CUS00109,2025-08-31,1,0.48056894540786743
CUS04228,2025-09-30,0,0.48056894540786743
CUS04565,2025-07-31,1,0.48056894540786743
CUS02960,2025-08-31,1,0.48056894540786743
CUS06069,2025-08-31,1,0.48056894540786743
CUS05034,2025-08-31,1,0.4804966151714325
CUS00215,2025-08-31,0,0.4804913401603699
CUS05836,2025-08-31,0,0.4804691970348358
CUS06515,2025-08-31,0,0.48045533895492554
CUS05259,2025-08-31,0,0.48045241832733154
CUS02807,2025-09-30,0,0.48043012619018555
CUS07850,2025-08-31,0,0.48038676381111145
CUS02496,2025-08-31,0,0.4803659915924072
CUS00584,2025-07-31,0,0.4802890717983246
CUS04278,2025-08-31,0,0.4802601635456085
CUS04875,2025-07-31,1,0.4801425039768219
CUS06649,2025-08-31,0,0.4800688624382019
CUS00101,2025-07-31,0,0.48004138469696045
CUS01048,2025-07-31,1,0.4800085425376892
CUS04202,2025-09-30,0,0.4798412621021271
CUS00240,2025-07-31,1,0.4798412621021271
CUS01911,2025-08-31,1,0.4798412621021271
CUS01401,2025-08-31,0,0.4798183739185333
CUS04360,2025-09-30,0,0.47981590032577515
CUS05261,2025-09-30,0,0.4797748625278473
CUS00991,2025-09-30,1,0.4796687364578247
CUS02439,2025-09-30,0,0.479571670293808
CUS02642,2025-07-31,1,0.4795595407485962
CUS00317,2025-09-30,0,0.4795524775981903
CUS00130,2025-09-30,1,0.4794360399246216
CUS04397,2025-07-31,0,0.4792947471141815
CUS00318,2025-07-31,1,0.4792611598968506
CUS04193,2025-08-31,0,0.47922614216804504
CUS03508,2025-07-31,0,0.47920629382133484
CUS06273,2025-08-31,1,0.47920629382133484
CUS04725,2025-07-31,0,0.47920629382133484
CUS01363,2025-08-31,0,0.47920629382133484
CUS00850,2025-09-30,1,0.47920629382133484
CUS04728,2025-07-31,1,0.47917717695236206
CUS06072,2025-07-31,0,0.479176789522171
CUS07127,2025-08-31,1,0.47915396094322205
CUS04528,2025-09-30,0,0.4790003299713135
CUS05974,2025-08-31,0,0.4789438545703888
CUS06157,2025-09-30,1,0.47893989086151123
CUS06441,2025-09-30,0,0.47891488671302795
CUS07987,2025-09-30,0,0.47887322306632996
CUS07017,2025-08-31,0,0.4788728952407837
CUS04538,2025-08-31,0,0.47881758213043213
CUS03182,2025-09-30,0,0.47881758213043213
CUS00076,2025-07-31,0,0.47861170768737793
CUS02512,2025-07-31,0,0.4786098301410675
CUS05529,2025-07-31,1,0.47846466302871704
CUS05929,2025-07-31,1,0.47840556502342224
CUS05170,2025-09-30,0,0.47836098074913025
CUS04899,2025-07-31,0,0.47835153341293335
CUS05570,2025-08-31,1,0.47827211022377014
CUS06668,2025-09-30,0,0.4782567024230957
CUS00798,2025-09-30,1,0.47824719548225403
CUS01625,2025-09-30,1,0.47823405265808105
CUS01244,2025-08-31,0,0.4782286584377289
CUS02891,2025-07-31,0,0.4782262146472931
CUS04790,2025-07-31,1,0.47821781039237976
CUS04875,2025-08-31,1,0.4781908690929413
CUS02812,2025-08-31,0,0.4781896770000458
CUS05357,2025-07-31,1,0.47796767950057983
CUS04861,2025-07-31,0,0.47791436314582825
CUS05887,2025-09-30,0,0.47788435220718384
CUS04879,2025-07-31,0,0.47785496711730957
CUS06017,2025-07-31,1,0.4778452515602112
CUS00976,2025-09-30,0,0.4777115285396576
CUS01466,2025-07-31,0,0.477705717086792
CUS00627,2025-07-31,0,0.4776823818683624
CUS05765,2025-07-31,0,0.47767722606658936
CUS01622,2025-09-30,0,0.4776686131954193
CUS01239,2025-07-31,1,0.4776577353477478
CUS02813,2025-09-30,1,0.4776453375816345
CUS01645,2025-09-30,1,0.47763341665267944
CUS07827,2025-07-31,0,0.4776303172111511
CUS03455,2025-07-31,0,0.4776303172111511
CUS05852,2025-09-30,1,0.4776303172111511
CUS04670,2025-07-31,1,0.4776303172111511
CUS01791,2025-07-31,1,0.4776042103767395
CUS06929,2025-07-31,0,0.4776042103767395
CUS07381,2025-07-31,1,0.4776042103767395
CUS01972,2025-09-30,0,0.4776042103767395
CUS04859,2025-09-30,0,0.4776042103767395
CUS02486,2025-08-31,1,0.47758573293685913
CUS05887,2025-08-31,0,0.47757795453071594
CUS06370,2025-07-31,0,0.47755855321884155
CUS06982,2025-09-30,1,0.477558434009552
CUS00893,2025-08-31,0,0.477549284696579
CUS03680,2025-08-31,0,0.47754526138305664
CUS02765,2025-09-30,0,0.4774932861328125
CUS00734,2025-08-31,1,0.4774424135684967
CUS01802,2025-08-31,0,0.4774189591407776
CUS00798,2025-08-31,0,0.4773874282836914
CUS07683,2025-07-31,1,0.4773605763912201
CUS02376,2025-07-31,1,0.47735798358917236
CUS03923,2025-09-30,1,0.47735798358917236
CUS07299,2025-09-30,0,0.47735798358917236
CUS00653,2025-07-31,1,0.47733694314956665
CUS07076,2025-09-30,1,0.47726869583129883
CUS02067,2025-07-31,1,0.47725820541381836
CUS07714,2025-07-31,0,0.4772416949272156
CUS06278,2025-07-31,0,0.47716987133026123
CUS04127,2025-07-31,0,0.4771464169025421
CUS02890,2025-09-30,0,0.47708410024642944
CUS02782,2025-07-31,1,0.4770444929599762
CUS02206,2025-08-31,1,0.47702986001968384
CUS06564,2025-08-31,0,0.4770054817199707
CUS04954,2025-07-31,0,0.4769941568374634
CUS06979,2025-09-30,0,0.4769755005836487
CUS04324,2025-08-31,0,0.47695890069007874
CUS00556,2025-07-31,1,0.4769255816936493
CUS02021,2025-08-31,1,0.47690850496292114
CUS00734,2025-09-30,1,0.4768139719963074
CUS07441,2025-07-31,1,0.47679048776626587
CUS00734,2025-07-31,1,0.4767593741416931
CUS00677,2025-09-30,0,0.4766961336135864
CUS01280,2025-09-30,0,0.47662317752838135
CUS04438,2025-07-31,0,0.47662317752838135
CUS04249,2025-07-31,0,0.47662317752838135
CUS06812,2025-07-31,1,0.47662317752838135
CUS03954,2025-08-31,1,0.47662317752838135
CUS04972,2025-08-31,0,0.47662317752838135
CUS01230,2025-07-31,0,0.47662317752838135
CUS02938,2025-08-31,0,0.47662317752838135
CUS03389,2025-07-31,0,0.47662317752838135
CUS05266,2025-07-31,0,0.47662317752838135
CUS07517,2025-07-31,1,0.47662317752838135
CUS01859,2025-07-31,1,0.47662317752838135
CUS00739,2025-07-31,0,0.47662317752838135
CUS00370,2025-08-31,0,0.47662317752838135
CUS04133,2025-08-31,0,0.47662317752838135
CUS04839,2025-07-31,0,0.47661110758781433
CUS01936,2025-09-30,0,0.47661110758781433
CUS02053,2025-07-31,0,0.47658127546310425
CUS00645,2025-08-31,1,0.47655385732650757
CUS00500,2025-09-30,0,0.47655385732650757
CUS07884,2025-07-31,1,0.4765421748161316
CUS04962,2025-07-31,1,0.4764162600040436
CUS00511,2025-08-31,0,0.4763939678668976
CUS00146,2025-09-30,1,0.4762984812259674
CUS06390,2025-08-31,0,0.4762984812259674
CUS04168,2025-07-31,1,0.4762984812259674
CUS04777,2025-07-31,1,0.4762984812259674
CUS06932,2025-07-31,0,0.4762984812259674
CUS07950,2025-08-31,1,0.4762984812259674
CUS04158,2025-09-30,1,0.47625139355659485
CUS04787,2025-07-31,0,0.4762346148490906
CUS04836,2025-09-30,1,0.4762346148490906
CUS07346,2025-08-31,0,0.4762346148490906
CUS01220,2025-09-30,0,0.4762346148490906
CUS00902,2025-08-31,1,0.4762346148490906
CUS02479,2025-09-30,1,0.4762176275253296
CUS04094,2025-09-30,1,0.4761553704738617
CUS06307,2025-09-30,1,0.47613826394081116
CUS01834,2025-08-31,1,0.4761333167552948
CUS07590,2025-09-30,1,0.4761013686656952
CUS03701,2025-08-31,1,0.47596320509910583
CUS04609,2025-09-30,0,0.4759519398212433
CUS03534,2025-07-31,0,0.4758216440677643
CUS03267,2025-07-31,0,0.4758216440677643
CUS04891,2025-07-31,1,0.4758216440677643
CUS07527,2025-07-31,0,0.4758216440677643
CUS01456,2025-08-31,0,0.4758216440677643
CUS04043,2025-07-31,0,0.4758216440677643
CUS03945,2025-07-31,1,0.4758216440677643
CUS01253,2025-07-31,0,0.4758216440677643
CUS04920,2025-08-31,1,0.4758216440677643
CUS07267,2025-08-31,0,0.4758216440677643
CUS06357,2025-08-31,0,0.4758216440677643
CUS05334,2025-07-31,1,0.4758216440677643
CUS03081,2025-08-31,0,0.4758216440677643
CUS06326,2025-09-30,0,0.4758216440677643
CUS02241,2025-07-31,0,0.4758216440677643
CUS07883,2025-07-31,0,0.4758216440677643
CUS06412,2025-08-31,1,0.4758216440677643
CUS04066,2025-08-31,0,0.4758216440677643
CUS03442,2025-08-31,1,0.4758216440677643
CUS06477,2025-09-30,0,0.475800096988678
CUS05772,2025-08-31,0,0.47575607895851135
CUS06921,2025-07-31,0,0.4756482243537903
CUS03484,2025-07-31,0,0.4756353795528412
CUS03453,2025-08-31,0,0.4756007492542267
CUS04248,2025-08-31,0,0.4755233824253082
CUS00895,2025-08-31,0,0.4755233824253082
CUS05179,2025-07-31,0,0.4755233824253082
CUS07892,2025-09-30,0,0.4755128026008606
CUS01520,2025-08-31,0,0.47547799348831177
CUS06565,2025-07-31,0,0.4754331409931183
CUS03903,2025-08-31,0,0.4754331409931183
CUS04883,2025-07-31,0,0.4754331409931183
CUS03682,2025-07-31,0,0.4754331409931183
CUS06313,2025-07-31,1,0.4754331409931183
CUS01782,2025-08-31,0,0.4754331409931183
CUS01659,2025-08-31,0,0.4754331409931183
CUS03812,2025-08-31,0,0.4754331409931183
CUS06528,2025-08-31,0,0.4754331409931183
CUS00474,2025-07-31,0,0.4754331409931183
CUS07060,2025-08-31,1,0.47531983256340027
CUS01152,2025-07-31,1,0.4753170311450958
CUS06041,2025-08-31,1,0.47530242800712585
CUS06002,2025-08-31,0,0.475285142660141
CUS01196,2025-08-31,0,0.47516345977783203
CUS00229,2025-09-30,1,0.47510457038879395
CUS00332,2025-09-30,0,0.4750639498233795
CUS05187,2025-09-30,1,0.4750541150569916
CUS07910,2025-07-31,0,0.47501710057258606
CUS05929,2025-08-31,1,0.4750139117240906
CUS01778,2025-07-31,0,0.47498223185539246
CUS03377,2025-07-31,0,0.47493237257003784
CUS00803,2025-09-30,0,0.4749181270599365
CUS04564,2025-08-31,0,0.47484683990478516
CUS05088,2025-08-31,0,0.4748154282569885
CUS01124,2025-08-31,1,0.4748026430606842
CUS00987,2025-09-30,0,0.4747945964336395
CUS05217,2025-07-31,0,0.4747945964336395
CUS06070,2025-09-30,1,0.4747945964336395
CUS07499,2025-07-31,0,0.4747945964336395
CUS05034,2025-09-30,0,0.4747925400733948
CUS07226,2025-09-30,0,0.4747815728187561
CUS00296,2025-09-30,0,0.4747457802295685
CUS03149,2025-09-30,0,0.47472628951072693
CUS00413,2025-09-30,0,0.47472336888313293
CUS03101,2025-08-31,1,0.47472336888313293
CUS03374,2025-07-31,1,0.47470033168792725
CUS02161,2025-07-31,0,0.47463780641555786
CUS04351,2025-09-30,0,0.47462597489356995
CUS06157,2025-08-31,1,0.4745992422103882
CUS06578,2025-07-31,0,0.4745136499404907
CUS04372,2025-08-31,1,0.474499374628067
CUS07136,2025-08-31,0,0.474499374628067
CUS01841,2025-07-31,1,0.474499374628067
CUS03242,2025-08-31,0,0.47442564368247986
CUS03277,2025-08-31,1,0.4743904769420624
CUS03967,2025-08-31,0,0.47432348132133484
CUS05053,2025-09-30,1,0.4743064343929291
CUS01063,2025-09-30,0,0.4743064343929291
CUS04994,2025-08-31,0,0.47428593039512634
CUS07656,2025-09-30,1,0.4742673635482788
CUS03044,2025-09-30,0,0.47419682145118713
CUS02439,2025-08-31,0,0.47409841418266296
CUS04781,2025-07-31,1,0.4738665223121643
CUS04005,2025-07-31,0,0.47381797432899475
CUS04773,2025-08-31,0,0.4737943708896637
CUS05538,2025-09-30,1,0.47378018498420715
CUS04331,2025-07-31,1,0.4737527370452881
CUS02909,2025-07-31,0,0.4737241566181183
CUS04078,2025-07-31,0,0.4737168252468109
CUS05485,2025-07-31,0,0.4737168252468109
CUS04262,2025-07-31,0,0.4737168252468109
CUS06952,2025-07-31,1,0.4737168252468109
CUS00535,2025-07-31,1,0.4737168252468109
CUS07144,2025-07-31,1,0.4737168252468109
CUS02239,2025-07-31,0,0.4737168252468109
CUS03714,2025-07-31,0,0.4737168252468109
CUS04527,2025-07-31,0,0.4737168252468109
CUS07770,2025-07-31,0,0.4737168252468109
CUS06520,2025-07-31,0,0.4737168252468109
CUS06928,2025-08-31,0,0.4737168252468109
CUS06222,2025-09-30,0,0.4736332893371582
CUS00918,2025-09-30,0,0.4736332893371582
CUS04872,2025-07-31,0,0.47362005710601807
CUS07837,2025-09-30,1,0.4736116826534271
CUS00742,2025-07-31,1,0.47354573011398315
CUS06706,2025-07-31,0,0.4734988510608673
CUS00741,2025-07-31,0,0.47346657514572144
CUS06381,2025-09-30,1,0.4734663665294647
CUS03934,2025-09-30,0,0.4734663665294647
CUS07317,2025-07-31,1,0.4734663665294647
CUS00154,2025-09-30,0,0.4734663665294647
CUS01041,2025-08-31,1,0.47346583008766174
CUS03807,2025-07-31,0,0.47342178225517273
CUS04143,2025-08-31,0,0.4733693301677704
CUS02886,2025-07-31,0,0.4733561873435974
CUS01478,2025-09-30,1,0.47333335876464844
CUS06394,2025-09-30,1,0.47332561016082764
CUS04257,2025-08-31,1,0.4733184576034546
CUS00465,2025-07-31,1,0.4732204079627991
CUS06249,2025-09-30,0,0.4731781482696533
CUS05450,2025-07-31,1,0.473177433013916
CUS07637,2025-09-30,1,0.4731561541557312
CUS03391,2025-07-31,0,0.473050057888031
CUS04306,2025-08-31,0,0.4730490446090698
CUS01654,2025-08-31,0,0.47303831577301025
CUS07114,2025-07-31,0,0.4729927182197571
CUS04877,2025-08-31,0,0.472951740026474
CUS07459,2025-08-31,0,0.4729215204715729
CUS07757,2025-08-31,0,0.47291573882102966
CUS01150,2025-08-31,0,0.47291573882102966
CUS07650,2025-07-31,0,0.47291573882102966
CUS05785,2025-08-31,0,0.47291573882102966
CUS00556,2025-08-31,1,0.47291573882102966
CUS01391,2025-08-31,0,0.47291573882102966
CUS00527,2025-07-31,0,0.47291573882102966
CUS02488,2025-08-31,0,0.47291573882102966
CUS07212,2025-07-31,1,0.47291573882102966
CUS03568,2025-07-31,0,0.47291573882102966
CUS04535,2025-09-30,0,0.4728926122188568
CUS00927,2025-08-31,0,0.4728878140449524
CUS01892,2025-08-31,1,0.47287607192993164
CUS06347,2025-08-31,0,0.47287607192993164
CUS02528,2025-09-30,1,0.47286468744277954
CUS03896,2025-07-31,0,0.4728586971759796
CUS00237,2025-07-31,1,0.4728336036205292
CUS06033,2025-07-31,0,0.4727221727371216
CUS00322,2025-09-30,0,0.4726985692977905
CUS03254,2025-07-31,0,0.4726985692977905
CUS01650,2025-07-31,0,0.4726985692977905
CUS06091,2025-09-30,0,0.4726245701313019
CUS00253,2025-07-31,1,0.47261670231819153
CUS06408,2025-07-31,0,0.472606360912323
CUS06088,2025-09-30,1,0.4724941849708557
CUS06962,2025-09-30,0,0.4724741280078888
CUS00610,2025-08-31,0,0.4724336862564087
CUS05300,2025-08-31,0,0.4723888337612152
CUS06054,2025-09-30,0,0.47236260771751404
CUS04482,2025-08-31,0,0.47231030464172363
CUS01514,2025-08-31,1,0.4722965359687805
CUS04656,2025-09-30,0,0.4722825884819031
CUS05280,2025-07-31,0,0.47223490476608276
CUS05118,2025-07-31,0,0.47220921516418457
CUS03312,2025-09-30,0,0.47216713428497314
CUS06819,2025-09-30,1,0.4721551239490509
CUS05192,2025-07-31,0,0.4719720184803009
CUS05319,2025-07-31,0,0.4719720184803009
CUS00115,2025-08-31,0,0.4719720184803009
CUS01333,2025-07-31,1,0.47193974256515503
CUS02282,2025-07-31,0,0.4719204008579254
CUS02782,2025-08-31,1,0.47189703583717346
CUS00090,2025-07-31,1,0.47188928723335266
CUS05926,2025-09-30,0,0.47186073660850525
CUS07074,2025-09-30,1,0.47178637981414795
CUS02754,2025-07-31,0,0.47175851464271545
CUS03282,2025-08-31,1,0.4717493951320648
CUS02662,2025-09-30,0,0.47174689173698425
CUS00511,2025-07-31,0,0.4717376232147217
CUS04380,2025-09-30,0,0.47166547179222107
CUS03873,2025-09-30,1,0.47163963317871094
CUS04517,2025-08-31,0,0.4716143310070038
CUS07627,2025-09-30,0,0.4716116786003113
CUS05966,2025-08-31,0,0.47160255908966064
CUS07239,2025-08-31,0,0.4715764820575714
CUS06926,2025-08-31,0,0.47153714299201965
CUS04297,2025-08-31,0,0.47153279185295105
CUS06595,2025-08-31,0,0.47149795293807983
CUS04818,2025-08-31,1,0.47139230370521545
CUS02960,2025-07-31,1,0.47137752175331116
CUS01017,2025-08-31,0,0.47134244441986084
CUS06999,2025-07-31,0,0.4713406562805176
CUS00319,2025-09-30,0,0.47127392888069153
CUS01538,2025-08-31,0,0.47124579548835754
CUS00670,2025-09-30,1,0.4712209701538086
CUS03886,2025-09-30,0,0.4712209701538086
CUS07311,2025-07-31,1,0.4712209701538086
CUS03141,2025-09-30,0,0.4712209701538086
CUS07035,2025-07-31,1,0.4712209701538086
CUS05547,2025-07-31,0,0.4712209701538086
CUS03759,2025-08-31,0,0.4711964726448059
CUS00654,2025-08-31,1,0.47110602259635925
CUS04769,2025-07-31,0,0.4710618853569031
CUS06202,2025-09-30,0,0.4710356593132019
CUS02350,2025-08-31,0,0.47101593017578125
CUS00296,2025-07-31,0,0.471011757850647
CUS04701,2025-09-30,0,0.4709708094596863
CUS00672,2025-09-30,0,0.4708847403526306
CUS06696,2025-08-31,1,0.4708172678947449
CUS01184,2025-09-30,0,0.4708147943019867
CUS00993,2025-07-31,0,0.4707959294319153
CUS05115,2025-09-30,1,0.470700204372406
CUS05512,2025-09-30,0,0.47069051861763
CUS02242,2025-08-31,0,0.47066807746887207
CUS01520,2025-07-31,1,0.470633327960968
CUS06102,2025-08-31,0,0.470622718334198
CUS02651,2025-07-31,0,0.4705614745616913
CUS01647,2025-09-30,1,0.470490038394928
CUS03370,2025-08-31,0,0.4704703092575073
CUS01580,2025-08-31,0,0.47039613127708435
CUS02383,2025-09-30,1,0.4703851640224457
CUS06311,2025-09-30,0,0.47036030888557434
CUS03295,2025-08-31,0,0.4703359305858612
CUS03926,2025-07-31,0,0.4703359305858612
CUS04539,2025-08-31,0,0.4702795743942261
CUS03888,2025-09-30,1,0.4702766239643097
CUS07298,2025-07-31,0,0.4701341688632965
CUS02214,2025-09-30,1,0.4701232314109802
CUS00466,2025-09-30,0,0.470114529132843
CUS03178,2025-07-31,0,0.4700709581375122
CUS03094,2025-09-30,1,0.4700664281845093
CUS05212,2025-09-30,1,0.4698982238769531
CUS00349,2025-09-30,1,0.4698778986930847
CUS01049,2025-08-31,0,0.4698605239391327
CUS05728,2025-08-31,0,0.4698229432106018
CUS00633,2025-09-30,1,0.46974119544029236
CUS03054,2025-09-30,0,0.46973201632499695
CUS02813,2025-08-31,1,0.4697200357913971
CUS07168,2025-07-31,0,0.46968454122543335
CUS05653,2025-07-31,0,0.4695436656475067
CUS06157,2025-07-31,1,0.4695384204387665
CUS02913,2025-07-31,1,0.4695245921611786
CUS02382,2025-09-30,1,0.46951696276664734
CUS05069,2025-07-31,0,0.46951091289520264
CUS02749,2025-09-30,0,0.46949300169944763
CUS02871,2025-07-31,0,0.4694848954677582
CUS00708,2025-08-31,0,0.4694826006889343
CUS07239,2025-09-30,0,0.46946871280670166
CUS06598,2025-09-30,0,0.46945181488990784
CUS06262,2025-07-31,0,0.4694230258464813
CUS04955,2025-09-30,0,0.46934452652931213
CUS02148,2025-08-31,1,0.46933475136756897
CUS06153,2025-09-30,1,0.4693183898925781
CUS03630,2025-09-30,1,0.46926015615463257
CUS01888,2025-08-31,1,0.4692566394805908
CUS02257,2025-09-30,0,0.46922239661216736
CUS02721,2025-09-30,0,0.4692099690437317
CUS05903,2025-07-31,0,0.4691089391708374
CUS01556,2025-08-31,0,0.46909090876579285
CUS02647,2025-08-31,0,0.46907228231430054
CUS02890,2025-08-31,0,0.46906718611717224
CUS04523,2025-07-31,1,0.46904316544532776
CUS03323,2025-09-30,1,0.46902868151664734
CUS03817,2025-08-31,1,0.4689573645591736
CUS00494,2025-07-31,1,0.4689500629901886
CUS06428,2025-09-30,0,0.46888458728790283
CUS03123,2025-09-30,0,0.46878501772880554
CUS05778,2025-08-31,0,0.46876826882362366
CUS06686,2025-08-31,1,0.4687424898147583
CUS06411,2025-08-31,0,0.4687333106994629
CUS07792,2025-08-31,0,0.46866732835769653
CUS00742,2025-08-31,1,0.46866491436958313
CUS01651,2025-07-31,1,0.4686238765716553
CUS04208,2025-07-31,0,0.46848148107528687
CUS07926,2025-09-30,1,0.46848049759864807
CUS04943,2025-09-30,1,0.46845945715904236
CUS00643,2025-07-31,1,0.4684373438358307
CUS07425,2025-08-31,1,0.4684182405471802
CUS04094,2025-07-31,1,0.46838006377220154
CUS01082,2025-09-30,0,0.4683725833892822
CUS02334,2025-07-31,1,0.46826839447021484
CUS05606,2025-08-31,1,0.46826839447021484
CUS04590,2025-09-30,0,0.46826839447021484
CUS05829,2025-08-31,1,0.46826839447021484
CUS04797,2025-08-31,0,0.46826839447021484
CUS03618,2025-09-30,1,0.46826839447021484
CUS02656,2025-07-31,0,0.46826839447021484
CUS01739,2025-07-31,0,0.46826839447021484
CUS07034,2025-08-31,1,0.46826839447021484
CUS04842,2025-08-31,0,0.4682199954986572
CUS04294,2025-07-31,0,0.46817824244499207
CUS04843,2025-08-31,0,0.4681602716445923
CUS02069,2025-07-31,0,0.4681348204612732
CUS00512,2025-09-30,1,0.46807971596717834
CUS03267,2025-09-30,0,0.4680537283420563
CUS04866,2025-09-30,0,0.468018501996994
CUS06470,2025-08-31,0,0.4679783284664154
CUS03190,2025-09-30,1,0.4679449796676636
CUS06944,2025-08-31,0,0.4679441452026367
CUS06996,2025-08-31,1,0.4679363965988159
CUS07527,2025-08-31,1,0.46793025732040405
CUS05220,2025-09-30,0,0.467725545167923
CUS03811,2025-09-30,0,0.46769413352012634
CUS07017,2025-07-31,0,0.46757668256759644
CUS01378,2025-09-30,0,0.46757468581199646
CUS05599,2025-08-31,0,0.46757280826568604
CUS04526,2025-09-30,1,0.46751779317855835
CUS01508,2025-09-30,1,0.46748578548431396
CUS00727,2025-07-31,1,0.4674113988876343
CUS00726,2025-08-31,0,0.46735963225364685
CUS04713,2025-09-30,0,0.4673560857772827
CUS02856,2025-07-31,0,0.4673418700695038
CUS01651,2025-08-31,1,0.46733558177948
CUS07024,2025-09-30,1,0.46732667088508606
CUS05999,2025-07-31,0,0.46717286109924316
CUS00619,2025-07-31,1,0.4670889973640442
CUS02939,2025-09-30,0,0.4670889973640442
CUS03059,2025-09-30,0,0.4670889973640442
CUS01559,2025-07-31,0,0.4670519530773163
CUS07542,2025-07-31,0,0.46705111861228943
CUS01892,2025-07-31,1,0.4670266807079315
CUS04200,2025-08-31,0,0.4670127332210541
CUS01352,2025-08-31,0,0.466913640499115
CUS06115,2025-09-30,0,0.4668937921524048
CUS00155,2025-07-31,1,0.4668754041194916
CUS05195,2025-09-30,0,0.46684157848358154
CUS04017,2025-07-31,0,0.4668186604976654
CUS07850,2025-07-31,0,0.4668181240558624
CUS00667,2025-07-31,0,0.4668033719062805
CUS00581,2025-07-31,0,0.4667958915233612
CUS01448,2025-07-31,1,0.4667772054672241
CUS01945,2025-09-30,0,0.4666486084461212
CUS00261,2025-08-31,0,0.4666438400745392
CUS07397,2025-08-31,0,0.4666404128074646
CUS01347,2025-07-31,0,0.46663910150527954
CUS03903,2025-07-31,0,0.46657583117485046
CUS05086,2025-07-31,1,0.4665519595146179
CUS06476,2025-08-31,0,0.4665452241897583
CUS07319,2025-09-30,0,0.46648725867271423
CUS01850,2025-09-30,0,0.46648362278938293
CUS00789,2025-09-30,0,0.46638399362564087
CUS03136,2025-09-30,0,0.46633902192115784
CUS07563,2025-07-31,0,0.46632394194602966
CUS05450,2025-08-31,1,0.46624332666397095
CUS00210,2025-07-31,0,0.46616223454475403
CUS03650,2025-09-30,1,0.466135174036026
CUS01854,2025-07-31,0,0.46603161096572876
CUS06654,2025-08-31,1,0.46603161096572876
CUS01822,2025-09-30,1,0.46602994203567505
CUS03610,2025-07-31,1,0.4659791588783264
CUS05091,2025-09-30,1,0.4659781754016876
CUS02065,2025-09-30,1,0.4659290015697479
CUS04671,2025-08-31,0,0.4658803343772888
CUS03052,2025-08-31,0,0.46585074067115784
CUS05437,2025-07-31,0,0.46572020649909973
CUS05781,2025-09-30,1,0.4656844139099121
CUS01583,2025-08-31,0,0.46567800641059875
CUS04671,2025-09-30,0,0.4656085669994354
CUS04854,2025-07-31,1,0.46560806035995483
CUS05239,2025-08-31,0,0.4655678868293762
CUS00623,2025-08-31,1,0.4654730260372162
CUS05628,2025-09-30,1,0.46545299887657166
CUS05592,2025-07-31,0,0.46545061469078064
CUS01663,2025-07-31,0,0.46544918417930603
CUS00864,2025-08-31,0,0.46541306376457214
CUS00118,2025-07-31,0,0.46540528535842896
CUS01950,2025-08-31,0,0.46538296341896057
CUS06102,2025-07-31,0,0.4653826653957367
CUS06513,2025-09-30,0,0.4653625190258026
CUS02300,2025-07-31,1,0.4653625190258026
CUS03060,2025-07-31,1,0.4653463065624237
CUS03848,2025-07-31,1,0.46533721685409546
CUS03149,2025-08-31,0,0.46531304717063904
CUS04648,2025-07-31,1,0.4652687609195709
CUS06562,2025-07-31,0,0.4652566909790039
CUS01578,2025-07-31,1,0.4652479290962219
CUS04593,2025-07-31,1,0.46524709463119507
CUS03103,2025-09-30,1,0.46523451805114746
CUS06597,2025-09-30,1,0.4652094841003418
CUS02023,2025-09-30,0,0.4652010202407837
CUS05513,2025-09-30,0,0.46514543890953064
CUS05942,2025-09-30,0,0.46512070298194885
CUS05820,2025-07-31,1,0.46500951051712036
CUS07753,2025-07-31,0,0.46498414874076843
CUS00053,2025-08-31,0,0.4649735391139984
CUS07424,2025-07-31,0,0.4648726284503937
CUS07679,2025-08-31,1,0.46484407782554626
CUS07493,2025-07-31,0,0.46484026312828064
CUS07566,2025-09-30,0,0.464714914560318
CUS04266,2025-08-31,0,0.46471109986305237
CUS03141,2025-08-31,0,0.4647083282470703
CUS07727,2025-07-31,0,0.4646177291870117
CUS00206,2025-07-31,0,0.46457305550575256
CUS01368,2025-09-30,0,0.4645017981529236
CUS02348,2025-09-30,0,0.4644264876842499
CUS00561,2025-09-30,0,0.4644186198711395
CUS06039,2025-09-30,0,0.46428871154785156
CUS05626,2025-08-31,0,0.46427541971206665
CUS01152,2025-09-30,0,0.46420392394065857
CUS01642,2025-08-31,0,0.46414220333099365
CUS04546,2025-08-31,0,0.4641355276107788
CUS03811,2025-08-31,0,0.4641193747520447
CUS05653,2025-08-31,0,0.4641193449497223
CUS00508,2025-07-31,0,0.46408823132514954
CUS07231,2025-09-30,1,0.46407967805862427
CUS01784,2025-07-31,0,0.4640445113182068
CUS02807,2025-07-31,0,0.46396100521087646
CUS02992,2025-09-30,0,0.46392837166786194
CUS03262,2025-07-31,0,0.46390876173973083
CUS02073,2025-09-30,1,0.46390029788017273
CUS06775,2025-07-31,0,0.46384626626968384
CUS06817,2025-09-30,0,0.46383264660835266
CUS05868,2025-09-30,1,0.46373966336250305
CUS02642,2025-09-30,1,0.46373966336250305
CUS03257,2025-07-31,0,0.46369367837905884
CUS03867,2025-07-31,1,0.4636412262916565
CUS03692,2025-08-31,0,0.4636382758617401
CUS06079,2025-07-31,1,0.46355146169662476
CUS01183,2025-09-30,1,0.46354883909225464
CUS02508,2025-07-31,0,0.46348923444747925
CUS05996,2025-09-30,0,0.4634380638599396
CUS02834,2025-09-30,0,0.4634282886981964
CUS04521,2025-08-31,0,0.4634045362472534
CUS03576,2025-09-30,0,0.4633041024208069
CUS06153,2025-08-31,1,0.4632548689842224
CUS00702,2025-08-31,0,0.4631322920322418
CUS05429,2025-08-31,0,0.46308133006095886
CUS01010,2025-09-30,0,0.46306970715522766
CUS07264,2025-07-31,1,0.4630252420902252
CUS04414,2025-09-30,1,0.46301206946372986
CUS07493,2025-09-30,0,0.4629521071910858
CUS04144,2025-07-31,0,0.46294403076171875
CUS06112,2025-08-31,1,0.46292078495025635
CUS03064,2025-09-30,0,0.4629146456718445
CUS05264,2025-07-31,1,0.462902694940567
CUS07548,2025-09-30,0,0.4628576338291168
CUS03698,2025-09-30,0,0.462848961353302
CUS02723,2025-08-31,0,0.4628431499004364
CUS07856,2025-07-31,0,0.46279823780059814
CUS00998,2025-07-31,0,0.46276938915252686
CUS04169,2025-07-31,0,0.4627642035484314
CUS06626,2025-09-30,0,0.46275246143341064
CUS03397,2025-09-30,0,0.4627479612827301
CUS07307,2025-09-30,0,0.46272170543670654
CUS01223,2025-07-31,1,0.4627094566822052
CUS00397,2025-09-30,0,0.4627002775669098
CUS04877,2025-07-31,1,0.46268436312675476
CUS05316,2025-08-31,0,0.46265000104904175
CUS05781,2025-08-31,1,0.46264490485191345
CUS07816,2025-09-30,0,0.46261394023895264
CUS02980,2025-09-30,1,0.4626045823097229
CUS07774,2025-09-30,1,0.46246418356895447
CUS02457,2025-07-31,1,0.4624393880367279
CUS07022,2025-09-30,0,0.46236640214920044
CUS01911,2025-07-31,1,0.4622073173522949
CUS01041,2025-07-31,1,0.4621388614177704
CUS05153,2025-07-31,0,0.46213725209236145
CUS05844,2025-07-31,0,0.4621303677558899
CUS03631,2025-09-30,0,0.46208682656288147
CUS06954,2025-07-31,0,0.4620663821697235
CUS06513,2025-08-31,1,0.4620327651500702
CUS07319,2025-08-31,0,0.4619598984718323
CUS06469,2025-07-31,0,0.46195298433303833
CUS00333,2025-08-31,0,0.4619070589542389
CUS03716,2025-08-31,0,0.4619070589542389
CUS06240,2025-09-30,0,0.46190541982650757
CUS02725,2025-09-30,1,0.4619021713733673
CUS05350,2025-07-31,0,0.4619021713733673
CUS00608,2025-07-31,0,0.461863249540329
CUS04111,2025-09-30,0,0.4618314206600189
CUS06143,2025-09-30,0,0.46182623505592346
CUS00306,2025-07-31,0,0.46177035570144653
CUS04915,2025-08-31,1,0.46171998977661133
CUS06805,2025-08-31,0,0.46171998977661133
CUS03132,2025-08-31,0,0.46169447898864746
CUS03238,2025-07-31,1,0.4616524875164032
CUS02851,2025-08-31,1,0.46165046095848083
CUS03454,2025-08-31,0,0.4616486430168152
CUS03475,2025-07-31,0,0.4615761935710907
CUS04447,2025-07-31,0,0.4615262448787689
CUS02717,2025-09-30,0,0.46150872111320496
CUS05883,2025-09-30,0,0.46146994829177856
CUS03779,2025-07-31,0,0.4614025354385376
CUS05440,2025-09-30,1,0.461361825466156
CUS01950,2025-09-30,0,0.4613458812236786
CUS04094,2025-08-31,1,0.4613257050514221
CUS03081,2025-07-31,0,0.4613230526447296
CUS03866,2025-09-30,0,0.4612829089164734
CUS01453,2025-08-31,0,0.4612749218940735
CUS05782,2025-09-30,0,0.4612692892551422
CUS05453,2025-08-31,1,0.4612516760826111
CUS04785,2025-08-31,1,0.46123233437538147
CUS02791,2025-07-31,0,0.46123233437538147
CUS04374,2025-07-31,0,0.46123233437538147
CUS05470,2025-08-31,0,0.46123233437538147
CUS01863,2025-09-30,1,0.46123233437538147
CUS03269,2025-07-31,1,0.4611997902393341
CUS01604,2025-07-31,1,0.4611409604549408
CUS07115,2025-09-30,0,0.4610035717487335
CUS01933,2025-08-31,0,0.4609951376914978
CUS03933,2025-07-31,0,0.4609715938568115
CUS07980,2025-07-31,0,0.46092459559440613
CUS03924,2025-08-31,0,0.4609220027923584
CUS07493,2025-08-31,0,0.46089398860931396
CUS02137,2025-09-30,0,0.46081700921058655
CUS04990,2025-08-31,0,0.46081671118736267
CUS04304,2025-07-31,0,0.46072307229042053
CUS02812,2025-07-31,1,0.4607073962688446
CUS04517,2025-07-31,0,0.4606977105140686
CUS06517,2025-08-31,0,0.46066802740097046
CUS03931,2025-09-30,1,0.4606657922267914
CUS07060,2025-07-31,1,0.4605913758277893
CUS00767,2025-08-31,1,0.46058526635169983
CUS03169,2025-08-31,0,0.4604882597923279
CUS06377,2025-09-30,1,0.460374653339386
CUS03058,2025-08-31,0,0.4603455364704132
CUS00623,2025-09-30,1,0.460330992937088
CUS07841,2025-09-30,0,0.4603138267993927
CUS00246,2025-08-31,0,0.46030715107917786
CUS00863,2025-09-30,0,0.4602918028831482
CUS03090,2025-08-31,0,0.4602872431278229
CUS05784,2025-09-30,0,0.46024784445762634
CUS02304,2025-09-30,0,0.4602341055870056
CUS01952,2025-08-31,0,0.4602058231830597
CUS00042,2025-09-30,1,0.46016383171081543
CUS04848,2025-09-30,0,0.46015316247940063
CUS02048,2025-07-31,0,0.46011728048324585
CUS04239,2025-08-31,0,0.4600878059864044
CUS04050,2025-08-31,1,0.4599783718585968
CUS03864,2025-08-31,1,0.45996081829071045
CUS05300,2025-09-30,0,0.4599291980266571
CUS06315,2025-07-31,1,0.4597456753253937
CUS03136,2025-07-31,0,0.4597369134426117
CUS05586,2025-08-31,0,0.4596761465072632
CUS07908,2025-07-31,1,0.45957088470458984
CUS06196,2025-07-31,0,0.45954087376594543
CUS01102,2025-08-31,0,0.45947498083114624
CUS00243,2025-09-30,0,0.4594600200653076
CUS04899,2025-09-30,0,0.45936623215675354
CUS06707,2025-07-31,1,0.45936623215675354
CUS03749,2025-08-31,0,0.45936623215675354
CUS02088,2025-07-31,0,0.4593484103679657
CUS01695,2025-09-30,0,0.4592823386192322
CUS03342,2025-08-31,0,0.45927000045776367
CUS05088,2025-07-31,0,0.4592633545398712
CUS03692,2025-07-31,0,0.4592389762401581
CUS05188,2025-09-30,0,0.45923152565956116
CUS01057,2025-07-31,1,0.45921117067337036
CUS05643,2025-07-31,0,0.459184467792511
CUS05621,2025-09-30,1,0.4590863585472107
CUS02200,2025-08-31,0,0.45908236503601074
CUS03042,2025-08-31,0,0.45907068252563477
CUS01957,2025-07-31,1,0.45898982882499695
CUS02522,2025-08-31,0,0.45896440744400024
CUS05669,2025-07-31,0,0.4588831663131714
CUS01584,2025-07-31,0,0.4588572382926941
CUS06377,2025-08-31,1,0.45883625745773315
CUS07264,2025-09-30,1,0.45881518721580505
CUS01292,2025-08-31,0,0.45868945121765137
CUS03166,2025-07-31,1,0.4586230516433716
CUS06098,2025-07-31,0,0.458526074886322
CUS04818,2025-09-30,1,0.45847880840301514
CUS07613,2025-09-30,1,0.4584116041660309
CUS02612,2025-07-31,0,0.45838114619255066
CUS00743,2025-08-31,0,0.45836952328681946
CUS04320,2025-07-31,1,0.45832204818725586
CUS03401,2025-07-31,0,0.45829716324806213
CUS02362,2025-09-30,1,0.4582161009311676
CUS02552,2025-07-31,0,0.4582149088382721
CUS01578,2025-08-31,1,0.45819091796875
CUS07898,2025-08-31,1,0.4581833779811859
CUS00374,2025-09-30,0,0.4580656886100769
CUS03042,2025-09-30,1,0.45800673961639404
CUS04109,2025-08-31,0,0.4579579830169678
CUS01853,2025-09-30,0,0.45791563391685486
CUS02148,2025-07-31,1,0.45787644386291504
CUS03185,2025-09-30,0,0.4578739404678345
CUS06771,2025-07-31,0,0.45779359340667725
CUS04713,2025-07-31,0,0.4577876031398773
CUS03311,2025-09-30,1,0.45777255296707153
CUS04536,2025-07-31,1,0.45773932337760925
CUS02094,2025-09-30,1,0.4576844573020935
CUS01894,2025-08-31,0,0.45756617188453674
CUS03022,2025-07-31,0,0.45753660798072815
CUS05837,2025-09-30,0,0.4575018882751465
CUS01374,2025-08-31,0,0.45745187997817993
CUS06787,2025-08-31,0,0.45743706822395325
CUS00767,2025-09-30,0,0.4574321210384369
CUS05816,2025-08-31,1,0.45739495754241943
CUS00460,2025-07-31,0,0.4573734998703003
CUS04050,2025-09-30,1,0.45734643936157227
CUS01038,2025-07-31,0,0.45726850628852844
CUS01289,2025-07-31,1,0.4572388827800751
CUS01839,2025-09-30,1,0.45717743039131165
CUS05390,2025-08-31,1,0.45714032649993896
CUS05434,2025-09-30,0,0.45713523030281067
CUS02933,2025-08-31,0,0.4571276009082794
CUS00306,2025-08-31,0,0.45711347460746765
CUS05718,2025-09-30,0,0.45711231231689453
CUS02612,2025-09-30,0,0.45711231231689453
CUS00249,2025-08-31,0,0.45711231231689453
CUS02124,2025-07-31,0,0.45711231231689453
CUS07608,2025-09-30,0,0.4570658802986145
CUS07774,2025-08-31,1,0.45706164836883545
CUS04342,2025-07-31,1,0.45705845952033997
CUS02319,2025-07-31,0,0.4569968283176422
CUS03438,2025-09-30,1,0.4569427967071533
CUS02022,2025-09-30,0,0.4569051265716553
CUS06073,2025-08-31,1,0.4568340480327606
CUS01499,2025-08-31,0,0.4568294882774353
CUS03511,2025-09-30,0,0.45678699016571045
CUS01902,2025-09-30,0,0.4567188322544098
CUS07791,2025-09-30,0,0.4567092955112457
CUS05852,2025-08-31,1,0.45668303966522217
CUS06318,2025-08-31,0,0.45664674043655396
CUS01367,2025-09-30,0,0.45664429664611816
CUS02338,2025-08-31,0,0.4565688371658325
CUS05134,2025-07-31,1,0.45648086071014404
CUS00600,2025-09-30,0,0.45641547441482544
CUS03042,2025-07-31,0,0.45637404918670654
CUS02880,2025-09-30,0,0.4563663601875305
CUS07686,2025-07-31,0,0.45630306005477905
CUS04317,2025-07-31,0,0.45617225766181946
CUS06463,2025-09-30,0,0.4560979902744293
CUS07837,2025-08-31,1,0.45608678460121155
CUS02356,2025-07-31,0,0.45604294538497925
CUS01924,2025-09-30,0,0.4559822082519531
CUS07328,2025-09-30,1,0.4558625817298889
CUS05406,2025-08-31,1,0.45585158467292786
CUS05103,2025-09-30,0,0.4558095633983612
CUS03452,2025-08-31,1,0.4558039605617523
CUS00222,2025-09-30,0,0.45577117800712585
CUS06831,2025-09-30,1,0.45574963092803955
CUS05586,2025-07-31,1,0.45573845505714417
CUS07872,2025-08-31,0,0.4557112157344818
CUS03510,2025-09-30,1,0.4557031989097595
CUS06007,2025-07-31,0,0.4556927978992462
CUS02050,2025-07-31,0,0.45565927028656006
CUS03462,2025-09-30,1,0.455647736787796
CUS06187,2025-09-30,0,0.45560091733932495
CUS07832,2025-09-30,0,0.4555753767490387
CUS03425,2025-09-30,0,0.4555434286594391
CUS06727,2025-09-30,0,0.45543965697288513
CUS02413,2025-09-30,0,0.45539000630378723
CUS07005,2025-07-31,1,0.45533037185668945
CUS02868,2025-07-31,0,0.45531120896339417
CUS05670,2025-07-31,1,0.455306738615036
CUS07297,2025-07-31,0,0.45530617237091064
CUS04145,2025-07-31,0,0.4552688002586365
CUS01403,2025-09-30,1,0.4551986753940582
CUS02533,2025-07-31,1,0.45518815517425537
CUS04616,2025-07-31,1,0.4551810920238495
CUS01263,2025-07-31,1,0.45516493916511536
CUS02141,2025-08-31,0,0.455156147480011
CUS03142,2025-08-31,0,0.4551398456096649
CUS05970,2025-07-31,0,0.45502692461013794
CUS04332,2025-09-30,1,0.45501166582107544
CUS02069,2025-09-30,0,0.45488977432250977
CUS00448,2025-07-31,0,0.4548250734806061
CUS01853,2025-08-31,0,0.45477545261383057
CUS05151,2025-09-30,1,0.45468389987945557
CUS06854,2025-08-31,0,0.4545687437057495
CUS01279,2025-08-31,0,0.4545654356479645
CUS00547,2025-08-31,1,0.45452696084976196
CUS01613,2025-07-31,0,0.4544726014137268
CUS00705,2025-08-31,0,0.454447478055954
CUS06898,2025-09-30,1,0.4544221758842468
CUS02956,2025-08-31,0,0.454417884349823
CUS06588,2025-09-30,0,0.4543704390525818
CUS04823,2025-07-31,0,0.45435863733291626
CUS00077,2025-08-31,0,0.45435523986816406
CUS06162,2025-09-30,0,0.4543057382106781
CUS07095,2025-09-30,0,0.45428261160850525
CUS04497,2025-08-31,0,0.4542478621006012
CUS05227,2025-08-31,0,0.45418715476989746
CUS00708,2025-07-31,0,0.45415031909942627
CUS01063,2025-08-31,0,0.4541393220424652
CUS05053,2025-08-31,1,0.4541393220424652
CUS07337,2025-07-31,1,0.45412150025367737
CUS04107,2025-08-31,0,0.4541057348251343
CUS02648,2025-09-30,0,0.45410144329071045
CUS01800,2025-08-31,0,0.4540967345237732
CUS03569,2025-07-31,0,0.4540848433971405
CUS05145,2025-07-31,1,0.45408114790916443
CUS07479,2025-09-30,0,0.4540790915489197
CUS05853,2025-08-31,0,0.45405903458595276
CUS04818,2025-07-31,1,0.4540584981441498
CUS05816,2025-07-31,1,0.4539909064769745
CUS01289,2025-08-31,1,0.4539406895637512
CUS06169,2025-09-30,0,0.4538520872592926
CUS07884,2025-08-31,1,0.4538436532020569
CUS07608,2025-08-31,0,0.4537964463233948
CUS00726,2025-07-31,0,0.4537424147129059
CUS00412,2025-09-30,1,0.4536886215209961
CUS06289,2025-07-31,1,0.45368635654449463
CUS03084,2025-09-30,1,0.4536776542663574
CUS07349,2025-07-31,0,0.45359739661216736
CUS04205,2025-09-30,0,0.4535563886165619
CUS05810,2025-07-31,0,0.4533402621746063
CUS05546,2025-09-30,0,0.4533361494541168
CUS06318,2025-09-30,0,0.45331624150276184
CUS01040,2025-09-30,0,0.4531981348991394
CUS01171,2025-07-31,1,0.45315927267074585
CUS03132,2025-09-30,0,0.4531576633453369
CUS03968,2025-08-31,0,0.4530826508998871
CUS06913,2025-09-30,1,0.4530826210975647
CUS01315,2025-08-31,0,0.45307472348213196
CUS02180,2025-07-31,0,0.45303627848625183
CUS01224,2025-07-31,0,0.4530194401741028
CUS04268,2025-09-30,0,0.4529549479484558
CUS03037,2025-07-31,0,0.4529450833797455
CUS05871,2025-07-31,0,0.4529273808002472
CUS05498,2025-07-31,0,0.4529237449169159
CUS05688,2025-09-30,1,0.45291921496391296
CUS06926,2025-09-30,0,0.4529140591621399
CUS04545,2025-07-31,1,0.45290955901145935
CUS01832,2025-09-30,1,0.45287033915519714
CUS06307,2025-08-31,1,0.4528543949127197
CUS07812,2025-09-30,0,0.4528517723083496
CUS01590,2025-07-31,0,0.4528304636478424
CUS01782,2025-09-30,0,0.45279672741889954
CUS07665,2025-08-31,0,0.4527805745601654
CUS06055,2025-07-31,0,0.45270058512687683
CUS05211,2025-09-30,1,0.4526159167289734
CUS03879,2025-07-31,1,0.45258262753486633
CUS06768,2025-08-31,0,0.45257315039634705
CUS02703,2025-08-31,0,0.45256507396698
CUS05795,2025-07-31,0,0.45252254605293274
CUS05910,2025-07-31,0,0.4525001049041748
CUS04389,2025-07-31,1,0.45247745513916016
CUS06785,2025-08-31,1,0.4524637758731842
CUS04497,2025-09-30,0,0.45245811343193054
CUS02362,2025-08-31,1,0.4524228870868683
CUS04152,2025-07-31,1,0.45241454243659973
CUS05436,2025-07-31,1,0.4524010121822357
CUS04503,2025-08-31,0,0.4523847699165344
CUS05172,2025-09-30,0,0.4523765444755554
CUS03837,2025-08-31,1,0.4523754119873047
CUS06649,2025-07-31,0,0.4523729681968689
CUS06820,2025-08-31,1,0.4523540735244751
CUS01681,2025-07-31,1,0.4523538053035736
CUS04042,2025-09-30,0,0.4523509740829468
CUS06232,2025-09-30,0,0.4523157477378845
CUS00826,2025-09-30,1,0.4522135257720947
CUS05406,2025-07-31,1,0.4521704316139221
CUS04048,2025-08-31,0,0.4521530866622925
CUS03872,2025-08-31,1,0.4521380662918091
CUS00510,2025-09-30,0,0.452106237411499
CUS05537,2025-07-31,1,0.45210540294647217
CUS02483,2025-07-31,1,0.4520793855190277
CUS04530,2025-07-31,0,0.45204898715019226
CUS05156,2025-08-31,1,0.4520242512226105
CUS01979,2025-08-31,1,0.4519408941268921
CUS07972,2025-07-31,0,0.45191407203674316
CUS05951,2025-08-31,0,0.45191144943237305
CUS04784,2025-07-31,0,0.45190364122390747
CUS05233,2025-07-31,0,0.4518437683582306
CUS03994,2025-07-31,1,0.4518097937107086
CUS06444,2025-09-30,0,0.4517841935157776
CUS07408,2025-09-30,0,0.45178166031837463
CUS05050,2025-08-31,0,0.4517243504524231
CUS06845,2025-07-31,1,0.4517022669315338
CUS01438,2025-07-31,0,0.451652467250824
CUS05626,2025-07-31,0,0.4516518712043762
CUS00453,2025-09-30,0,0.45158565044403076
CUS06419,2025-07-31,0,0.4515797197818756
CUS06555,2025-08-31,0,0.4515492916107178
CUS00645,2025-07-31,1,0.4515412151813507
CUS00500,2025-08-31,0,0.4515412151813507
CUS05960,2025-09-30,1,0.4515412151813507
CUS01487,2025-07-31,0,0.45150479674339294
CUS03701,2025-09-30,1,0.4515034556388855
CUS04547,2025-09-30,0,0.4514991044998169
CUS01849,2025-09-30,0,0.4514812231063843
CUS05659,2025-08-31,0,0.4514167904853821
CUS03857,2025-08-31,0,0.4514116942882538
CUS02107,2025-07-31,1,0.45138269662857056
CUS05147,2025-08-31,0,0.45120498538017273
CUS00797,2025-07-31,0,0.4511955976486206
CUS02069,2025-08-31,0,0.4511864483356476
CUS01124,2025-07-31,1,0.45115432143211365
CUS06977,2025-08-31,0,0.451151967048645
CUS06681,2025-07-31,1,0.4510793089866638
CUS06447,2025-08-31,0,0.4509837031364441
CUS03011,2025-08-31,0,0.45097604393959045
CUS03052,2025-07-31,0,0.4509722590446472
CUS05441,2025-08-31,0,0.45089367032051086
CUS01778,2025-09-30,0,0.4508671164512634
CUS07550,2025-09-30,1,0.45084500312805176
CUS06225,2025-09-30,0,0.4508041739463806
CUS04887,2025-09-30,0,0.4507920444011688
CUS04635,2025-07-31,1,0.4507647752761841
CUS04127,2025-08-31,0,0.4507615864276886
CUS01537,2025-08-31,0,0.45075276494026184
CUS04417,2025-07-31,0,0.4506869316101074
CUS04339,2025-09-30,0,0.45068156719207764
CUS07879,2025-09-30,1,0.4506600499153137
CUS01621,2025-09-30,0,0.4506416618824005
CUS02078,2025-08-31,1,0.45062172412872314
CUS03330,2025-09-30,0,0.4505578279495239
CUS02751,2025-09-30,1,0.4505354166030884
CUS03707,2025-08-31,0,0.45047593116760254
CUS04658,2025-09-30,0,0.45047128200531006
CUS01858,2025-08-31,0,0.4504104554653168
CUS07245,2025-09-30,0,0.4503359794616699
CUS01354,2025-08-31,0,0.4503324329853058
CUS02455,2025-07-31,0,0.45030927658081055
CUS02088,2025-09-30,0,0.4502953588962555
CUS01116,2025-09-30,1,0.450248658657074
CUS01293,2025-09-30,1,0.45021358132362366
CUS06516,2025-08-31,0,0.4502076804637909
CUS06106,2025-09-30,0,0.45020729303359985
CUS01380,2025-07-31,0,0.45020705461502075
CUS05470,2025-07-31,0,0.45015090703964233
CUS06898,2025-08-31,1,0.4501473903656006
CUS07631,2025-07-31,0,0.45014381408691406
CUS06905,2025-09-30,0,0.4501197040081024
CUS02366,2025-07-31,0,0.45007386803627014
CUS06835,2025-09-30,1,0.4500512480735779
CUS01682,2025-07-31,0,0.4499541223049164
CUS06857,2025-08-31,1,0.44994351267814636
CUS07754,2025-07-31,0,0.4499324858188629
CUS05659,2025-07-31,0,0.44990596175193787
CUS07679,2025-07-31,1,0.44980087876319885
CUS07479,2025-08-31,0,0.44978368282318115
CUS05882,2025-08-31,1,0.44975677132606506
CUS02120,2025-09-30,0,0.44974905252456665
CUS03348,2025-08-31,0,0.4497157037258148
CUS07258,2025-07-31,0,0.449688196182251
CUS01839,2025-08-31,1,0.44966360926628113
CUS04980,2025-07-31,0,0.4496476650238037
CUS01248,2025-09-30,1,0.44959962368011475
CUS00466,2025-08-31,0,0.4495503604412079
CUS06764,2025-07-31,0,0.4495481848716736
CUS04547,2025-08-31,0,0.44952455163002014
CUS03412,2025-08-31,0,0.4495108425617218
CUS04692,2025-08-31,0,0.4495041072368622
CUS02701,2025-07-31,1,0.4494774341583252
CUS01238,2025-09-30,1,0.4494757056236267
CUS03330,2025-07-31,0,0.449424147605896
CUS00948,2025-07-31,0,0.4493977129459381
CUS00363,2025-08-31,0,0.4493752419948578
CUS02849,2025-07-31,0,0.44936180114746094
CUS00435,2025-09-30,0,0.4493313431739807
CUS05764,2025-08-31,1,0.44931158423423767
CUS03370,2025-07-31,0,0.4492937922477722
CUS01686,2025-09-30,1,0.4492937922477722
CUS04324,2025-07-31,0,0.449244886636734
CUS05685,2025-09-30,1,0.44919919967651367
CUS02517,2025-09-30,0,0.44913363456726074
CUS00179,2025-09-30,1,0.4490540325641632
CUS00359,2025-09-30,0,0.44891294836997986
CUS02517,2025-07-31,1,0.4488692581653595
CUS07656,2025-08-31,1,0.4488210380077362
CUS03263,2025-08-31,0,0.4487929344177246
CUS01403,2025-08-31,1,0.448731929063797
CUS05774,2025-09-30,0,0.44866475462913513
CUS05871,2025-08-31,0,0.4486507475376129
CUS03806,2025-08-31,0,0.44858771562576294
CUS00140,2025-07-31,1,0.4485829472541809
CUS07358,2025-09-30,0,0.4485800266265869
CUS07456,2025-08-31,0,0.44853031635284424
CUS03622,2025-09-30,1,0.44848108291625977
CUS00214,2025-07-31,0,0.44847509264945984
CUS03873,2025-08-31,1,0.44838207960128784
CUS05196,2025-08-31,0,0.4483761191368103
CUS04564,2025-07-31,0,0.44836950302124023
CUS03501,2025-09-30,0,0.44835788011550903
CUS05491,2025-08-31,0,0.4483570456504822
CUS01453,2025-07-31,0,0.44835150241851807
CUS02951,2025-07-31,1,0.44833576679229736
CUS04776,2025-09-30,0,0.44829967617988586
CUS01409,2025-07-31,0,0.44826647639274597
CUS04162,2025-08-31,1,0.4482218325138092
CUS00908,2025-07-31,1,0.4482121765613556
CUS07419,2025-09-30,1,0.44815173745155334
CUS02593,2025-09-30,1,0.448150098323822
CUS07893,2025-08-31,0,0.4481247365474701
CUS02692,2025-07-31,0,0.4481200873851776
CUS03353,2025-09-30,0,0.4481186866760254
CUS03453,2025-09-30,0,0.4481077790260315
CUS06312,2025-08-31,0,0.44808968901634216
CUS06474,2025-08-31,0,0.4480452239513397
CUS02089,2025-08-31,0,0.44804447889328003
CUS05588,2025-08-31,0,0.44798535108566284
CUS05480,2025-07-31,0,0.4479448199272156
CUS04949,2025-09-30,1,0.4479202926158905
CUS05656,2025-08-31,0,0.4478822648525238
CUS03004,2025-09-30,1,0.4478438198566437
CUS07422,2025-08-31,0,0.44781947135925293
CUS02561,2025-09-30,0,0.44773241877555847
CUS06488,2025-07-31,0,0.4476986229419708
CUS04429,2025-08-31,0,0.4476737678050995
CUS04882,2025-08-31,0,0.4475979208946228
CUS06255,2025-08-31,0,0.44758617877960205
CUS01225,2025-09-30,0,0.4475666880607605
CUS02878,2025-09-30,1,0.44754767417907715
CUS04803,2025-07-31,1,0.44752436876296997
CUS06326,2025-07-31,1,0.4474625885486603
CUS01808,2025-07-31,0,0.44745132327079773
CUS06528,2025-07-31,0,0.4474036991596222
CUS00990,2025-09-30,0,0.44733887910842896
CUS02749,2025-08-31,1,0.44730550050735474
CUS07103,2025-09-30,0,0.447287380695343
CUS03083,2025-08-31,0,0.44724130630493164
CUS05278,2025-07-31,1,0.4472094476222992
CUS07450,2025-07-31,0,0.4471787214279175
CUS05910,2025-09-30,0,0.4471648037433624
CUS05597,2025-09-30,0,0.4471520483493805
CUS02036,2025-09-30,0,0.4471484124660492
CUS01578,2025-09-30,1,0.44712695479393005
CUS05452,2025-08-31,0,0.44711220264434814
CUS06162,2025-07-31,0,0.4471072256565094
CUS04524,2025-07-31,0,0.4470869302749634
CUS05152,2025-08-31,1,0.44703036546707153
CUS01946,2025-08-31,0,0.4470228850841522
CUS04819,2025-09-30,1,0.4470202326774597
CUS04056,2025-09-30,0,0.44697415828704834
CUS03602,2025-08-31,0,0.4469000995159149
CUS06474,2025-09-30,0,0.4468587636947632
CUS06726,2025-08-31,0,0.44685429334640503
CUS04824,2025-09-30,0,0.4468405842781067
CUS03816,2025-08-31,1,0.4468362033367157
CUS00648,2025-07-31,0,0.44681134819984436
CUS07343,2025-09-30,0,0.4467906951904297
CUS00538,2025-08-31,0,0.4467858374118805
CUS02366,2025-09-30,1,0.44676539301872253
CUS02935,2025-07-31,0,0.446757972240448
CUS05869,2025-07-31,1,0.4467429220676422
CUS07847,2025-09-30,0,0.4467245042324066
CUS05010,2025-09-30,0,0.44669076800346375
CUS01295,2025-08-31,1,0.44666483998298645
CUS01818,2025-07-31,0,0.44664326310157776
CUS05852,2025-07-31,1,0.446627140045166
CUS05983,2025-08-31,0,0.44660288095474243
CUS02097,2025-08-31,0,0.4465130567550659
CUS05996,2025-08-31,0,0.44649258255958557
CUS01129,2025-07-31,0,0.4464600384235382
CUS06011,2025-07-31,1,0.4464341700077057
CUS03709,2025-08-31,0,0.4464176297187805
CUS03390,2025-08-31,1,0.4464118778705597
CUS00334,2025-08-31,0,0.44633713364601135
CUS02171,2025-08-31,0,0.4463142156600952
CUS06820,2025-09-30,1,0.4463120400905609
CUS01494,2025-08-31,0,0.44627323746681213
CUS00597,2025-09-30,1,0.44625619053840637
CUS04638,2025-09-30,0,0.44624394178390503
CUS02674,2025-07-31,0,0.44622135162353516
CUS06009,2025-09-30,1,0.4461994171142578
CUS02163,2025-09-30,1,0.44607803225517273
CUS04048,2025-07-31,0,0.44604843854904175
CUS07245,2025-08-31,0,0.44594934582710266
CUS05501,2025-07-31,0,0.4459364116191864
CUS07211,2025-08-31,0,0.4459283947944641
CUS04072,2025-08-31,0,0.4459132254123688
CUS01621,2025-08-31,0,0.4458816945552826
CUS02156,2025-09-30,0,0.44586434960365295
CUS07709,2025-07-31,1,0.44583091139793396
CUS02078,2025-09-30,0,0.44582265615463257
CUS07259,2025-08-31,1,0.44581139087677
CUS06148,2025-09-30,0,0.4458081126213074
CUS01143,2025-08-31,1,0.44575661420822144
CUS06162,2025-08-31,1,0.4457273781299591
CUS07922,2025-09-30,1,0.4456327259540558
CUS04692,2025-07-31,0,0.4455345869064331
CUS06961,2025-08-31,0,0.44550392031669617
CUS01359,2025-07-31,1,0.44550302624702454
CUS01092,2025-08-31,0,0.44548484683036804
CUS04414,2025-08-31,1,0.44544756412506104
CUS02139,2025-07-31,0,0.4454224109649658
CUS01590,2025-08-31,0,0.4453980028629303
CUS03816,2025-09-30,1,0.445385605096817
CUS03837,2025-09-30,1,0.4453027546405792
CUS03686,2025-09-30,0,0.44530096650123596
CUS02526,2025-09-30,1,0.44529539346694946
CUS05830,2025-07-31,0,0.4452512860298157
CUS03305,2025-08-31,1,0.4452412724494934
CUS04918,2025-09-30,1,0.4451988637447357
CUS02166,2025-07-31,0,0.4451979100704193
CUS05989,2025-07-31,0,0.44510868191719055
CUS06490,2025-08-31,0,0.4451081156730652
CUS01818,2025-08-31,0,0.44510504603385925
CUS06663,2025-07-31,1,0.4450436532497406
CUS03856,2025-08-31,0,0.44502177834510803
CUS00379,2025-09-30,1,0.4449852406978607
CUS05151,2025-08-31,1,0.4449515640735626
CUS06826,2025-07-31,1,0.4449353516101837
CUS07307,2025-08-31,0,0.44489729404449463
CUS02851,2025-09-30,1,0.44484958052635193
CUS05512,2025-07-31,1,0.44484519958496094
CUS06202,2025-07-31,0,0.44476670026779175
CUS04351,2025-08-31,0,0.44470271468162537
CUS05139,2025-08-31,1,0.4446955919265747
CUS04926,2025-09-30,1,0.44469183683395386
CUS04929,2025-09-30,1,0.4446296989917755
CUS01333,2025-08-31,1,0.44462186098098755
CUS01137,2025-09-30,0,0.44455063343048096
CUS03923,2025-07-31,1,0.4444970488548279
CUS00655,2025-08-31,0,0.4444614052772522
CUS07847,2025-08-31,0,0.4444566071033478
CUS06305,2025-09-30,0,0.44441986083984375
CUS01545,2025-09-30,0,0.44432035088539124
CUS03264,2025-07-31,0,0.44430670142173767
CUS02697,2025-08-31,0,0.44429147243499756
CUS04497,2025-07-31,0,0.4442768394947052
CUS05591,2025-08-31,0,0.44424381852149963
CUS05458,2025-09-30,1,0.44417354464530945
CUS05573,2025-09-30,1,0.4441535472869873
CUS05910,2025-08-31,0,0.44414153695106506
CUS04656,2025-07-31,0,0.44412094354629517
CUS00827,2025-09-30,0,0.4440973997116089
CUS06572,2025-07-31,0,0.4440637230873108
CUS06202,2025-08-31,0,0.44406190514564514
CUS03709,2025-07-31,0,0.44404760003089905
CUS01705,2025-07-31,0,0.444037526845932
CUS00759,2025-09-30,1,0.44402700662612915
CUS02873,2025-09-30,1,0.4439643919467926
CUS03641,2025-08-31,0,0.4439520835876465
CUS07127,2025-07-31,1,0.4439263343811035
CUS05441,2025-07-31,0,0.44379839301109314
CUS03245,2025-07-31,0,0.4437846839427948
CUS00758,2025-07-31,0,0.44375449419021606
CUS07177,2025-08-31,0,0.4437301754951477
CUS02131,2025-07-31,0,0.4436975121498108
CUS07027,2025-07-31,1,0.44364503026008606
CUS03931,2025-08-31,1,0.44364264607429504
CUS02727,2025-07-31,0,0.44362106919288635
CUS02214,2025-08-31,1,0.4436187446117401
CUS02992,2025-08-31,0,0.44360077381134033
CUS06178,2025-07-31,0,0.44355547428131104
CUS01409,2025-08-31,0,0.4435466527938843
CUS04792,2025-07-31,0,0.4434642195701599
CUS05246,2025-08-31,0,0.44340649247169495
CUS02417,2025-07-31,0,0.4433993399143219
CUS06869,2025-08-31,0,0.4433964788913727
CUS03645,2025-09-30,0,0.44336575269699097
CUS06130,2025-07-31,0,0.44334787130355835
CUS06409,2025-09-30,1,0.4433307647705078
CUS06826,2025-08-31,0,0.4432618021965027
CUS00686,2025-09-30,1,0.44323229789733887
CUS04957,2025-07-31,0,0.4432257413864136
CUS06564,2025-07-31,0,0.4431837201118469
CUS02398,2025-09-30,0,0.4431774318218231
CUS04081,2025-08-31,1,0.44317492842674255
CUS07997,2025-07-31,0,0.4431736171245575
CUS00561,2025-07-31,1,0.4431660771369934
CUS01231,2025-07-31,1,0.44315528869628906
CUS06314,2025-08-31,1,0.443147748708725
CUS04918,2025-08-31,1,0.4431058168411255
CUS05316,2025-07-31,0,0.4430956542491913
CUS07946,2025-09-30,1,0.44306859374046326
CUS00973,2025-09-30,0,0.44306203722953796
CUS07259,2025-09-30,1,0.44306012988090515
CUS03967,2025-09-30,0,0.4430374801158905
CUS00998,2025-08-31,0,0.4430296719074249
CUS01150,2025-07-31,1,0.44302600622177124
CUS05592,2025-09-30,0,0.4430255889892578
CUS05453,2025-07-31,1,0.4430106282234192
CUS00763,2025-07-31,0,0.4429740309715271
CUS03891,2025-07-31,0,0.4429573714733124
CUS00141,2025-08-31,1,0.4429452419281006
CUS07601,2025-07-31,1,0.4429336190223694
CUS05011,2025-07-31,0,0.44290563464164734
CUS05022,2025-07-31,0,0.4428756535053253
CUS06895,2025-09-30,0,0.4428614377975464
CUS03298,2025-09-30,1,0.4427703619003296
CUS07579,2025-07-31,0,0.44273537397384644
CUS05756,2025-09-30,1,0.44271939992904663
CUS07983,2025-08-31,0,0.4426679015159607
CUS01840,2025-08-31,0,0.4426599442958832
CUS07078,2025-09-30,0,0.4426400661468506
CUS03896,2025-08-31,0,0.4426190257072449
CUS07240,2025-07-31,0,0.44253039360046387
CUS05402,2025-07-31,0,0.44249677658081055
CUS04924,2025-09-30,0,0.4424847364425659
CUS05901,2025-09-30,1,0.4424610137939453
CUS02483,2025-08-31,1,0.44244664907455444
CUS07211,2025-09-30,0,0.44244638085365295
CUS00992,2025-09-30,1,0.442440390586853
CUS04264,2025-08-31,0,0.44243040680885315
CUS00246,2025-07-31,0,0.44239822030067444
CUS02443,2025-07-31,0,0.44231826066970825
CUS03812,2025-09-30,0,0.4421748220920563
CUS07481,2025-07-31,0,0.44217172265052795
CUS00497,2025-08-31,0,0.4421601891517639
CUS06488,2025-08-31,0,0.4421253204345703
CUS02240,2025-09-30,0,0.4421245753765106
CUS06321,2025-07-31,0,0.4421115219593048
CUS06926,2025-07-31,0,0.4420565366744995
CUS02163,2025-08-31,1,0.4420489966869354
CUS04451,2025-09-30,0,0.4420202970504761
CUS02002,2025-09-30,1,0.4420170783996582
CUS02513,2025-09-30,0,0.44195982813835144
CUS00936,2025-07-31,0,0.44191083312034607
CUS00999,2025-08-31,0,0.44182881712913513
CUS05423,2025-08-31,0,0.4418282210826874
CUS04100,2025-08-31,0,0.441800981760025
CUS01017,2025-07-31,0,0.441800057888031
CUS06272,2025-09-30,1,0.4417806565761566
CUS05387,2025-08-31,1,0.44173920154571533
CUS00929,2025-08-31,0,0.4417114853858948
CUS01143,2025-07-31,1,0.4416797459125519
CUS00477,2025-09-30,0,0.4415181279182434
CUS01424,2025-09-30,1,0.4414936900138855
CUS00887,2025-09-30,1,0.44147542119026184
CUS05289,2025-08-31,0,0.4414699375629425
CUS02284,2025-09-30,1,0.44146645069122314
CUS01470,2025-08-31,1,0.4413551688194275
CUS05329,2025-09-30,0,0.4413105845451355
CUS05886,2025-07-31,0,0.4412957727909088
CUS01427,2025-08-31,1,0.44126641750335693
CUS06723,2025-07-31,1,0.441135048866272
CUS06284,2025-08-31,0,0.44112956523895264
CUS05536,2025-07-31,0,0.4410903751850128
CUS00415,2025-08-31,0,0.4410594701766968
CUS03312,2025-07-31,0,0.44105637073516846
CUS07658,2025-09-30,1,0.4410320520401001
CUS00729,2025-09-30,0,0.44101324677467346
CUS01807,2025-07-31,0,0.4409928321838379
CUS07108,2025-09-30,0,0.4409748315811157
CUS02643,2025-08-31,0,0.440947026014328
CUS00959,2025-09-30,0,0.4409273862838745
CUS07313,2025-07-31,0,0.4409075379371643
CUS06104,2025-09-30,0,0.44089704751968384
CUS00301,2025-09-30,1,0.44083431363105774
CUS00559,2025-09-30,1,0.44083279371261597
CUS00275,2025-09-30,0,0.44082584977149963
CUS02382,2025-07-31,1,0.4408055543899536
CUS05330,2025-08-31,0,0.44078516960144043
CUS04824,2025-08-31,0,0.44073203206062317
CUS00211,2025-07-31,0,0.4407215118408203
CUS00561,2025-08-31,0,0.4407072961330414
CUS00860,2025-07-31,1,0.44068852066993713
CUS04264,2025-07-31,0,0.4406610131263733
CUS07915,2025-09-30,0,0.44063904881477356
CUS05992,2025-09-30,0,0.44063323736190796
CUS02834,2025-08-31,0,0.4406273066997528
CUS02121,2025-08-31,1,0.4406149387359619
CUS03067,2025-07-31,0,0.4405873119831085
CUS06285,2025-08-31,0,0.4405357539653778
CUS06272,2025-08-31,1,0.44050902128219604
CUS05552,2025-09-30,0,0.4404999613761902
CUS01195,2025-09-30,0,0.44045892357826233
CUS03155,2025-09-30,0,0.4404493570327759
CUS07414,2025-07-31,0,0.44034963846206665
CUS05279,2025-07-31,1,0.4403167963027954
CUS05276,2025-07-31,0,0.4403069317340851
CUS03561,2025-08-31,1,0.4403038024902344
CUS07358,2025-08-31,0,0.4402706027030945
CUS04751,2025-08-31,0,0.440255731344223
CUS03466,2025-07-31,0,0.4402502179145813
CUS03084,2025-08-31,1,0.44024962186813354
CUS01683,2025-07-31,1,0.44020721316337585
CUS07261,2025-07-31,1,0.440182626247406
CUS00517,2025-09-30,0,0.44016462564468384
CUS06940,2025-08-31,0,0.4401179552078247
CUS02676,2025-09-30,0,0.44009414315223694
CUS07665,2025-09-30,0,0.4400824010372162
CUS07220,2025-09-30,1,0.4400728940963745
CUS04226,2025-09-30,0,0.4400494396686554
CUS04407,2025-09-30,1,0.4400397539138794
CUS07259,2025-07-31,1,0.4400128722190857
CUS05815,2025-08-31,0,0.43999895453453064
CUS05685,2025-08-31,1,0.43998247385025024
CUS00423,2025-08-31,0,0.43997734785079956
CUS02637,2025-07-31,0,0.4399612843990326
CUS05476,2025-07-31,0,0.43992188572883606
CUS06994,2025-08-31,0,0.4399207532405853
CUS06426,2025-08-31,0,0.43987390398979187
CUS03036,2025-08-31,0,0.43986812233924866
CUS01448,2025-09-30,1,0.43983718752861023
CUS03027,2025-09-30,0,0.4398144781589508
CUS06289,2025-08-31,0,0.43973028659820557
CUS05696,2025-08-31,1,0.43967404961586
CUS02351,2025-08-31,0,0.4396468698978424
CUS02170,2025-09-30,1,0.43964648246765137
CUS00684,2025-08-31,0,0.43961814045906067
CUS05883,2025-08-31,1,0.439576119184494
CUS00401,2025-08-31,0,0.43954649567604065
CUS05147,2025-07-31,0,0.4395267069339752
CUS05157,2025-07-31,0,0.4395081102848053
CUS04026,2025-09-30,0,0.43950772285461426
CUS05290,2025-08-31,0,0.43939408659935
CUS02106,2025-07-31,0,0.43938496708869934
CUS03885,2025-08-31,0,0.43932175636291504
CUS07496,2025-07-31,0,0.4393194019794464
CUS01969,2025-08-31,0,0.43924832344055176
CUS06741,2025-08-31,0,0.439243346452713
CUS00379,2025-07-31,0,0.4392258822917938
CUS02724,2025-09-30,0,0.43922334909439087
CUS07583,2025-08-31,0,0.43917131423950195
CUS01703,2025-07-31,0,0.43913885951042175
CUS01167,2025-07-31,0,0.43912971019744873
CUS00984,2025-09-30,1,0.43910935521125793
CUS03924,2025-09-30,1,0.4390932619571686
CUS03571,2025-08-31,0,0.4390548765659332
CUS02222,2025-09-30,1,0.4389996826648712
CUS02995,2025-08-31,0,0.43893399834632874
CUS05864,2025-07-31,0,0.4389268159866333
CUS00858,2025-08-31,1,0.4389079809188843
CUS02343,2025-07-31,0,0.4388706088066101
CUS02314,2025-09-30,0,0.4387778341770172
CUS02876,2025-08-31,0,0.4386763572692871
CUS01095,2025-09-30,1,0.43864744901657104
CUS02140,2025-09-30,0,0.4386026859283447
CUS07165,2025-09-30,0,0.4386003017425537
CUS00591,2025-07-31,0,0.4385738968849182
CUS07705,2025-09-30,1,0.43854233622550964
CUS04906,2025-09-30,0,0.43851882219314575
CUS03808,2025-07-31,1,0.4385157525539398
CUS06533,2025-09-30,0,0.4384990632534027
CUS00614,2025-07-31,0,0.438493013381958
CUS01077,2025-07-31,0,0.43846237659454346
CUS06055,2025-08-31,0,0.43845322728157043
CUS06516,2025-07-31,0,0.43842655420303345
CUS03089,2025-08-31,0,0.4384252727031708
CUS02109,2025-09-30,0,0.43840089440345764
CUS04465,2025-09-30,0,0.4383770525455475
CUS00633,2025-08-31,1,0.4383661448955536
CUS07131,2025-09-30,1,0.43834930658340454
CUS05512,2025-08-31,0,0.4383273422718048
CUS03426,2025-07-31,1,0.43830156326293945
CUS01137,2025-08-31,0,0.4382915198802948
CUS06615,2025-09-30,0,0.4382705092430115
CUS07905,2025-08-31,0,0.4382244348526001
CUS07379,2025-07-31,0,0.43820664286613464
CUS07095,2025-07-31,0,0.43818148970603943
CUS01649,2025-07-31,0,0.43816718459129333
CUS06188,2025-08-31,0,0.4381483495235443
CUS01814,2025-09-30,0,0.43810927867889404
CUS07898,2025-07-31,1,0.43809202313423157
CUS00331,2025-08-31,0,0.4380808174610138
CUS07456,2025-09-30,0,0.43804842233657837
CUS07806,2025-08-31,0,0.4380444884300232
CUS01653,2025-07-31,0,0.43800821900367737
CUS04284,2025-09-30,0,0.4379311501979828
CUS06416,2025-09-30,0,0.43790745735168457
CUS01024,2025-07-31,0,0.43790677189826965
CUS02303,2025-07-31,0,0.4378887116909027
CUS04756,2025-08-31,0,0.43788474798202515
CUS01545,2025-08-31,0,0.43785595893859863
CUS03011,2025-07-31,0,0.437730610370636
CUS02774,2025-08-31,0,0.43772614002227783
CUS05998,2025-07-31,0,0.4376833736896515
CUS02526,2025-08-31,1,0.43761131167411804
CUS00767,2025-07-31,1,0.43760716915130615
CUS01946,2025-07-31,0,0.4376026391983032
CUS00823,2025-07-31,1,0.4375549852848053
CUS07181,2025-09-30,0,0.4375098943710327
CUS07262,2025-09-30,0,0.4374666213989258
CUS00508,2025-09-30,0,0.43746644258499146
CUS03516,2025-09-30,0,0.43741846084594727
CUS04315,2025-08-31,1,0.43739691376686096
CUS04491,2025-07-31,0,0.4373413324356079
CUS02616,2025-08-31,0,0.43734031915664673
CUS06396,2025-08-31,0,0.43732568621635437
CUS03858,2025-08-31,0,0.4373190701007843
CUS00599,2025-08-31,0,0.4372949004173279
CUS02209,2025-07-31,0,0.437292218208313
CUS03925,2025-07-31,0,0.4372871518135071
CUS00108,2025-09-30,1,0.4372822642326355
CUS05066,2025-09-30,0,0.437265008687973
CUS02344,2025-08-31,1,0.4372398257255554
CUS00072,2025-09-30,0,0.4372335970401764
CUS07292,2025-09-30,0,0.4372323155403137
CUS03330,2025-08-31,0,0.4372086226940155
CUS07297,2025-08-31,0,0.43719857931137085
CUS07788,2025-08-31,0,0.4371565878391266
CUS07657,2025-08-31,0,0.4371321201324463
CUS00332,2025-07-31,0,0.4371051788330078
CUS03271,2025-09-30,1,0.4370809495449066
CUS03239,2025-09-30,0,0.4370690584182739
CUS02847,2025-08-31,0,0.43705809116363525
CUS03529,2025-09-30,0,0.43703722953796387
CUS02973,2025-07-31,0,0.43701836466789246
CUS03561,2025-07-31,1,0.4370083510875702
CUS03382,2025-09-30,1,0.43698590993881226
CUS05385,2025-07-31,0,0.4369695782661438
CUS00517,2025-08-31,0,0.4369540810585022
CUS01129,2025-08-31,0,0.4369410276412964
CUS02276,2025-08-31,0,0.43693265318870544
CUS00507,2025-07-31,0,0.4368988275527954
CUS01701,2025-08-31,1,0.43685898184776306
CUS04155,2025-07-31,0,0.43685388565063477
CUS03582,2025-09-30,0,0.43684303760528564
CUS03002,2025-09-30,0,0.436835914850235
CUS03700,2025-07-31,0,0.4368354082107544
CUS05259,2025-09-30,0,0.43683305382728577
CUS03295,2025-07-31,0,0.43677905201911926
CUS00459,2025-07-31,0,0.4367526173591614
CUS05754,2025-09-30,1,0.4367245137691498
CUS05594,2025-09-30,1,0.43672114610671997
CUS05491,2025-07-31,0,0.4367124140262604
CUS06066,2025-07-31,0,0.43670913577079773
CUS07479,2025-07-31,0,0.4366840124130249
CUS07658,2025-08-31,1,0.4366808235645294
CUS02861,2025-08-31,0,0.4366316795349121
CUS01340,2025-07-31,0,0.4366019070148468
CUS03820,2025-07-31,0,0.43658924102783203
CUS06939,2025-07-31,1,0.43656009435653687
CUS00705,2025-09-30,0,0.4365423321723938
CUS03431,2025-09-30,0,0.4365290701389313
CUS06326,2025-08-31,0,0.43650591373443604
CUS02545,2025-07-31,0,0.43644630908966064
CUS07422,2025-07-31,0,0.4364436864852905
CUS02068,2025-09-30,1,0.4364222288131714
CUS00923,2025-09-30,0,0.43637800216674805
CUS05801,2025-08-31,0,0.4363386034965515
CUS06103,2025-09-30,0,0.43632572889328003
CUS04462,2025-09-30,1,0.4362770617008209
CUS04275,2025-09-30,0,0.4361283481121063
CUS00519,2025-07-31,0,0.436033695936203
CUS05764,2025-09-30,1,0.4359956979751587
CUS02213,2025-09-30,0,0.4359666109085083
CUS05597,2025-07-31,0,0.43595877289772034
CUS07811,2025-07-31,0,0.43587735295295715
CUS02850,2025-08-31,0,0.43585067987442017
CUS06717,2025-07-31,0,0.43584465980529785
CUS04600,2025-09-30,1,0.435820072889328
CUS05904,2025-07-31,0,0.4357524812221527
CUS02523,2025-07-31,1,0.4357185661792755
CUS07601,2025-09-30,1,0.4357009530067444
CUS07425,2025-09-30,1,0.43570005893707275
CUS03773,2025-09-30,0,0.43566814064979553
CUS00905,2025-08-31,0,0.43566474318504333
CUS01727,2025-08-31,0,0.43558594584465027
CUS05267,2025-08-31,0,0.43557435274124146
CUS05354,2025-09-30,0,0.4355548620223999
CUS04859,2025-08-31,0,0.43555310368537903
CUS00597,2025-08-31,1,0.4354487359523773
CUS04401,2025-09-30,1,0.43544700741767883
CUS06725,2025-07-31,0,0.43541383743286133
CUS00945,2025-09-30,0,0.4353574216365814
CUS04255,2025-07-31,0,0.43535637855529785
CUS05477,2025-07-31,0,0.43533384799957275
CUS05787,2025-08-31,0,0.4353167712688446
CUS01406,2025-09-30,0,0.4352901875972748
CUS07918,2025-08-31,0,0.4352748394012451
CUS00966,2025-09-30,0,0.4352610111236572
CUS03169,2025-07-31,0,0.43524450063705444
CUS02517,2025-08-31,0,0.43519753217697144
CUS02597,2025-09-30,1,0.4351821541786194
CUS02803,2025-09-30,1,0.4351673424243927
CUS00757,2025-08-31,0,0.43515363335609436
CUS07788,2025-09-30,0,0.4351443648338318
CUS07819,2025-09-30,0,0.43512970209121704
CUS02739,2025-08-31,0,0.4351203739643097
CUS02322,2025-09-30,0,0.43507423996925354
CUS02081,2025-07-31,0,0.43503737449645996
CUS06805,2025-09-30,0,0.4350227117538452
CUS04040,2025-07-31,1,0.43500080704689026
CUS02469,2025-08-31,1,0.4349982440471649
CUS01851,2025-07-31,0,0.4349731206893921
CUS02202,2025-09-30,1,0.4349549114704132
CUS00950,2025-07-31,1,0.43494588136672974
CUS07715,2025-07-31,0,0.4349360466003418
CUS01601,2025-09-30,0,0.4349312484264374
CUS06704,2025-09-30,0,0.43492773175239563
CUS00344,2025-07-31,0,0.4349270164966583
CUS05182,2025-08-31,0,0.43488991260528564
CUS02397,2025-07-31,0,0.4348679482936859
CUS01425,2025-07-31,0,0.43485820293426514
CUS03130,2025-08-31,0,0.4348423480987549
CUS06116,2025-07-31,0,0.4348418116569519
CUS00322,2025-08-31,1,0.434836745262146
CUS02242,2025-07-31,0,0.43483665585517883
CUS02542,2025-07-31,0,0.43481746315956116
CUS02171,2025-07-31,0,0.4348120391368866
CUS07812,2025-08-31,0,0.43479907512664795
CUS03178,2025-09-30,0,0.43478676676750183
CUS01043,2025-09-30,1,0.43475139141082764
CUS03925,2025-08-31,0,0.43473148345947266
CUS06107,2025-09-30,0,0.4347265064716339
CUS05390,2025-07-31,0,0.4346742630004883
CUS01194,2025-08-31,1,0.4346520006656647
CUS05344,2025-09-30,0,0.43463969230651855
CUS00230,2025-07-31,0,0.434632271528244
CUS06850,2025-07-31,1,0.4345932602882385
CUS06660,2025-09-30,0,0.4345393180847168
CUS07009,2025-07-31,0,0.43447747826576233
CUS00867,2025-09-30,0,0.43447163701057434
CUS01532,2025-07-31,1,0.4344589412212372
CUS04504,2025-08-31,0,0.4344509243965149
CUS00350,2025-07-31,0,0.43444502353668213
CUS07331,2025-07-31,0,0.4344337284564972
CUS05064,2025-07-31,1,0.43440189957618713
CUS06426,2025-09-30,0,0.43435734510421753
CUS00844,2025-08-31,0,0.4343421459197998
CUS02496,2025-07-31,0,0.4343273639678955
CUS02333,2025-07-31,0,0.43432092666625977
CUS01647,2025-07-31,0,0.43427956104278564
CUS06994,2025-07-31,0,0.43423646688461304
CUS01727,2025-09-30,0,0.4342297613620758
CUS05289,2025-09-30,0,0.43417859077453613
CUS07900,2025-09-30,0,0.4341634213924408
CUS07921,2025-07-31,0,0.4341457784175873
CUS04835,2025-07-31,0,0.4341214597225189
CUS05989,2025-09-30,0,0.4340551197528839
CUS04929,2025-08-31,1,0.4340486228466034
CUS03173,2025-07-31,0,0.434025377035141
CUS03677,2025-07-31,0,0.433993935585022
CUS04284,2025-07-31,0,0.4339732825756073
CUS06611,2025-08-31,1,0.433952271938324
CUS02121,2025-07-31,1,0.4338791072368622
CUS01609,2025-09-30,1,0.433849036693573
CUS02202,2025-08-31,1,0.43382155895233154
CUS03759,2025-07-31,0,0.433797150850296
CUS00418,2025-09-30,0,0.4337741732597351
CUS04363,2025-07-31,0,0.4337495267391205
CUS03398,2025-07-31,0,0.4337361454963684
CUS00497,2025-09-30,0,0.4336738884449005
CUS03027,2025-08-31,0,0.4336669445037842
CUS02065,2025-08-31,1,0.43363937735557556
CUS07917,2025-09-30,0,0.43362799286842346
CUS01835,2025-08-31,1,0.4335933029651642
CUS00122,2025-09-30,1,0.43357449769973755
CUS04950,2025-08-31,1,0.43356049060821533
CUS01978,2025-09-30,0,0.43354272842407227
CUS05208,2025-09-30,0,0.4335402250289917
CUS04912,2025-09-30,0,0.43353986740112305
CUS07160,2025-08-31,0,0.43352892994880676
CUS07166,2025-07-31,0,0.4335116446018219
CUS01969,2025-07-31,0,0.43350303173065186
CUS07673,2025-07-31,1,0.43345555663108826
CUS07888,2025-07-31,1,0.43344274163246155
CUS00154,2025-07-31,1,0.43342024087905884
CUS06284,2025-09-30,0,0.4333767294883728
CUS06039,2025-08-31,0,0.43337324261665344
CUS04313,2025-09-30,0,0.43336060643196106
CUS01140,2025-07-31,0,0.43333888053894043
CUS07828,2025-09-30,1,0.4333229959011078
CUS02902,2025-09-30,0,0.4333116114139557
CUS01079,2025-09-30,1,0.4332863390445709
CUS04478,2025-08-31,0,0.4332703649997711
CUS06232,2025-08-31,0,0.4332522749900818
CUS03557,2025-09-30,1,0.43324199318885803
CUS01890,2025-07-31,0,0.4332135319709778
CUS06296,2025-09-30,1,0.4331895709037781
CUS02098,2025-07-31,0,0.43316590785980225
CUS03569,2025-09-30,0,0.433163046836853
CUS00350,2025-08-31,0,0.4331390857696533
CUS07601,2025-08-31,1,0.4330846071243286
CUS01733,2025-08-31,1,0.43306440114974976
CUS05689,2025-08-31,0,0.433062881231308
CUS06566,2025-09-30,0,0.4330570697784424
CUS06864,2025-08-31,0,0.4330137372016907
CUS07466,2025-09-30,0,0.43297910690307617
CUS00702,2025-09-30,0,0.4329710900783539
CUS06347,2025-07-31,1,0.4329502284526825
CUS07737,2025-08-31,0,0.4329433739185333
CUS05912,2025-09-30,1,0.4329339265823364
CUS01469,2025-07-31,1,0.43291929364204407
CUS01660,2025-09-30,0,0.4329054355621338
CUS02093,2025-08-31,1,0.43283703923225403
CUS05261,2025-08-31,0,0.43281200528144836
CUS05498,2025-08-31,0,0.43274205923080444
CUS05811,2025-09-30,0,0.43270358443260193
CUS05020,2025-07-31,0,0.4327000081539154
CUS04981,2025-09-30,0,0.4326934814453125
CUS04932,2025-07-31,0,0.43264684081077576
CUS02140,2025-08-31,0,0.43263399600982666
CUS02009,2025-09-30,0,0.432620108127594
CUS01081,2025-07-31,0,0.43260157108306885
CUS06865,2025-09-30,1,0.4325864315032959
CUS02050,2025-09-30,1,0.4325493276119232
CUS05163,2025-07-31,0,0.4325352609157562
CUS07561,2025-09-30,0,0.4325349032878876
CUS03084,2025-07-31,1,0.43251997232437134
CUS07435,2025-08-31,0,0.43251627683639526
CUS00272,2025-09-30,0,0.4325101971626282
CUS01835,2025-07-31,1,0.4324926733970642
CUS04633,2025-09-30,0,0.4324897825717926
CUS07178,2025-09-30,0,0.43248477578163147
CUS01418,2025-08-31,0,0.4323374032974243
CUS00798,2025-07-31,0,0.43233436346054077
CUS06968,2025-09-30,0,0.43232038617134094
CUS01895,2025-07-31,0,0.43231600522994995
CUS05800,2025-09-30,0,0.4323005974292755
CUS03455,2025-09-30,0,0.43223536014556885
CUS06557,2025-09-30,0,0.43221724033355713
CUS06496,2025-07-31,1,0.4321993291378021
CUS04291,2025-07-31,1,0.43219104409217834
CUS00392,2025-07-31,0,0.4321695864200592
CUS06259,2025-09-30,0,0.4320918023586273
CUS06770,2025-09-30,1,0.43208906054496765
CUS06165,2025-09-30,0,0.43208372592926025
CUS06178,2025-08-31,0,0.4320771098136902
CUS04882,2025-07-31,0,0.4320693016052246
CUS04255,2025-09-30,0,0.43206146359443665
CUS01563,2025-08-31,0,0.43202292919158936
CUS04192,2025-08-31,1,0.4319961369037628
CUS00289,2025-08-31,0,0.43198683857917786
CUS04657,2025-07-31,0,0.4319173991680145
CUS07034,2025-07-31,1,0.43190786242485046
CUS01858,2025-07-31,0,0.43190768361091614
CUS02837,2025-09-30,1,0.4318698048591614
CUS04533,2025-08-31,0,0.43186599016189575
CUS03793,2025-08-31,0,0.43181324005126953
CUS00334,2025-09-30,0,0.4317648112773895
CUS00848,2025-08-31,0,0.43173208832740784
CUS00929,2025-09-30,0,0.4316948652267456
CUS03427,2025-07-31,0,0.4316697120666504
CUS02200,2025-09-30,0,0.43164268136024475
CUS00453,2025-08-31,0,0.43162664771080017
CUS06165,2025-08-31,0,0.4316219091415405
CUS04446,2025-09-30,0,0.43156471848487854
CUS07564,2025-08-31,1,0.43154773116111755
CUS05440,2025-08-31,1,0.4315187633037567
CUS00231,2025-08-31,1,0.43150344491004944
CUS00555,2025-08-31,0,0.431464284658432
CUS04760,2025-07-31,0,0.43146249651908875
CUS03856,2025-07-31,0,0.43144911527633667
CUS01617,2025-07-31,0,0.43144768476486206
CUS00731,2025-07-31,0,0.4314172565937042
CUS06978,2025-07-31,0,0.43141111731529236
CUS03794,2025-09-30,1,0.43136507272720337
CUS00172,2025-08-31,1,0.43133991956710815
CUS02253,2025-09-30,0,0.43133029341697693
CUS04057,2025-09-30,0,0.4313075840473175
CUS01152,2025-08-31,1,0.4312877058982849
CUS04145,2025-08-31,0,0.43127337098121643
CUS04181,2025-07-31,0,0.43124905228614807
CUS07137,2025-09-30,0,0.4312284588813782
CUS03286,2025-09-30,1,0.431223601102829
CUS02438,2025-09-30,0,0.43122172355651855
CUS03570,2025-07-31,0,0.4312198758125305
CUS05645,2025-09-30,0,0.4312020540237427
CUS03859,2025-08-31,0,0.4311735928058624
CUS07063,2025-07-31,0,0.431106299161911
CUS00187,2025-07-31,0,0.43108946084976196
CUS01830,2025-08-31,1,0.4310872554779053
CUS04333,2025-08-31,1,0.4310601055622101
CUS00319,2025-08-31,0,0.43105900287628174
CUS03515,2025-09-30,0,0.4310079514980316
CUS00220,2025-07-31,0,0.430904358625412
CUS07640,2025-09-30,0,0.4308145046234131
CUS01580,2025-07-31,0,0.43079352378845215
CUS02382,2025-08-31,1,0.430757611989975
CUS06849,2025-07-31,0,0.43072399497032166
CUS07821,2025-07-31,1,0.43071579933166504
CUS06672,2025-09-30,0,0.43066874146461487
CUS04005,2025-09-30,1,0.430635005235672
CUS03064,2025-08-31,0,0.43062952160835266
CUS03051,2025-08-31,0,0.43058910965919495
CUS02481,2025-08-31,0,0.4305890202522278
CUS01868,2025-09-30,0,0.4305526912212372
CUS01816,2025-07-31,1,0.43050527572631836
CUS05268,2025-09-30,1,0.43050286173820496
CUS05600,2025-07-31,1,0.43048423528671265
CUS04100,2025-09-30,1,0.4304841458797455
CUS07608,2025-07-31,1,0.43044421076774597
CUS06555,2025-07-31,0,0.43044206500053406
CUS07609,2025-09-30,0,0.4304402470588684
CUS05310,2025-09-30,1,0.4304129481315613
CUS06632,2025-07-31,0,0.4303843379020691
CUS07499,2025-09-30,0,0.43034064769744873
CUS04872,2025-08-31,0,0.4303146004676819
CUS01584,2025-08-31,1,0.4302672743797302
CUS07120,2025-09-30,0,0.4301953613758087
CUS06073,2025-07-31,1,0.4301943778991699
CUS05182,2025-09-30,0,0.43016234040260315
CUS04431,2025-09-30,0,0.4301486313343048
CUS05321,2025-08-31,0,0.4301372170448303
CUS02469,2025-09-30,1,0.4301135540008545
CUS00902,2025-07-31,1,0.4301079213619232
CUS05744,2025-09-30,0,0.43010786175727844
CUS05529,2025-09-30,1,0.43009185791015625
CUS06794,2025-08-31,0,0.430085152387619
CUS07114,2025-09-30,0,0.4300217628479004
CUS03604,2025-09-30,0,0.4300185739994049
CUS05178,2025-09-30,0,0.4300166368484497
CUS06250,2025-09-30,0,0.4300002455711365
CUS03968,2025-07-31,0,0.4299994111061096
CUS04649,2025-09-30,0,0.42995336651802063
CUS03349,2025-07-31,0,0.42994487285614014
CUS02352,2025-07-31,1,0.42994239926338196
CUS00202,2025-07-31,0,0.42991533875465393
CUS04199,2025-08-31,0,0.4299112856388092
CUS07264,2025-08-31,1,0.4299049377441406
CUS03263,2025-07-31,0,0.4298817813396454
CUS06750,2025-08-31,1,0.42986348271369934
CUS07505,2025-08-31,1,0.4298460781574249
CUS05178,2025-08-31,0,0.42984336614608765
CUS01304,2025-09-30,0,0.4298431873321533
CUS01686,2025-07-31,1,0.4298422038555145
CUS07008,2025-08-31,0,0.42982977628707886
CUS02727,2025-08-31,0,0.4298107624053955
CUS01701,2025-09-30,1,0.42979004979133606
CUS04587,2025-08-31,1,0.429728239774704
CUS03744,2025-08-31,0,0.4297252893447876
CUS03646,2025-07-31,1,0.4297008514404297
CUS04315,2025-07-31,1,0.42968156933784485
CUS00044,2025-07-31,0,0.42968055605888367
CUS07793,2025-09-30,0,0.4296630024909973
CUS03420,2025-09-30,0,0.42963317036628723
CUS00079,2025-08-31,0,0.4296227693557739
CUS00365,2025-07-31,0,0.4296172261238098
CUS05586,2025-09-30,0,0.4295840561389923
CUS07761,2025-08-31,0,0.4295519292354584
CUS01966,2025-09-30,0,0.429545521736145
CUS01499,2025-09-30,0,0.42951005697250366
CUS07240,2025-08-31,0,0.4294942617416382
CUS01854,2025-09-30,0,0.429492324590683
CUS03091,2025-08-31,0,0.4294874966144562
CUS07245,2025-07-31,0,0.4294842481613159
CUS02022,2025-07-31,0,0.42945596575737
CUS03519,2025-09-30,1,0.4294555187225342
CUS03571,2025-09-30,0,0.42939555644989014
CUS02878,2025-08-31,1,0.4293893873691559
CUS05776,2025-09-30,1,0.429342120885849
CUS02385,2025-07-31,1,0.4293036162853241
CUS02170,2025-08-31,1,0.42925703525543213
CUS01049,2025-07-31,0,0.4292563498020172
CUS02489,2025-08-31,1,0.4292522966861725
CUS03509,2025-07-31,0,0.4292292892932892
CUS00562,2025-08-31,0,0.4291931688785553
CUS04425,2025-08-31,0,0.42919009923934937
CUS03936,2025-08-31,1,0.42917418479919434
CUS06972,2025-09-30,0,0.4291432499885559
CUS00785,2025-08-31,0,0.4291345179080963
CUS03233,2025-08-31,0,0.4291297495365143
CUS05051,2025-08-31,0,0.4290807843208313
CUS02545,2025-09-30,0,0.42907023429870605
CUS01107,2025-07-31,0,0.42905330657958984
CUS05801,2025-07-31,0,0.4290502071380615
CUS01858,2025-09-30,0,0.42904600501060486
CUS02350,2025-09-30,0,0.42902177572250366
CUS02630,2025-09-30,1,0.429012268781662
CUS03760,2025-08-31,0,0.4289743900299072
CUS04545,2025-08-31,0,0.4288904368877411
CUS03857,2025-07-31,0,0.42884930968284607
CUS03478,2025-09-30,0,0.42880484461784363
CUS03083,2025-07-31,0,0.42878177762031555
CUS02341,2025-08-31,0,0.42877084016799927
CUS05284,2025-09-30,0,0.4287630617618561
CUS06658,2025-07-31,0,0.4287618100643158
CUS06112,2025-07-31,1,0.4287407696247101
CUS00139,2025-09-30,0,0.42871180176734924
CUS07650,2025-09-30,0,0.4287112355232239
CUS05785,2025-07-31,0,0.42869171500205994
CUS05591,2025-07-31,0,0.42864006757736206
CUS04436,2025-08-31,1,0.42860618233680725
CUS01559,2025-09-30,0,0.42860135436058044
CUS01103,2025-09-30,0,0.4285982847213745
CUS02326,2025-09-30,0,0.4285956621170044
CUS04214,2025-07-31,0,0.428589403629303
CUS06209,2025-07-31,0,0.4285877048969269
CUS01914,2025-07-31,0,0.4285616874694824
CUS06817,2025-08-31,0,0.4285069406032562
CUS07968,2025-09-30,1,0.4285068213939667
CUS07753,2025-08-31,0,0.42847496271133423
CUS07132,2025-07-31,0,0.4284110963344574
CUS00968,2025-09-30,1,0.42840391397476196
CUS06723,2025-08-31,1,0.4284038245677948
CUS03183,2025-08-31,0,0.42838624119758606
CUS02063,2025-07-31,0,0.42837467789649963
CUS03329,2025-08-31,0,0.42828676104545593
CUS03682,2025-08-31,1,0.42825567722320557
CUS03808,2025-08-31,1,0.4281690716743469
CUS04824,2025-07-31,0,0.42815613746643066
CUS00467,2025-07-31,0,0.42815446853637695
CUS00291,2025-07-31,0,0.4281516671180725
CUS00141,2025-07-31,1,0.4281419813632965
CUS05291,2025-09-30,1,0.42813611030578613
CUS02240,2025-08-31,0,0.42813244462013245
CUS01295,2025-09-30,0,0.42811906337738037
CUS04084,2025-08-31,0,0.428108811378479
CUS05959,2025-07-31,0,0.4280880391597748
CUS03335,2025-09-30,0,0.4280756413936615
CUS02774,2025-09-30,0,0.4280596971511841
CUS00398,2025-09-30,1,0.4280313551425934
CUS00699,2025-09-30,0,0.42802637815475464
CUS05475,2025-08-31,0,0.4279274642467499
CUS02802,2025-09-30,0,0.42792269587516785
CUS05814,2025-07-31,0,0.427911639213562
CUS00899,2025-09-30,1,0.4278649091720581
CUS03674,2025-09-30,0,0.4278471767902374
CUS03180,2025-07-31,0,0.4278075695037842
CUS03925,2025-09-30,0,0.4278060793876648
CUS01733,2025-09-30,1,0.42780184745788574
CUS05640,2025-09-30,0,0.4277886152267456
CUS00959,2025-07-31,0,0.42778363823890686
CUS07031,2025-07-31,0,0.42772558331489563
CUS06255,2025-07-31,0,0.42771872878074646
CUS07351,2025-08-31,1,0.427710622549057
CUS01931,2025-07-31,0,0.42769545316696167
CUS03783,2025-08-31,0,0.42769140005111694
CUS05989,2025-08-31,0,0.42769038677215576
CUS00380,2025-07-31,1,0.4276901185512543
CUS05840,2025-08-31,0,0.4276896119117737
CUS07691,2025-07-31,0,0.4276527166366577
CUS00326,2025-09-30,0,0.4276527166366577
CUS05731,2025-09-30,0,0.4276418089866638
CUS05862,2025-09-30,0,0.4276040494441986
CUS05798,2025-08-31,0,0.42760366201400757
CUS07712,2025-09-30,0,0.42756280303001404
CUS02043,2025-07-31,1,0.4275394678115845
CUS05520,2025-09-30,0,0.4275343418121338
CUS03346,2025-08-31,0,0.4275320768356323
CUS03368,2025-09-30,0,0.4274754524230957
CUS03515,2025-07-31,0,0.42746129631996155
CUS06704,2025-08-31,0,0.4274524748325348
CUS01753,2025-08-31,0,0.42742764949798584
CUS00930,2025-09-30,1,0.4273788630962372
CUS06924,2025-08-31,0,0.42736494541168213
CUS06870,2025-07-31,0,0.42736315727233887
CUS00859,2025-08-31,1,0.42735084891319275
CUS07629,2025-09-30,0,0.4273006021976471
CUS03900,2025-07-31,0,0.4272770881652832
CUS02411,2025-07-31,0,0.4272654354572296
CUS01301,2025-09-30,0,0.42726489901542664
CUS02979,2025-08-31,0,0.427255243062973
CUS01922,2025-09-30,1,0.42721033096313477
CUS05088,2025-09-30,0,0.42718422412872314
CUS06696,2025-09-30,1,0.42714715003967285
CUS01130,2025-08-31,0,0.4271176755428314
CUS05578,2025-09-30,1,0.42711544036865234
CUS00879,2025-09-30,0,0.4270825982093811
CUS05104,2025-07-31,0,0.4270697236061096
CUS05731,2025-08-31,1,0.42703765630722046
CUS01041,2025-09-30,0,0.42702367901802063
CUS07095,2025-08-31,0,0.4270067512989044
CUS01427,2025-09-30,0,0.4269533157348633
CUS02301,2025-09-30,1,0.4269183874130249
CUS03350,2025-08-31,1,0.42691412568092346
CUS00857,2025-09-30,1,0.42688608169555664
CUS00643,2025-09-30,0,0.42688536643981934
CUS05640,2025-08-31,0,0.42685407400131226
CUS03631,2025-07-31,0,0.4268425703048706
CUS04587,2025-09-30,1,0.42683520913124084
CUS04102,2025-08-31,0,0.4268077611923218
CUS03625,2025-09-30,0,0.426786869764328
CUS03509,2025-08-31,0,0.4267605245113373
CUS02890,2025-07-31,0,0.4267396032810211
CUS02301,2025-08-31,1,0.4267352223396301
CUS00503,2025-07-31,0,0.426723450422287
CUS02002,2025-07-31,1,0.4266977906227112
CUS00292,2025-08-31,0,0.42663291096687317
CUS01278,2025-07-31,0,0.4266071319580078
CUS00072,2025-07-31,1,0.4266049861907959
CUS04789,2025-09-30,0,0.42660287022590637
CUS06493,2025-07-31,0,0.4265642464160919
CUS07211,2025-07-31,1,0.42642155289649963
CUS07483,2025-07-31,0,0.4263225793838501
CUS01922,2025-08-31,1,0.4263054132461548
CUS01340,2025-09-30,0,0.426288366317749
CUS04293,2025-07-31,0,0.426285982131958
CUS05571,2025-09-30,0,0.42624571919441223
CUS00273,2025-09-30,1,0.4262382686138153
CUS01098,2025-08-31,0,0.42620691657066345
CUS01011,2025-07-31,0,0.4261862635612488
CUS03036,2025-07-31,1,0.4261833727359772
CUS04567,2025-08-31,0,0.426178514957428
CUS00538,2025-07-31,0,0.4261448085308075
CUS00489,2025-07-31,0,0.4261339008808136
CUS01220,2025-08-31,1,0.42610448598861694
CUS01294,2025-07-31,0,0.42608439922332764
CUS05460,2025-09-30,0,0.4260798990726471
CUS03123,2025-08-31,0,0.42600682377815247
CUS03866,2025-08-31,0,0.4259983003139496
CUS05605,2025-07-31,0,0.42599549889564514
CUS03064,2025-07-31,0,0.42598676681518555
CUS05246,2025-09-30,0,0.425978422164917
CUS04973,2025-07-31,0,0.4259697198867798
CUS07147,2025-09-30,0,0.42596784234046936
CUS06257,2025-09-30,1,0.4259641766548157
CUS05180,2025-08-31,0,0.4259411692619324
CUS00981,2025-09-30,0,0.4259241223335266
CUS06021,2025-09-30,1,0.4259169399738312
CUS01823,2025-09-30,1,0.425876259803772
CUS06198,2025-09-30,0,0.42585036158561707
CUS03425,2025-08-31,1,0.42578810453414917
CUS04480,2025-07-31,0,0.42578354477882385
CUS02289,2025-08-31,0,0.42577239871025085
CUS04860,2025-09-30,0,0.4257492125034332
CUS02643,2025-07-31,0,0.42569130659103394
CUS06857,2025-07-31,1,0.4256836175918579
CUS07817,2025-07-31,1,0.42568346858024597
CUS04224,2025-08-31,1,0.42566636204719543
CUS06802,2025-08-31,0,0.4256480038166046
CUS04089,2025-09-30,0,0.4256386458873749
CUS05247,2025-07-31,1,0.42561233043670654
CUS04360,2025-08-31,0,0.4256058633327484
CUS07346,2025-09-30,0,0.4255961775779724
CUS02623,2025-09-30,0,0.42557433247566223
CUS03954,2025-07-31,1,0.42555248737335205
CUS06850,2025-08-31,0,0.42554521560668945
CUS01871,2025-09-30,0,0.4254840016365051
CUS01823,2025-08-31,1,0.42547115683555603
CUS02427,2025-09-30,0,0.42544689774513245
CUS00302,2025-08-31,0,0.4254443943500519
CUS04090,2025-08-31,0,0.42543426156044006
CUS06338,2025-09-30,0,0.425426185131073
CUS00042,2025-08-31,1,0.4254117012023926
CUS04190,2025-09-30,0,0.42538660764694214
CUS05695,2025-07-31,0,0.4253588914871216
CUS05241,2025-07-31,0,0.42533430457115173
CUS00842,2025-09-30,1,0.4253264367580414
CUS03885,2025-09-30,0,0.4253259301185608
CUS07193,2025-08-31,1,0.4253162741661072
CUS04584,2025-07-31,0,0.42531368136405945
CUS01813,2025-09-30,0,0.42528656125068665
CUS06365,2025-08-31,0,0.42526426911354065
CUS06436,2025-08-31,0,0.42526304721832275
CUS02197,2025-07-31,1,0.425237774848938
CUS03103,2025-08-31,1,0.42520779371261597
CUS00143,2025-08-31,0,0.42519623041152954
CUS05384,2025-09-30,0,0.42518192529678345
CUS05480,2025-09-30,0,0.4251706302165985
CUS04231,2025-08-31,0,0.42516544461250305
CUS03288,2025-07-31,0,0.42502889037132263
CUS04354,2025-09-30,1,0.4250110983848572
CUS01391,2025-07-31,1,0.4249892234802246
CUS05027,2025-07-31,0,0.42498451471328735
CUS02324,2025-09-30,1,0.42494481801986694
CUS00738,2025-09-30,0,0.42492517828941345
CUS07847,2025-07-31,0,0.42491650581359863
CUS00608,2025-08-31,0,0.4249078035354614
CUS05669,2025-09-30,0,0.42490431666374207
CUS05855,2025-08-31,0,0.4248872399330139
CUS01835,2025-09-30,1,0.42487940192222595
CUS02638,2025-09-30,0,0.42486345767974854
CUS04107,2025-07-31,0,0.4248567521572113
CUS01343,2025-08-31,1,0.4248459041118622
CUS01128,2025-07-31,0,0.4248180389404297
CUS01514,2025-07-31,1,0.42481544613838196
CUS07307,2025-07-31,0,0.4248028099536896
CUS05530,2025-08-31,1,0.42479023337364197
CUS02075,2025-09-30,1,0.4247875213623047
CUS04787,2025-08-31,0,0.4247758686542511
CUS04397,2025-09-30,1,0.4247485101222992
CUS06522,2025-08-31,0,0.4247261881828308
CUS06565,2025-08-31,0,0.42472389340400696
CUS06996,2025-07-31,1,0.4247133135795593
CUS04716,2025-09-30,0,0.42470651865005493
CUS02932,2025-08-31,0,0.42463207244873047
CUS05310,2025-08-31,1,0.4246222972869873
CUS02719,2025-09-30,0,0.4245869219303131
CUS07819,2025-08-31,0,0.4245864450931549
CUS06476,2025-09-30,0,0.4245721101760864
CUS01866,2025-09-30,0,0.42455971240997314
CUS05139,2025-07-31,1,0.4245140850543976
CUS07255,2025-07-31,1,0.4245050251483917
CUS07399,2025-08-31,0,0.4244236648082733
CUS05180,2025-09-30,0,0.4243917167186737
CUS04611,2025-09-30,0,0.42438122630119324
CUS02898,2025-07-31,1,0.4243811070919037
CUS06105,2025-09-30,0,0.42438027262687683
CUS02170,2025-07-31,1,0.4243517816066742
CUS00182,2025-09-30,1,0.42432403564453125
CUS04869,2025-08-31,1,0.42432165145874023
CUS02873,2025-08-31,1,0.4242936968803406
CUS03495,2025-08-31,1,0.42422541975975037
CUS04895,2025-07-31,1,0.4242127239704132
CUS05811,2025-08-31,1,0.4242020845413208
CUS05828,2025-08-31,0,0.4241972267627716
CUS06981,2025-08-31,0,0.42419400811195374
CUS00699,2025-08-31,0,0.42418724298477173
CUS02721,2025-08-31,0,0.4241490662097931
CUS04547,2025-07-31,0,0.42413806915283203
CUS02429,2025-08-31,1,0.4241198003292084
CUS06685,2025-09-30,1,0.42405959963798523
CUS03735,2025-07-31,0,0.42402926087379456
CUS01868,2025-08-31,0,0.4239763915538788
CUS04776,2025-08-31,0,0.423878014087677
CUS06278,2025-08-31,1,0.42387455701828003
CUS03348,2025-09-30,0,0.4238683879375458
CUS05674,2025-07-31,0,0.4237547218799591
CUS00074,2025-07-31,0,0.4237465262413025
CUS03744,2025-07-31,1,0.4237375259399414
CUS03569,2025-08-31,0,0.4237242639064789
CUS00273,2025-08-31,1,0.4237195551395416
CUS02086,2025-08-31,1,0.4236603081226349
CUS05477,2025-09-30,0,0.42365020513534546
CUS01104,2025-09-30,0,0.423640638589859
CUS04194,2025-08-31,0,0.4235879182815552
CUS03557,2025-08-31,1,0.42356234788894653
CUS04300,2025-08-31,0,0.4235348701477051
CUS00921,2025-08-31,0,0.4235261380672455
CUS05938,2025-07-31,0,0.4234899878501892
CUS00638,2025-07-31,1,0.42347219586372375
CUS04306,2025-07-31,0,0.4234163463115692
CUS07994,2025-07-31,0,0.42336830496788025
CUS07255,2025-08-31,0,0.4233130216598511
CUS02717,2025-08-31,0,0.42328834533691406
CUS00353,2025-07-31,0,0.4232746660709381
CUS03642,2025-08-31,0,0.423272967338562
CUS02721,2025-07-31,0,0.4232717752456665
CUS05251,2025-09-30,1,0.4232596158981323
CUS04633,2025-08-31,0,0.4232584238052368
CUS07905,2025-07-31,0,0.4232510030269623
CUS01253,2025-09-30,0,0.42323485016822815
CUS01559,2025-08-31,0,0.42323100566864014
CUS04610,2025-07-31,0,0.4232184886932373
CUS02345,2025-08-31,0,0.4232061505317688
CUS06093,2025-09-30,1,0.4231989085674286
CUS02352,2025-08-31,1,0.42314842343330383
CUS04792,2025-08-31,0,0.42314672470092773
CUS03174,2025-08-31,0,0.4231427013874054
CUS06954,2025-08-31,0,0.4231235980987549
CUS02298,2025-09-30,0,0.4231146275997162
CUS00743,2025-09-30,0,0.42309319972991943
CUS01272,2025-07-31,0,0.4230893552303314
CUS02086,2025-09-30,0,0.4230665862560272
CUS03679,2025-07-31,1,0.4230610132217407
CUS05098,2025-08-31,0,0.4230167269706726
CUS04604,2025-07-31,0,0.422999769449234
CUS05180,2025-07-31,0,0.42299774289131165
CUS00660,2025-08-31,0,0.42299360036849976
CUS03932,2025-07-31,0,0.4229864776134491
CUS01459,2025-07-31,1,0.42294788360595703
CUS04783,2025-08-31,0,0.42292845249176025
CUS01801,2025-07-31,0,0.42289361357688904
CUS06811,2025-07-31,0,0.42287787795066833
CUS03075,2025-09-30,0,0.42287203669548035
CUS07642,2025-07-31,0,0.42285194993019104
CUS03882,2025-07-31,0,0.4228146970272064
CUS06685,2025-08-31,1,0.42280393838882446
CUS04601,2025-07-31,1,0.4227650761604309
CUS04038,2025-09-30,0,0.4227519631385803
CUS01068,2025-08-31,0,0.42274343967437744
CUS03617,2025-07-31,0,0.42272964119911194
CUS05640,2025-07-31,1,0.42263728380203247
CUS01795,2025-09-30,0,0.4226318299770355
CUS05368,2025-08-31,0,0.4226192235946655
CUS01737,2025-07-31,0,0.4226160943508148
CUS00785,2025-07-31,1,0.4226107597351074
CUS04386,2025-09-30,1,0.42258304357528687
CUS07997,2025-09-30,0,0.4225521385669708
CUS06304,2025-09-30,0,0.42255014181137085
CUS05237,2025-08-31,0,0.4225339889526367
CUS00222,2025-08-31,0,0.4225040674209595
CUS01332,2025-09-30,1,0.42248234152793884
CUS01446,2025-09-30,1,0.42247462272644043
CUS00785,2025-09-30,0,0.42246684432029724
CUS03386,2025-08-31,0,0.4224188029766083
CUS03137,2025-09-30,1,0.42240267992019653
CUS02995,2025-07-31,0,0.42239630222320557
CUS00909,2025-09-30,1,0.42235589027404785
CUS04214,2025-09-30,1,0.42235320806503296
CUS05620,2025-09-30,1,0.4223143458366394
CUS07622,2025-09-30,0,0.42230212688446045
CUS07502,2025-09-30,0,0.42224687337875366
CUS01047,2025-07-31,0,0.4221915006637573
CUS01242,2025-09-30,0,0.4221750497817993
CUS04812,2025-08-31,1,0.42216119170188904
CUS00437,2025-08-31,1,0.4221561849117279
CUS07342,2025-09-30,0,0.42214733362197876
CUS05352,2025-07-31,1,0.4221470057964325
CUS04846,2025-07-31,1,0.4221422076225281
CUS00834,2025-09-30,0,0.4221196472644806
CUS03351,2025-09-30,0,0.4220917224884033
CUS05548,2025-07-31,1,0.422078013420105
CUS04380,2025-08-31,0,0.42202943563461304
CUS01869,2025-07-31,0,0.4220256507396698
CUS05561,2025-07-31,0,0.42200803756713867
CUS06880,2025-09-30,0,0.42197906970977783
CUS06143,2025-07-31,0,0.42194846272468567
CUS02796,2025-07-31,1,0.42194026708602905
CUS02052,2025-07-31,0,0.4219319224357605
CUS07030,2025-08-31,0,0.4219249188899994
CUS03063,2025-09-30,0,0.42189711332321167
CUS07365,2025-08-31,0,0.42186087369918823
CUS00917,2025-08-31,1,0.4218454658985138
CUS03893,2025-09-30,0,0.4218396246433258
CUS05862,2025-07-31,0,0.42183855175971985
CUS02524,2025-08-31,0,0.4218099117279053
CUS00830,2025-07-31,1,0.42180636525154114
CUS02076,2025-08-31,0,0.42175912857055664
CUS02075,2025-07-31,1,0.4217572808265686
CUS01378,2025-08-31,1,0.4217071831226349
CUS02489,2025-09-30,1,0.42170602083206177
CUS00660,2025-07-31,0,0.42167776823043823
CUS03493,2025-07-31,1,0.4216770827770233
CUS01730,2025-08-31,0,0.42158669233322144
CUS00356,2025-09-30,1,0.42158108949661255
CUS05070,2025-09-30,0,0.4215521514415741
CUS06647,2025-09-30,1,0.421491801738739
CUS01770,2025-09-30,0,0.4214910566806793
CUS07994,2025-08-31,0,0.42148861289024353
CUS07399,2025-07-31,0,0.42145609855651855
CUS06215,2025-08-31,1,0.4214060306549072
CUS06737,2025-08-31,0,0.42138510942459106
CUS01647,2025-08-31,1,0.421383261680603
CUS07165,2025-08-31,0,0.42138028144836426
CUS07620,2025-09-30,0,0.42137226462364197
CUS01773,2025-09-30,0,0.42136725783348083
CUS01671,2025-07-31,0,0.4213380813598633
CUS02561,2025-08-31,0,0.4213263690471649
CUS00365,2025-09-30,0,0.4213216304779053
CUS00758,2025-09-30,0,0.4213186800479889
CUS02489,2025-07-31,1,0.4212164878845215
CUS07737,2025-09-30,0,0.4212018549442291
CUS05838,2025-08-31,0,0.4211406111717224
CUS03990,2025-08-31,1,0.4210931360721588
CUS05600,2025-08-31,0,0.4210023283958435
CUS02950,2025-07-31,0,0.42100173234939575
CUS00272,2025-08-31,0,0.42098671197891235
CUS05882,2025-09-30,1,0.4209749102592468
CUS06012,2025-08-31,0,0.42094334959983826
CUS06417,2025-08-31,0,0.4209427535533905
CUS03592,2025-08-31,0,0.4209412932395935
CUS05760,2025-07-31,0,0.42092350125312805
CUS00154,2025-08-31,0,0.4209180176258087
CUS03582,2025-08-31,0,0.42091530561447144
CUS02593,2025-07-31,1,0.42087817192077637
CUS05706,2025-07-31,1,0.420854389667511
CUS04869,2025-09-30,1,0.42083144187927246
CUS05700,2025-09-30,0,0.42081141471862793
CUS06730,2025-08-31,0,0.4207595884799957
CUS06905,2025-08-31,0,0.4207395315170288
CUS05764,2025-07-31,1,0.42072632908821106
CUS05048,2025-08-31,0,0.4207236170768738
CUS01574,2025-07-31,0,0.42070472240448
CUS04783,2025-09-30,0,0.42066261172294617
CUS06750,2025-07-31,1,0.42065128684043884
CUS01295,2025-07-31,1,0.4205595552921295
CUS04715,2025-07-31,0,0.42053890228271484
CUS05502,2025-09-30,1,0.4205258786678314
CUS03108,2025-07-31,0,0.42050620913505554
CUS01402,2025-07-31,1,0.42048540711402893
CUS01360,2025-09-30,1,0.4204655885696411
CUS03765,2025-09-30,0,0.42043495178222656
CUS06522,2025-07-31,0,0.4204275608062744
CUS02282,2025-09-30,1,0.42038989067077637
CUS05798,2025-09-30,0,0.42036890983581543
CUS07499,2025-08-31,0,0.4203617572784424
CUS02971,2025-09-30,0,0.4203612506389618
CUS01866,2025-07-31,0,0.4203563928604126
CUS07514,2025-08-31,0,0.42032724618911743
CUS06858,2025-07-31,0,0.42032113671302795
CUS07844,2025-09-30,0,0.42031532526016235
CUS03422,2025-09-30,1,0.4203140139579773
CUS02326,2025-08-31,0,0.420300155878067
CUS02593,2025-08-31,1,0.42029550671577454
CUS03760,2025-07-31,0,0.4202888309955597
CUS00294,2025-08-31,0,0.42025846242904663
CUS02444,2025-08-31,0,0.42024341225624084
CUS05028,2025-09-30,0,0.4202379286289215
CUS03706,2025-09-30,0,0.4202308654785156
CUS01129,2025-09-30,0,0.42019006609916687
CUS02108,2025-07-31,0,0.42018765211105347
CUS05529,2025-08-31,1,0.4200417399406433
CUS05957,2025-07-31,0,0.420040100812912
CUS04787,2025-09-30,0,0.42003995180130005
CUS04227,2025-09-30,0,0.4199948310852051
CUS03890,2025-09-30,1,0.4199787378311157
CUS03162,2025-09-30,0,0.41989853978157043
CUS07572,2025-07-31,1,0.4198703467845917
CUS04912,2025-08-31,0,0.41985732316970825
CUS07809,2025-08-31,0,0.41985058784484863
CUS04773,2025-07-31,1,0.41972991824150085
CUS02638,2025-08-31,1,0.4197022020816803
CUS03261,2025-07-31,0,0.41970109939575195
CUS02341,2025-07-31,0,0.4196661412715912
CUS01426,2025-07-31,0,0.41966307163238525
CUS02311,2025-08-31,0,0.41962578892707825
CUS04482,2025-09-30,0,0.4195641577243805
CUS04756,2025-07-31,0,0.41955170035362244
CUS00668,2025-09-30,0,0.41953322291374207
CUS01082,2025-07-31,1,0.4195012152194977
CUS01920,2025-09-30,0,0.4194864332675934
CUS05166,2025-07-31,0,0.4194710850715637
CUS02697,2025-07-31,0,0.41946303844451904
CUS05445,2025-08-31,1,0.4194256067276001
CUS04031,2025-09-30,1,0.41942062973976135
CUS00293,2025-08-31,0,0.41941866278648376
CUS00990,2025-08-31,0,0.4194115996360779
CUS01096,2025-08-31,0,0.4194103479385376
CUS06184,2025-09-30,0,0.41940128803253174
CUS00507,2025-08-31,0,0.4193638563156128
CUS03142,2025-07-31,0,0.41933420300483704
CUS04622,2025-09-30,0,0.419331431388855
CUS07805,2025-08-31,0,0.4193158447742462
CUS07778,2025-09-30,1,0.4192849099636078
CUS02222,2025-08-31,1,0.4192831516265869
CUS01144,2025-09-30,0,0.41925492882728577
CUS04226,2025-08-31,1,0.4191977381706238
CUS02879,2025-07-31,0,0.41918882727622986
CUS05733,2025-08-31,1,0.41913649439811707
CUS03585,2025-09-30,0,0.4191288650035858
CUS00225,2025-08-31,0,0.41906672716140747
CUS00015,2025-09-30,0,0.4190564453601837
CUS00726,2025-09-30,0,0.4190547466278076
CUS06657,2025-09-30,0,0.4190511703491211
CUS02481,2025-09-30,0,0.41901716589927673
CUS01130,2025-07-31,0,0.41898149251937866
CUS03079,2025-07-31,0,0.4189772307872772
CUS07061,2025-07-31,0,0.41896602511405945
CUS02972,2025-09-30,1,0.41896387934684753
CUS04431,2025-08-31,0,0.41895872354507446
CUS05452,2025-07-31,0,0.4189564287662506
CUS03863,2025-07-31,0,0.4189295172691345
CUS02513,2025-08-31,0,0.4189263582229614
CUS01742,2025-09-30,0,0.4189024865627289
CUS01855,2025-07-31,0,0.41889479756355286
CUS04948,2025-07-31,0,0.4188932180404663
CUS04895,2025-08-31,1,0.41882485151290894
CUS04286,2025-07-31,1,0.41882479190826416
CUS01923,2025-09-30,0,0.41882267594337463
CUS01563,2025-07-31,0,0.41881299018859863
CUS06228,2025-07-31,0,0.41874465346336365
CUS07031,2025-08-31,0,0.41867804527282715
CUS03783,2025-09-30,0,0.4186568856239319
CUS07688,2025-07-31,1,0.4186514914035797
CUS04802,2025-09-30,0,0.4186481237411499
CUS00143,2025-07-31,0,0.418641597032547
CUS07530,2025-08-31,0,0.4185802936553955
CUS00084,2025-08-31,0,0.4185737371444702
CUS01653,2025-08-31,0,0.41856062412261963
CUS00541,2025-09-30,0,0.41850969195365906
CUS07922,2025-08-31,1,0.418449342250824
CUS07567,2025-07-31,0,0.4183676540851593
CUS02020,2025-09-30,0,0.41835907101631165
CUS05099,2025-07-31,0,0.4183577299118042
CUS07415,2025-08-31,0,0.41834086179733276
CUS06176,2025-09-30,0,0.41829055547714233
CUS00294,2025-09-30,0,0.4181865453720093
CUS00917,2025-09-30,1,0.4181830585002899
CUS05862,2025-08-31,0,0.41817158460617065
CUS01673,2025-08-31,0,0.41814184188842773
CUS04095,2025-07-31,0,0.4181255102157593
CUS04255,2025-08-31,0,0.418120414018631
CUS00887,2025-08-31,1,0.4181181788444519
CUS07827,2025-08-31,0,0.4181062877178192
CUS01919,2025-07-31,0,0.41808512806892395
CUS07446,2025-07-31,0,0.4180731773376465
CUS03615,2025-09-30,0,0.41805824637413025
CUS05098,2025-07-31,0,0.41802358627319336
CUS01794,2025-09-30,0,0.4180004596710205
CUS06417,2025-07-31,0,0.4179336130619049
CUS05966,2025-07-31,0,0.41790229082107544
CUS06417,2025-09-30,0,0.41789931058883667
CUS05691,2025-09-30,1,0.41789600253105164
CUS01811,2025-09-30,1,0.417892724275589
CUS02847,2025-09-30,0,0.41788604855537415
CUS05661,2025-08-31,1,0.41782695055007935
CUS01646,2025-07-31,0,0.417819082736969
CUS06448,2025-07-31,0,0.417814165353775
CUS06396,2025-09-30,0,0.417777419090271
CUS05000,2025-09-30,1,0.4177478849887848
CUS00678,2025-08-31,1,0.417730450630188
CUS06811,2025-08-31,0,0.4177263379096985
CUS05819,2025-09-30,1,0.4176759123802185
CUS01285,2025-08-31,0,0.41766804456710815
CUS03840,2025-09-30,1,0.41765129566192627
CUS04068,2025-09-30,0,0.41763681173324585
CUS05219,2025-08-31,0,0.41761186718940735
CUS07709,2025-08-31,1,0.41760531067848206
CUS00185,2025-09-30,0,0.41755449771881104
CUS00072,2025-08-31,1,0.41754910349845886
CUS04231,2025-09-30,0,0.4175216257572174
CUS07369,2025-09-30,0,0.4174828827381134
CUS01630,2025-08-31,0,0.41742345690727234
CUS04587,2025-07-31,1,0.41736188530921936
CUS00548,2025-07-31,0,0.41735610365867615
CUS03498,2025-08-31,0,0.4173504412174225
CUS05391,2025-09-30,1,0.41734105348587036
CUS06340,2025-08-31,0,0.41733983159065247
CUS05840,2025-09-30,0,0.4173324704170227
CUS03975,2025-09-30,0,0.4173204302787781
CUS05126,2025-07-31,0,0.41728273034095764
CUS06084,2025-07-31,0,0.4172655940055847
CUS06827,2025-09-30,0,0.41724029183387756
CUS07177,2025-07-31,0,0.4172152280807495
CUS03815,2025-08-31,1,0.41720420122146606
CUS07862,2025-09-30,0,0.41713905334472656
CUS00358,2025-07-31,0,0.41712743043899536
CUS03975,2025-08-31,0,0.41707465052604675
CUS04477,2025-07-31,0,0.4170706570148468
CUS07018,2025-08-31,0,0.41706782579421997
CUS07059,2025-07-31,0,0.4170595109462738
CUS05569,2025-07-31,1,0.4169486463069916
CUS01884,2025-08-31,0,0.41694018244743347
CUS05430,2025-09-30,0,0.4169256389141083
CUS02409,2025-08-31,0,0.41686758399009705
CUS04209,2025-07-31,0,0.416836678981781
CUS05219,2025-07-31,0,0.4168202579021454
CUS01840,2025-09-30,0,0.41681861877441406
CUS05246,2025-07-31,1,0.41680315136909485
CUS00968,2025-08-31,1,0.41678664088249207
CUS00905,2025-07-31,0,0.41668400168418884
CUS03882,2025-08-31,0,0.4166780710220337
CUS00993,2025-08-31,0,0.4166736602783203
CUS00305,2025-07-31,1,0.41665178537368774
CUS01743,2025-08-31,0,0.4166504144668579
CUS03920,2025-07-31,1,0.41664642095565796
CUS00945,2025-07-31,0,0.4166158139705658
CUS07383,2025-09-30,1,0.41658297181129456
CUS03556,2025-09-30,0,0.4165773391723633
CUS03462,2025-08-31,1,0.4165745675563812
CUS06370,2025-08-31,0,0.4165613651275635
CUS02696,2025-08-31,0,0.4165547490119934
CUS03348,2025-07-31,0,0.41651520133018494
CUS06819,2025-08-31,1,0.4164523184299469
CUS01838,2025-07-31,1,0.4164506196975708
CUS07979,2025-08-31,0,0.41643235087394714
CUS06278,2025-09-30,0,0.416431188583374
CUS07880,2025-07-31,1,0.41641971468925476
CUS01001,2025-08-31,0,0.4164038896560669
CUS06035,2025-07-31,0,0.41631436347961426
CUS06059,2025-09-30,0,0.4162542223930359
CUS07193,2025-07-31,1,0.4162489175796509
CUS05182,2025-07-31,0,0.41623613238334656
CUS03104,2025-07-31,1,0.41619959473609924
CUS02521,2025-07-31,0,0.41619399189949036
CUS05329,2025-08-31,0,0.4161840081214905
CUS01267,2025-07-31,0,0.41617003083229065
CUS06436,2025-07-31,0,0.4161398708820343
CUS07976,2025-09-30,0,0.4160676598548889
CUS00391,2025-08-31,0,0.416061133146286
CUS07012,2025-07-31,0,0.41606056690216064
CUS06878,2025-09-30,0,0.41605520248413086
CUS05128,2025-08-31,0,0.4160490036010742
CUS05842,2025-08-31,0,0.4159848093986511
CUS00657,2025-07-31,0,0.41598132252693176
CUS02878,2025-07-31,1,0.41595888137817383
CUS03137,2025-08-31,1,0.4159303605556488
CUS06037,2025-07-31,0,0.4159111976623535
CUS00764,2025-09-30,0,0.41580936312675476
CUS00595,2025-07-31,0,0.4157885015010834
CUS04035,2025-09-30,0,0.4157852530479431
CUS03238,2025-08-31,1,0.4157785475254059
CUS04400,2025-09-30,0,0.4157664179801941
CUS06250,2025-08-31,1,0.41576051712036133
CUS06791,2025-07-31,0,0.41574934124946594
CUS03905,2025-09-30,0,0.415683388710022
CUS02616,2025-07-31,0,0.41566962003707886
CUS03599,2025-07-31,0,0.41566529870033264
CUS05631,2025-07-31,1,0.415634423494339
CUS07925,2025-08-31,0,0.4156244397163391
CUS06176,2025-07-31,0,0.41561734676361084
CUS00921,2025-07-31,0,0.4156149625778198
CUS02698,2025-07-31,0,0.41560834646224976
CUS06087,2025-09-30,0,0.41557469964027405
CUS06864,2025-09-30,0,0.415548175573349
CUS05423,2025-07-31,0,0.4155208468437195
CUS05344,2025-08-31,0,0.41551923751831055
CUS00643,2025-08-31,1,0.41550877690315247
CUS07087,2025-07-31,0,0.4155057668685913
CUS03095,2025-08-31,0,0.41547080874443054
CUS05564,2025-08-31,0,0.41543927788734436
CUS03065,2025-09-30,0,0.41542503237724304
CUS02802,2025-08-31,0,0.41540664434432983
CUS06880,2025-08-31,0,0.41538795828819275
CUS01958,2025-09-30,0,0.4153800308704376
CUS01621,2025-07-31,0,0.415374755859375
CUS05536,2025-09-30,0,0.4153556823730469
CUS05751,2025-09-30,0,0.4153551161289215
CUS02870,2025-09-30,1,0.41533413529396057
CUS00519,2025-09-30,0,0.41529420018196106
CUS06869,2025-07-31,0,0.41527730226516724
CUS02409,2025-07-31,0,0.41525623202323914
CUS07299,2025-07-31,1,0.41522812843322754
CUS04706,2025-07-31,0,0.4152147173881531
CUS06625,2025-08-31,0,0.41520601511001587
CUS02150,2025-09-30,0,0.41517576575279236
CUS01881,2025-08-31,1,0.4151748716831207
CUS03493,2025-09-30,0,0.41516992449760437
CUS05792,2025-08-31,0,0.4151564836502075
CUS04089,2025-08-31,0,0.4151536524295807
CUS00083,2025-08-31,0,0.41513630747795105
CUS06103,2025-07-31,0,0.41513293981552124
CUS02213,2025-08-31,0,0.415116548538208
CUS02676,2025-08-31,0,0.41507789492607117
CUS06849,2025-09-30,0,0.41506919264793396
CUS02933,2025-07-31,0,0.4150630235671997
CUS06597,2025-08-31,1,0.4150429368019104
CUS05109,2025-08-31,0,0.4150093197822571
CUS07166,2025-08-31,0,0.41500434279441833
CUS03090,2025-07-31,0,0.4149478077888489
CUS01085,2025-09-30,0,0.4149307608604431
CUS03155,2025-08-31,0,0.4149232506752014
CUS05868,2025-08-31,1,0.41491538286209106
CUS06645,2025-08-31,0,0.41491106152534485
CUS06437,2025-07-31,0,0.4149053692817688
CUS07385,2025-09-30,0,0.4148884415626526
CUS03350,2025-09-30,1,0.41482657194137573
CUS02391,2025-09-30,0,0.41482141613960266
CUS00859,2025-09-30,0,0.41478636860847473
CUS03326,2025-07-31,0,0.4147835671901703
CUS04740,2025-09-30,1,0.41477930545806885
CUS07833,2025-08-31,0,0.414760023355484
CUS01903,2025-07-31,1,0.414725661277771
CUS01052,2025-08-31,0,0.41469475626945496
CUS04181,2025-08-31,0,0.4146853983402252
CUS01179,2025-07-31,0,0.4146638512611389
CUS07938,2025-07-31,0,0.4146590530872345
CUS01427,2025-07-31,1,0.41464677453041077
CUS01286,2025-09-30,0,0.41463416814804077
CUS04528,2025-08-31,0,0.4145928621292114
CUS05289,2025-07-31,0,0.41457629203796387
CUS04633,2025-07-31,0,0.4145391583442688
CUS01770,2025-08-31,0,0.4145357012748718
CUS01907,2025-09-30,0,0.41446685791015625
CUS03333,2025-08-31,0,0.4144183397293091
CUS03723,2025-07-31,0,0.4143873453140259
CUS02833,2025-09-30,1,0.4143444001674652
CUS00267,2025-08-31,0,0.4143427610397339
CUS05863,2025-08-31,0,0.4143305718898773
CUS04044,2025-07-31,0,0.41431042551994324
CUS00059,2025-07-31,1,0.41429319977760315
CUS07831,2025-09-30,0,0.4142571985721588
CUS07157,2025-09-30,0,0.4142209589481354
CUS02365,2025-09-30,1,0.414171427488327
CUS03079,2025-08-31,0,0.4141561985015869
CUS05755,2025-08-31,0,0.4141489565372467
CUS04886,2025-09-30,0,0.41414138674736023
CUS07166,2025-09-30,0,0.41413453221321106
CUS00820,2025-09-30,0,0.414069265127182
CUS00992,2025-08-31,1,0.41406551003456116
CUS07505,2025-07-31,1,0.4140617847442627
CUS03035,2025-09-30,0,0.41405218839645386
CUS02301,2025-07-31,1,0.41403576731681824
CUS05807,2025-09-30,0,0.4139930009841919
CUS06186,2025-09-30,1,0.4139508008956909
CUS03171,2025-08-31,1,0.4139414429664612
CUS00415,2025-07-31,0,0.41389957070350647
CUS02612,2025-08-31,0,0.4138849079608917
CUS05706,2025-08-31,1,0.41388410329818726
CUS00118,2025-09-30,0,0.4138321876525879
CUS00756,2025-09-30,1,0.41370096802711487
CUS06419,2025-09-30,0,0.4136989414691925
CUS05564,2025-07-31,0,0.4136977195739746
CUS05744,2025-08-31,0,0.4136626124382019
CUS06224,2025-08-31,0,0.41365256905555725
CUS05475,2025-07-31,0,0.41365161538124084
CUS04224,2025-09-30,0,0.4136458933353424
CUS06700,2025-08-31,0,0.41364458203315735
CUS02309,2025-08-31,0,0.4136427938938141
CUS02280,2025-09-30,0,0.413621187210083
CUS04771,2025-08-31,0,0.4135810136795044
CUS03658,2025-09-30,0,0.4135749638080597
CUS01468,2025-07-31,0,0.4135477542877197
CUS01395,2025-08-31,0,0.41354718804359436
CUS07930,2025-09-30,0,0.413532555103302
CUS07121,2025-07-31,0,0.4134574830532074
CUS06797,2025-08-31,0,0.41344141960144043
CUS05071,2025-08-31,1,0.4134238064289093
CUS03143,2025-09-30,0,0.4134206175804138
CUS05888,2025-09-30,0,0.41339996457099915
CUS07514,2025-09-30,0,0.41334691643714905
CUS07566,2025-08-31,1,0.4133189916610718
CUS02551,2025-07-31,0,0.4133114218711853
CUS00112,2025-09-30,1,0.4132980406284332
CUS01068,2025-09-30,0,0.41327205300331116
CUS02440,2025-09-30,0,0.4132562577724457
CUS00883,2025-07-31,0,0.41325563192367554
CUS06898,2025-07-31,1,0.41325291991233826
CUS01180,2025-07-31,1,0.4132383167743683
CUS04446,2025-08-31,0,0.41323322057724
CUS05457,2025-09-30,0,0.4132230579853058
CUS00520,2025-08-31,1,0.4132150709629059
CUS03949,2025-09-30,0,0.41321322321891785
CUS01418,2025-07-31,0,0.41320860385894775
CUS01750,2025-08-31,0,0.4131595492362976
CUS03760,2025-09-30,0,0.41315630078315735
CUS03964,2025-07-31,0,0.4131053388118744
CUS03480,2025-08-31,1,0.41309264302253723
CUS04735,2025-09-30,0,0.41308924555778503
CUS06215,2025-09-30,0,0.41308102011680603
CUS06704,2025-07-31,0,0.413076788187027
CUS03162,2025-08-31,0,0.4130486249923706
CUS05545,2025-09-30,0,0.41304707527160645
CUS06607,2025-07-31,0,0.41300836205482483
CUS05409,2025-08-31,0,0.412984699010849
CUS04491,2025-09-30,0,0.41291868686676025
CUS00728,2025-09-30,0,0.4128856658935547
CUS02549,2025-08-31,1,0.4128750264644623
CUS07194,2025-08-31,0,0.41287004947662354
CUS04228,2025-08-31,0,0.41286835074424744
CUS00786,2025-08-31,0,0.41285136342048645
CUS04068,2025-07-31,1,0.41281479597091675
CUS07424,2025-08-31,1,0.4128143787384033
CUS05222,2025-09-30,1,0.4128086268901825
CUS06165,2025-07-31,0,0.41278359293937683
CUS03591,2025-09-30,0,0.4127781391143799
CUS05941,2025-07-31,0,0.41277456283569336
CUS06802,2025-09-30,0,0.41276654601097107
CUS05530,2025-09-30,1,0.4127657115459442
CUS00636,2025-07-31,1,0.41271114349365234
CUS06790,2025-09-30,0,0.412666380405426
CUS05375,2025-07-31,0,0.41263771057128906
CUS02137,2025-07-31,0,0.4126253128051758
CUS01920,2025-07-31,0,0.412590891122818
CUS00644,2025-07-31,0,0.4125872254371643
CUS03563,2025-07-31,1,0.4125274419784546
CUS04525,2025-09-30,1,0.4124993681907654
CUS06245,2025-07-31,0,0.4124870002269745
CUS04315,2025-09-30,0,0.4124707877635956
CUS01253,2025-08-31,0,0.4124530553817749
CUS07225,2025-08-31,1,0.41242876648902893
CUS01543,2025-08-31,1,0.41241976618766785
CUS00858,2025-07-31,0,0.41236504912376404
CUS02998,2025-09-30,1,0.41232773661613464
CUS03097,2025-09-30,1,0.41230592131614685
CUS06012,2025-07-31,1,0.4122944176197052
CUS02879,2025-08-31,0,0.41228607296943665
CUS00147,2025-08-31,0,0.4122655689716339
CUS02901,2025-07-31,1,0.41222918033599854
CUS04622,2025-08-31,0,0.4122254550457001
CUS06250,2025-07-31,1,0.4122042655944824
CUS07659,2025-09-30,1,0.4121767580509186
CUS07234,2025-08-31,0,0.41217249631881714
CUS02131,2025-08-31,0,0.4120892882347107
CUS01813,2025-08-31,1,0.4120708703994751
CUS05477,2025-08-31,0,0.41206252574920654
CUS00276,2025-09-30,0,0.4120284616947174
CUS01332,2025-08-31,1,0.41201677918434143
CUS02790,2025-08-31,0,0.41200920939445496
CUS03007,2025-07-31,0,0.4119519889354706
CUS03115,2025-07-31,0,0.4119473397731781
CUS05800,2025-08-31,0,0.4118764102458954
CUS07720,2025-07-31,0,0.4118708670139313
CUS00480,2025-08-31,1,0.41180384159088135
CUS04844,2025-08-31,0,0.41177162528038025
CUS01813,2025-07-31,1,0.4117690324783325
CUS03248,2025-07-31,0,0.4117475152015686
CUS01315,2025-07-31,0,0.4117458164691925
CUS03258,2025-07-31,1,0.4117344915866852
CUS04162,2025-09-30,1,0.41172707080841064
CUS02696,2025-09-30,0,0.41172561049461365
CUS07087,2025-08-31,1,0.411696195602417
CUS01343,2025-07-31,1,0.41168949007987976
CUS01543,2025-07-31,1,0.4116434156894684
CUS03129,2025-09-30,0,0.41163113713264465
CUS07774,2025-07-31,1,0.41160884499549866
CUS00301,2025-08-31,1,0.4115747809410095
CUS03944,2025-09-30,0,0.41154560446739197
CUS03258,2025-08-31,1,0.41153955459594727
CUS04551,2025-08-31,0,0.41153696179389954
CUS02324,2025-08-31,1,0.4115178883075714
CUS00119,2025-09-30,0,0.4115103781223297
CUS05448,2025-07-31,0,0.41147640347480774
CUS02919,2025-07-31,0,0.41146454215049744
CUS05448,2025-08-31,0,0.41144272685050964
CUS05081,2025-07-31,0,0.4114246964454651
CUS07766,2025-09-30,1,0.41140204668045044
CUS07617,2025-07-31,0,0.4113418161869049
CUS02194,2025-07-31,0,0.4112085998058319
CUS03283,2025-09-30,0,0.4111935496330261
CUS01408,2025-09-30,0,0.4111855626106262
CUS01085,2025-08-31,0,0.41117367148399353
CUS06619,2025-09-30,0,0.4111717939376831
CUS05100,2025-09-30,1,0.4111701250076294
CUS00585,2025-09-30,0,0.41116568446159363
CUS03964,2025-09-30,0,0.41113385558128357
CUS00326,2025-08-31,1,0.41111817955970764
CUS04246,2025-09-30,0,0.4111173152923584
CUS03556,2025-08-31,0,0.41109994053840637
CUS06935,2025-09-30,1,0.4110933542251587
CUS03864,2025-07-31,1,0.4110870659351349
CUS06382,2025-09-30,0,0.4110507071018219
CUS04615,2025-09-30,1,0.4110216498374939
CUS04861,2025-08-31,0,0.410969614982605
CUS07604,2025-07-31,0,0.4108862280845642
CUS01116,2025-08-31,1,0.41088175773620605
CUS06588,2025-08-31,0,0.4108492434024811
CUS06481,2025-09-30,0,0.41082969307899475
CUS03716,2025-07-31,0,0.41082051396369934
CUS03007,2025-08-31,0,0.4107699692249298
CUS07451,2025-09-30,0,0.4106629192829132
CUS00182,2025-08-31,1,0.4106352627277374
CUS04017,2025-08-31,0,0.4105633497238159
CUS05714,2025-08-31,0,0.41056057810783386
CUS02060,2025-09-30,0,0.4105466902256012
CUS01408,2025-08-31,0,0.41053467988967896
CUS04256,2025-09-30,1,0.41052576899528503
CUS01320,2025-08-31,0,0.41049307584762573
CUS04162,2025-07-31,1,0.4104870855808258
CUS07545,2025-09-30,1,0.410417377948761
CUS01883,2025-07-31,0,0.4104142487049103
CUS07500,2025-07-31,0,0.4103736877441406
CUS04218,2025-07-31,0,0.41036057472229004
CUS03112,2025-09-30,0,0.4103521406650543
CUS03176,2025-09-30,0,0.41032034158706665
CUS01669,2025-08-31,0,0.41030681133270264
CUS06307,2025-07-31,0,0.41030353307724
CUS07764,2025-07-31,0,0.4102760851383209
CUS04833,2025-08-31,0,0.41023939847946167
CUS00784,2025-09-30,0,0.4102347493171692
CUS02531,2025-08-31,0,0.4102228581905365
CUS04458,2025-07-31,0,0.41019487380981445
CUS01359,2025-09-30,1,0.41018402576446533
CUS03642,2025-07-31,0,0.4101095497608185
CUS00243,2025-08-31,0,0.41008391976356506
CUS01826,2025-09-30,1,0.41004982590675354
CUS03076,2025-09-30,1,0.4100354313850403
CUS00786,2025-09-30,0,0.4099902808666229
CUS00301,2025-07-31,1,0.4099844694137573
CUS07114,2025-08-31,0,0.4099797010421753
CUS02653,2025-08-31,0,0.4099423587322235
CUS02002,2025-08-31,1,0.40993955731391907
CUS07225,2025-09-30,1,0.409933477640152
CUS02638,2025-07-31,1,0.4098798632621765
CUS04827,2025-08-31,0,0.40986713767051697
CUS03886,2025-07-31,1,0.40984874963760376
CUS05332,2025-09-30,1,0.4098348617553711
CUS05779,2025-08-31,0,0.409817636013031
CUS03936,2025-07-31,1,0.40981218218803406
CUS06355,2025-08-31,0,0.4098004996776581
CUS03466,2025-09-30,0,0.40977150201797485
CUS06782,2025-08-31,0,0.4097663462162018
CUS03605,2025-08-31,0,0.40976575016975403
CUS06544,2025-08-31,0,0.40973424911499023
CUS01222,2025-07-31,0,0.4096936285495758
CUS02888,2025-07-31,1,0.40961262583732605
CUS00004,2025-08-31,0,0.40961119532585144
CUS04872,2025-09-30,0,0.4095940887928009
CUS04950,2025-09-30,1,0.4095708131790161
CUS03566,2025-08-31,0,0.40955424308776855
CUS03467,2025-07-31,1,0.4095495343208313
CUS05672,2025-07-31,0,0.4095311760902405
CUS00102,2025-07-31,0,0.40949562191963196
CUS00578,2025-08-31,1,0.4094832241535187
CUS01539,2025-07-31,0,0.4094693958759308
CUS04688,2025-08-31,0,0.4094386100769043
CUS00750,2025-07-31,0,0.4094092845916748
CUS01747,2025-09-30,1,0.40939393639564514
CUS03741,2025-08-31,0,0.40938523411750793
CUS00871,2025-08-31,0,0.40937066078186035
CUS04082,2025-09-30,0,0.4093519151210785
CUS05329,2025-07-31,1,0.409347802400589
CUS00437,2025-09-30,0,0.4093477427959442
CUS06615,2025-08-31,0,0.4093424379825592
CUS07556,2025-07-31,0,0.40934208035469055
CUS02880,2025-07-31,0,0.4093407988548279
CUS07726,2025-09-30,1,0.40934017300605774
CUS04082,2025-08-31,0,0.4093368947505951
CUS02020,2025-08-31,0,0.409281462430954
CUS01320,2025-07-31,0,0.40923601388931274
CUS03613,2025-08-31,0,0.4092106223106384
CUS02590,2025-08-31,1,0.40918809175491333
CUS00122,2025-08-31,1,0.4091861844062805
CUS01282,2025-08-31,0,0.4091629087924957
CUS00998,2025-09-30,0,0.4091406762599945
CUS05943,2025-09-30,1,0.4091360569000244
CUS03091,2025-09-30,0,0.4091224670410156
CUS07474,2025-09-30,0,0.4090818464756012
CUS05787,2025-09-30,0,0.4089747965335846
CUS00528,2025-08-31,0,0.4089421331882477
CUS01878,2025-07-31,1,0.4089271128177643
CUS07423,2025-08-31,0,0.40891721844673157
CUS04404,2025-09-30,0,0.4089168608188629
CUS01230,2025-09-30,0,0.4089091718196869
CUS00844,2025-07-31,0,0.4088672995567322
CUS00147,2025-07-31,0,0.4088509678840637
CUS01342,2025-08-31,0,0.40885061025619507
CUS04888,2025-07-31,0,0.4088468551635742
CUS05461,2025-07-31,0,0.4088294208049774
CUS06076,2025-08-31,0,0.4088008403778076
CUS07720,2025-09-30,1,0.4088004529476166
CUS00471,2025-07-31,0,0.4087984561920166
CUS02113,2025-09-30,0,0.40877091884613037
CUS07772,2025-07-31,0,0.4087510108947754
CUS04251,2025-09-30,1,0.4087190330028534
CUS00048,2025-08-31,0,0.4086748957633972
CUS06846,2025-08-31,0,0.4086576998233795
CUS05312,2025-08-31,0,0.40864861011505127
CUS03496,2025-08-31,1,0.40863898396492004
CUS04400,2025-08-31,0,0.4086272418498993
CUS03176,2025-08-31,1,0.4086245596408844
CUS03284,2025-09-30,0,0.4085913598537445
CUS02929,2025-09-30,0,0.4085371792316437
CUS05834,2025-07-31,0,0.40848079323768616
CUS06617,2025-07-31,0,0.4084659516811371
CUS01021,2025-07-31,0,0.4084494113922119
CUS02537,2025-09-30,0,0.40843597054481506
CUS00057,2025-08-31,1,0.40839752554893494
CUS07782,2025-08-31,1,0.408390074968338
CUS03057,2025-09-30,1,0.4083784520626068
CUS05081,2025-08-31,0,0.4083731174468994
CUS05515,2025-07-31,0,0.40835466980934143
CUS02103,2025-08-31,0,0.40832701325416565
CUS01981,2025-07-31,0,0.4082464575767517
CUS04940,2025-09-30,1,0.4082227945327759
CUS00356,2025-08-31,1,0.4081878364086151
CUS00879,2025-07-31,0,0.408173531293869
CUS00302,2025-09-30,0,0.40816670656204224
CUS06906,2025-08-31,0,0.4081231951713562
CUS04266,2025-07-31,0,0.4081094563007355
CUS02513,2025-07-31,0,0.40810921788215637
CUS05104,2025-08-31,0,0.4080929160118103
CUS07496,2025-09-30,0,0.40808388590812683
CUS03682,2025-09-30,0,0.4080696702003479
CUS05323,2025-07-31,0,0.4079533517360687
CUS01963,2025-08-31,0,0.4079510569572449
CUS01255,2025-07-31,0,0.4079257547855377
CUS06644,2025-07-31,1,0.4079244136810303
CUS05339,2025-09-30,1,0.40789392590522766
CUS03794,2025-07-31,1,0.4078643023967743
CUS00057,2025-07-31,1,0.4078466594219208
CUS02411,2025-08-31,0,0.40784141421318054
CUS06700,2025-07-31,0,0.4078294336795807
CUS06734,2025-07-31,0,0.4078289568424225
CUS07194,2025-07-31,1,0.40776491165161133
CUS07536,2025-09-30,0,0.4077427089214325
CUS04190,2025-08-31,0,0.40774157643318176
CUS04981,2025-08-31,0,0.40769895911216736
CUS02277,2025-08-31,0,0.4076957404613495
CUS06834,2025-07-31,1,0.4076845943927765
CUS07460,2025-09-30,0,0.40764012932777405
CUS05011,2025-08-31,0,0.40761470794677734
CUS04309,2025-09-30,0,0.40754562616348267
CUS07910,2025-09-30,0,0.4075343608856201
CUS01878,2025-08-31,1,0.4075290858745575
CUS06211,2025-09-30,1,0.4075281322002411
CUS00578,2025-07-31,1,0.4075061082839966
CUS00001,2025-07-31,0,0.4074927270412445
CUS02633,2025-09-30,0,0.4074868857860565
CUS04102,2025-09-30,0,0.4074665307998657
CUS05309,2025-09-30,0,0.4074479341506958
CUS00238,2025-09-30,0,0.407442182302475
CUS00924,2025-09-30,0,0.4074355661869049
CUS00069,2025-07-31,0,0.40724095702171326
CUS06400,2025-07-31,0,0.4072396457195282
CUS04740,2025-08-31,1,0.4072380065917969
CUS06747,2025-09-30,1,0.407207190990448
CUS03469,2025-08-31,1,0.4072042405605316
CUS00940,2025-09-30,0,0.4071742594242096
CUS00865,2025-07-31,0,0.4071482717990875
CUS06799,2025-07-31,1,0.4070982038974762
CUS05974,2025-09-30,0,0.40709036588668823
CUS01359,2025-08-31,1,0.407084196805954
CUS01714,2025-09-30,1,0.4070667624473572
CUS06403,2025-08-31,0,0.40704482793807983
CUS04514,2025-09-30,1,0.4070280194282532
CUS01968,2025-09-30,0,0.40700533986091614
CUS01188,2025-09-30,0,0.40698930621147156
CUS03462,2025-07-31,1,0.40694791078567505
CUS01890,2025-08-31,0,0.4069164991378784
CUS07585,2025-09-30,1,0.40690118074417114
CUS06379,2025-09-30,1,0.4068915843963623
CUS02963,2025-09-30,0,0.4068591892719269
CUS05885,2025-07-31,0,0.4068109691143036
CUS03859,2025-07-31,0,0.4067707061767578
CUS00423,2025-09-30,1,0.4067551791667938
CUS04209,2025-08-31,0,0.4067363142967224
CUS01268,2025-09-30,0,0.4066995680332184
CUS05899,2025-09-30,1,0.40668603777885437
CUS07063,2025-08-31,1,0.4066751301288605
CUS07340,2025-09-30,0,0.40666651725769043
CUS02308,2025-09-30,0,0.4066513478755951
CUS05874,2025-08-31,0,0.40664389729499817
CUS01247,2025-07-31,0,0.40663039684295654
CUS01136,2025-09-30,0,0.4066285789012909
CUS03078,2025-07-31,0,0.40661823749542236
CUS00096,2025-09-30,1,0.4066004455089569
CUS01479,2025-08-31,0,0.4065781533718109
CUS05251,2025-08-31,1,0.4065767228603363
CUS03911,2025-09-30,1,0.4065719246864319
CUS00599,2025-07-31,0,0.40656328201293945
CUS06821,2025-09-30,0,0.4065495431423187
CUS06375,2025-09-30,0,0.4065060317516327
CUS00669,2025-09-30,0,0.4065028727054596
CUS02665,2025-09-30,1,0.4064945578575134
CUS05698,2025-08-31,0,0.4064316153526306
CUS01613,2025-09-30,0,0.4064171314239502
CUS02763,2025-09-30,1,0.4064161479473114
CUS03938,2025-08-31,1,0.4064129889011383
CUS01669,2025-07-31,0,0.40640783309936523
CUS06052,2025-08-31,1,0.40640512108802795
CUS03881,2025-09-30,0,0.4063771963119507
CUS00320,2025-09-30,1,0.4063589572906494
CUS03493,2025-08-31,0,0.4063546359539032
CUS01180,2025-09-30,1,0.4063531458377838
CUS05050,2025-07-31,0,0.4063437283039093
CUS02937,2025-09-30,0,0.40632379055023193
CUS06989,2025-07-31,0,0.40632307529449463
CUS02277,2025-07-31,0,0.4063180983066559
CUS05463,2025-09-30,0,0.4063057005405426
CUS00628,2025-08-31,0,0.40630292892456055
CUS07766,2025-08-31,1,0.40628647804260254
CUS01981,2025-09-30,0,0.4062844514846802
CUS03197,2025-08-31,0,0.406249076128006
CUS06103,2025-08-31,0,0.4062139093875885
CUS03118,2025-08-31,1,0.40617480874061584
CUS06089,2025-07-31,0,0.40613189339637756
CUS06849,2025-08-31,0,0.40609362721443176
CUS00206,2025-09-30,0,0.40608078241348267
CUS00255,2025-09-30,0,0.4060584008693695
CUS06924,2025-07-31,0,0.4060555100440979
CUS04551,2025-09-30,0,0.40605297684669495
CUS05368,2025-07-31,0,0.406052827835083
CUS00823,2025-08-31,1,0.406022310256958
CUS05113,2025-08-31,1,0.4060157239437103
CUS06794,2025-09-30,0,0.40600478649139404
CUS06072,2025-08-31,0,0.4058961570262909
CUS02379,2025-07-31,0,0.4058832824230194
CUS06448,2025-09-30,0,0.4058827757835388
CUS00286,2025-08-31,0,0.40585997700691223
CUS07320,2025-09-30,0,0.4058365821838379
CUS04217,2025-09-30,1,0.40582871437072754
CUS02230,2025-09-30,0,0.40580838918685913
CUS04194,2025-09-30,1,0.4058074951171875
CUS04540,2025-07-31,1,0.40579673647880554
CUS03341,2025-09-30,1,0.4057652950286865
CUS07036,2025-09-30,0,0.40576332807540894
CUS04792,2025-09-30,0,0.40576237440109253
CUS00172,2025-07-31,1,0.4057030975818634
CUS06907,2025-07-31,0,0.40569251775741577
CUS07338,2025-09-30,0,0.4056370258331299
CUS05344,2025-07-31,0,0.4056318700313568
CUS06593,2025-07-31,0,0.40554141998291016
CUS03000,2025-09-30,0,0.40550464391708374
CUS05891,2025-09-30,1,0.40550166368484497
CUS06293,2025-09-30,0,0.4054853916168213
CUS02667,2025-08-31,0,0.40547969937324524
CUS00846,2025-08-31,0,0.4054773449897766
CUS05199,2025-07-31,0,0.40547454357147217
CUS06294,2025-07-31,0,0.40545031428337097
CUS02692,2025-09-30,1,0.40544262528419495
CUS05524,2025-09-30,1,0.40544191002845764
CUS05414,2025-08-31,1,0.4054388701915741
CUS06368,2025-09-30,0,0.40540942549705505
CUS02230,2025-08-31,0,0.405402272939682
CUS00776,2025-09-30,0,0.4053938090801239
CUS03539,2025-09-30,0,0.40538644790649414
CUS05842,2025-07-31,0,0.4052525460720062
CUS05663,2025-09-30,1,0.40525171160697937
CUS06624,2025-07-31,1,0.40523189306259155
CUS02967,2025-08-31,1,0.4052034914493561
CUS02199,2025-07-31,1,0.40520182251930237
CUS06303,2025-07-31,0,0.4051876366138458
CUS05521,2025-07-31,1,0.4051715135574341
CUS02989,2025-07-31,0,0.4051610231399536
CUS02084,2025-07-31,1,0.40512338280677795
CUS01943,2025-09-30,0,0.4051227867603302
CUS02472,2025-07-31,0,0.40509459376335144
CUS04981,2025-07-31,0,0.4050901234149933
CUS02882,2025-08-31,0,0.4050773084163666
CUS04431,2025-07-31,1,0.4050457775592804
CUS05022,2025-09-30,0,0.4050244987010956
CUS02477,2025-08-31,0,0.40497663617134094
CUS04031,2025-08-31,1,0.4049666225910187
CUS03607,2025-09-30,1,0.4049607515335083
CUS05227,2025-07-31,0,0.4049314260482788
CUS06651,2025-08-31,0,0.4049299359321594
CUS02536,2025-08-31,0,0.404897540807724
CUS02623,2025-08-31,0,0.40489092469215393
CUS07779,2025-09-30,0,0.4048885107040405
CUS02137,2025-08-31,0,0.40484485030174255
CUS06387,2025-09-30,0,0.4048243463039398
CUS01659,2025-07-31,0,0.40480852127075195
CUS04191,2025-09-30,0,0.4048008620738983
CUS02149,2025-09-30,0,0.4048003554344177
CUS03238,2025-09-30,0,0.4047653079032898
CUS05721,2025-09-30,1,0.4047623872756958
CUS02671,2025-09-30,0,0.40475019812583923
CUS05129,2025-09-30,0,0.4047084152698517
CUS01884,2025-07-31,0,0.40468716621398926
CUS02167,2025-07-31,1,0.4046797752380371
CUS03949,2025-08-31,0,0.4046382009983063
CUS00365,2025-08-31,0,0.4046313464641571
CUS00521,2025-08-31,0,0.4046149253845215
CUS07825,2025-08-31,0,0.40456661581993103
CUS03447,2025-07-31,1,0.4045458734035492
CUS04177,2025-07-31,0,0.4045407772064209
CUS06525,2025-09-30,0,0.4045127034187317
CUS05353,2025-09-30,0,0.4045051336288452
CUS06923,2025-07-31,0,0.4044919013977051
CUS06596,2025-07-31,1,0.40448835492134094
CUS04071,2025-09-30,0,0.4044860303401947
CUS03124,2025-09-30,0,0.4044753313064575
CUS07584,2025-07-31,1,0.404430091381073
CUS06304,2025-08-31,0,0.40441787242889404
CUS00248,2025-09-30,0,0.40440353751182556
CUS03667,2025-09-30,1,0.40438586473464966
CUS01393,2025-08-31,0,0.4043588638305664
CUS04352,2025-09-30,0,0.40433239936828613
CUS01275,2025-07-31,0,0.4042917788028717
CUS02907,2025-08-31,0,0.40428921580314636
CUS07826,2025-07-31,1,0.40427103638648987
CUS00678,2025-07-31,1,0.4042692482471466
CUS07580,2025-07-31,0,0.40420636534690857
CUS01220,2025-07-31,1,0.40419483184814453
CUS07041,2025-09-30,1,0.40419378876686096
CUS01579,2025-07-31,1,0.40414512157440186
CUS05320,2025-08-31,0,0.4041237235069275
CUS04410,2025-07-31,0,0.4041147828102112
CUS04830,2025-09-30,0,0.40411293506622314
CUS06324,2025-07-31,0,0.40406396985054016
CUS04068,2025-08-31,0,0.40404459834098816
CUS07655,2025-07-31,1,0.4040445387363434
CUS01917,2025-07-31,1,0.4039689600467682
CUS06448,2025-08-31,0,0.40395453572273254
CUS06797,2025-07-31,0,0.40395301580429077
CUS00721,2025-08-31,1,0.4039178490638733
CUS06298,2025-09-30,1,0.4038991928100586
CUS06321,2025-09-30,1,0.40388238430023193
CUS00085,2025-09-30,0,0.40387848019599915
CUS00934,2025-09-30,0,0.4038538336753845
CUS02462,2025-07-31,0,0.4038217067718506
CUS03815,2025-07-31,1,0.40382131934165955
CUS01975,2025-08-31,1,0.40380859375
CUS01780,2025-07-31,0,0.4037735164165497
CUS02493,2025-07-31,0,0.40372875332832336
CUS01594,2025-08-31,0,0.40372392535209656
CUS04808,2025-09-30,0,0.4037140905857086
CUS02251,2025-09-30,0,0.4037018120288849
CUS05604,2025-08-31,0,0.4037002623081207
CUS07844,2025-08-31,1,0.4036896526813507
CUS07438,2025-07-31,0,0.4036779999732971
CUS03636,2025-08-31,0,0.4036654531955719
CUS01381,2025-07-31,0,0.4036578834056854
CUS01373,2025-07-31,0,0.40362370014190674
CUS07929,2025-08-31,0,0.4035727083683014
CUS02245,2025-09-30,1,0.40356090664863586
CUS02264,2025-09-30,0,0.40351274609565735
CUS05668,2025-08-31,0,0.4034822881221771
CUS06225,2025-07-31,0,0.4034481346607208
CUS00601,2025-07-31,0,0.4034458100795746
CUS00298,2025-08-31,0,0.4034174680709839
CUS01594,2025-07-31,1,0.40336132049560547
CUS06052,2025-07-31,1,0.4033359885215759
CUS06830,2025-07-31,0,0.40333521366119385
CUS06444,2025-08-31,0,0.4033215641975403
CUS00542,2025-08-31,0,0.40330955386161804
CUS01163,2025-09-30,1,0.4033036530017853
CUS05476,2025-09-30,0,0.40330076217651367
CUS03947,2025-07-31,0,0.4032755494117737
CUS00980,2025-09-30,0,0.403268963098526
CUS01307,2025-08-31,1,0.403260737657547
CUS01738,2025-09-30,1,0.4032505452632904
CUS05166,2025-08-31,0,0.40324297547340393
CUS01599,2025-08-31,1,0.4032396674156189
CUS04538,2025-07-31,0,0.40321579575538635
CUS00505,2025-09-30,1,0.4032054841518402
CUS02521,2025-08-31,0,0.4031948447227478
CUS04146,2025-09-30,0,0.40319323539733887
CUS07735,2025-09-30,0,0.40318602323532104
CUS02076,2025-09-30,0,0.4031563401222229
CUS00715,2025-07-31,0,0.4031383991241455
CUS07406,2025-09-30,1,0.4031200110912323
CUS04122,2025-08-31,0,0.4031186103820801
CUS03558,2025-07-31,0,0.40311139822006226
CUS05618,2025-07-31,0,0.40310636162757874
CUS06392,2025-08-31,0,0.40309369564056396
CUS05573,2025-07-31,0,0.4030725061893463
CUS03283,2025-08-31,1,0.4030534625053406
CUS01262,2025-07-31,1,0.40303659439086914
CUS04305,2025-08-31,0,0.4030364751815796
CUS05391,2025-08-31,1,0.4030209481716156
CUS07834,2025-09-30,1,0.40294572710990906
CUS07075,2025-07-31,0,0.40292853116989136
CUS00764,2025-08-31,0,0.402923047542572
CUS03237,2025-07-31,1,0.4029187560081482
CUS07631,2025-09-30,0,0.4029088318347931
CUS07578,2025-08-31,0,0.40288224816322327
CUS01353,2025-09-30,1,0.40285709500312805
CUS04053,2025-09-30,1,0.4028412997722626
CUS03431,2025-08-31,0,0.4028211236000061
CUS05643,2025-09-30,0,0.402815043926239
CUS01769,2025-07-31,1,0.4027862250804901
CUS07706,2025-07-31,1,0.40276461839675903
CUS07894,2025-08-31,0,0.40274882316589355
CUS01180,2025-08-31,1,0.4027452766895294
CUS02769,2025-07-31,0,0.40274015069007874
CUS04202,2025-07-31,0,0.40273672342300415
CUS03097,2025-08-31,1,0.402721107006073
CUS05847,2025-09-30,0,0.4027172327041626
CUS00084,2025-07-31,0,0.4026964008808136
CUS05237,2025-07-31,0,0.4026951193809509
CUS06349,2025-07-31,0,0.4026632606983185
CUS00201,2025-07-31,0,0.40261733531951904
CUS06625,2025-09-30,0,0.402616411447525
CUS03607,2025-08-31,1,0.4026143550872803
CUS03953,2025-09-30,1,0.40260133147239685
CUS03636,2025-07-31,0,0.40258994698524475
CUS00922,2025-08-31,1,0.40258216857910156
CUS04960,2025-08-31,0,0.40257397294044495
CUS04221,2025-09-30,1,0.40256860852241516
CUS06841,2025-09-30,0,0.40256401896476746
CUS07326,2025-09-30,0,0.40256160497665405
CUS01246,2025-07-31,0,0.40252530574798584
CUS04491,2025-08-31,0,0.4025149643421173
CUS02286,2025-08-31,0,0.402499258518219
CUS07612,2025-09-30,0,0.40243616700172424
CUS01586,2025-08-31,0,0.4024163484573364
CUS05836,2025-07-31,0,0.4023924469947815
CUS00728,2025-08-31,1,0.4023652970790863
CUS05768,2025-09-30,0,0.4023560881614685
CUS00610,2025-07-31,0,0.402306467294693
CUS01354,2025-09-30,1,0.40230631828308105
CUS03444,2025-07-31,1,0.40230128169059753
CUS02570,2025-07-31,0,0.4022592306137085
CUS05307,2025-09-30,0,0.40225473046302795
CUS01269,2025-09-30,1,0.40225306153297424
CUS06468,2025-08-31,0,0.40223878622055054
CUS03588,2025-07-31,0,0.4022357761859894
CUS07592,2025-09-30,0,0.4022306799888611
CUS02600,2025-08-31,0,0.4022011458873749
CUS06915,2025-07-31,0,0.40220022201538086
CUS04281,2025-09-30,0,0.4021607041358948
CUS05321,2025-07-31,0,0.40213459730148315
CUS00515,2025-09-30,0,0.40212565660476685
CUS03593,2025-08-31,1,0.4021168649196625
CUS07396,2025-09-30,1,0.40210968255996704
CUS00847,2025-09-30,1,0.4020874798297882
CUS02901,2025-08-31,1,0.40205979347229004
CUS00628,2025-07-31,0,0.4019847810268402
CUS03008,2025-09-30,0,0.401961088180542
CUS00889,2025-07-31,0,0.4019537568092346
CUS05939,2025-09-30,1,0.40186572074890137
CUS01663,2025-09-30,0,0.40181976556777954
CUS02450,2025-07-31,0,0.40180251002311707
CUS07388,2025-07-31,1,0.401798814535141
CUS07069,2025-07-31,0,0.40176549553871155
CUS07502,2025-08-31,0,0.4017617702484131
CUS01607,2025-09-30,0,0.4017563760280609
CUS02075,2025-08-31,1,0.40174490213394165
CUS01252,2025-07-31,0,0.4017362594604492
CUS06942,2025-09-30,1,0.40172308683395386
CUS07709,2025-09-30,1,0.40170761942863464
CUS05307,2025-08-31,0,0.40166595578193665
CUS07011,2025-09-30,1,0.40160077810287476
CUS07096,2025-07-31,1,0.4015955328941345
CUS07868,2025-07-31,0,0.4015869200229645
CUS03300,2025-09-30,1,0.4015800952911377
CUS06749,2025-09-30,1,0.4015757739543915
CUS00427,2025-07-31,0,0.40151357650756836
CUS05896,2025-09-30,0,0.4014943540096283
CUS04192,2025-07-31,1,0.40147536993026733
CUS02029,2025-09-30,0,0.40146178007125854
CUS04528,2025-07-31,0,0.40138477087020874
CUS02424,2025-09-30,0,0.4013729393482208
CUS02255,2025-09-30,0,0.4013656675815582
CUS01918,2025-09-30,0,0.4013110399246216
CUS03288,2025-08-31,0,0.40129801630973816
CUS04617,2025-07-31,0,0.40125659108161926
CUS04296,2025-08-31,0,0.4012429416179657
CUS03412,2025-09-30,0,0.40123450756073
CUS03605,2025-07-31,0,0.4012311100959778
CUS07133,2025-08-31,1,0.40121230483055115
CUS01544,2025-09-30,0,0.40120676159858704
CUS06672,2025-08-31,0,0.40120378136634827
CUS07280,2025-09-30,0,0.4011593461036682
CUS05132,2025-08-31,0,0.40115368366241455
CUS02043,2025-09-30,0,0.4011492133140564
CUS03059,2025-08-31,1,0.40114298462867737
CUS04515,2025-07-31,0,0.4011291563510895
CUS01574,2025-08-31,0,0.4010152220726013
CUS03362,2025-08-31,1,0.4009820222854614
CUS01673,2025-07-31,0,0.4009394347667694
CUS03828,2025-07-31,1,0.4008820950984955
CUS04017,2025-09-30,0,0.4008551836013794
CUS04493,2025-09-30,0,0.4008333384990692
CUS02633,2025-08-31,0,0.4008297324180603
CUS07944,2025-08-31,0,0.4008205533027649
CUS00829,2025-07-31,0,0.4007819890975952
CUS06267,2025-07-31,0,0.40077340602874756
CUS03556,2025-07-31,0,0.4007590413093567
CUS05519,2025-08-31,0,0.40075305104255676
CUS04836,2025-08-31,1,0.40069976449012756
CUS01542,2025-08-31,0,0.40069714188575745
CUS01637,2025-08-31,1,0.4006941020488739
CUS05307,2025-07-31,0,0.4006679952144623
CUS07132,2025-09-30,0,0.40058836340904236
CUS04655,2025-07-31,0,0.4005265235900879
CUS04211,2025-07-31,0,0.400520920753479
CUS03002,2025-08-31,0,0.40051963925361633
CUS05571,2025-08-31,0,0.40051087737083435
CUS06188,2025-07-31,0,0.40049487352371216
CUS06310,2025-07-31,0,0.40048426389694214
CUS05555,2025-08-31,0,0.4004625082015991
CUS00632,2025-07-31,0,0.4004547595977783
CUS00851,2025-07-31,0,0.4004252552986145
CUS05983,2025-07-31,1,0.40037795901298523
CUS04682,2025-08-31,1,0.4003755748271942
CUS07916,2025-09-30,0,0.40037089586257935
CUS06494,2025-09-30,0,0.40036845207214355
CUS01480,2025-08-31,1,0.4003461003303528
CUS00110,2025-07-31,1,0.4003298878669739
CUS02250,2025-09-30,0,0.4002995193004608
CUS07684,2025-08-31,1,0.4002894163131714
CUS04524,2025-08-31,0,0.4002665877342224
CUS00445,2025-08-31,0,0.4002543091773987
CUS04284,2025-08-31,0,0.4002331495285034
CUS02678,2025-07-31,0,0.4002279043197632
CUS00562,2025-07-31,0,0.4002278745174408
CUS04807,2025-07-31,0,0.4002131521701813
CUS07735,2025-07-31,0,0.4001772999763489
CUS00922,2025-09-30,1,0.4000724256038666
CUS03286,2025-08-31,1,0.4000568389892578
CUS07273,2025-09-30,1,0.4000052213668823
CUS02803,2025-08-31,1,0.3999825417995453
CUS06772,2025-07-31,0,0.3999389708042145
CUS05489,2025-07-31,0,0.39993295073509216
CUS05519,2025-09-30,0,0.39990589022636414
CUS00106,2025-07-31,1,0.3998942971229553
CUS04678,2025-07-31,0,0.3998529314994812
CUS06830,2025-08-31,0,0.3998297452926636
CUS06737,2025-07-31,0,0.39982300996780396
CUS05796,2025-08-31,0,0.3998225927352905
CUS04721,2025-07-31,0,0.3998197317123413
CUS01959,2025-07-31,1,0.39979419112205505
CUS06646,2025-07-31,1,0.3997487425804138
CUS05602,2025-07-31,0,0.3997401297092438
CUS02216,2025-09-30,1,0.39972811937332153
CUS06770,2025-08-31,1,0.3997265100479126
CUS04561,2025-07-31,0,0.39972618222236633
CUS03390,2025-07-31,1,0.3997230529785156
CUS07324,2025-07-31,0,0.3997029662132263
CUS03972,2025-09-30,0,0.39969760179519653
CUS00248,2025-07-31,1,0.39966773986816406
CUS04615,2025-08-31,1,0.3996674120426178
CUS07173,2025-08-31,0,0.39965248107910156
CUS01618,2025-08-31,0,0.39957714080810547
CUS02741,2025-07-31,0,0.39957016706466675
CUS03755,2025-07-31,1,0.39954420924186707
CUS07463,2025-08-31,0,0.3995272219181061
CUS03035,2025-07-31,0,0.399495393037796
CUS06694,2025-08-31,1,0.39949464797973633
CUS01665,2025-08-31,0,0.39948567748069763
CUS05643,2025-08-31,0,0.39946189522743225
CUS04814,2025-08-31,0,0.3994419276714325
CUS07535,2025-07-31,0,0.39942556619644165
CUS06365,2025-07-31,0,0.3994186520576477
CUS07983,2025-09-30,0,0.3994080722332001
CUS03534,2025-09-30,0,0.39940595626831055
CUS02345,2025-07-31,1,0.39940425753593445
CUS02861,2025-07-31,0,0.3993908166885376
CUS01730,2025-09-30,0,0.3993860185146332
CUS07714,2025-09-30,0,0.39938387274742126
CUS07316,2025-09-30,0,0.399371862411499
CUS03707,2025-07-31,0,0.3993523120880127
CUS04336,2025-09-30,1,0.39935195446014404
CUS01881,2025-07-31,1,0.3993400037288666
CUS02021,2025-07-31,1,0.3993268609046936
CUS02068,2025-08-31,1,0.39930129051208496
CUS03224,2025-09-30,0,0.39929163455963135
CUS02673,2025-09-30,0,0.3992649018764496
CUS04267,2025-09-30,0,0.39926081895828247
CUS05457,2025-08-31,0,0.3992047607898712
CUS06593,2025-09-30,0,0.3991997539997101
CUS03884,2025-08-31,0,0.39918509125709534
CUS04010,2025-09-30,0,0.39918169379234314
CUS03095,2025-09-30,0,0.3991563618183136
CUS01938,2025-07-31,0,0.39915531873703003
CUS03812,2025-07-31,0,0.39914825558662415
CUS03628,2025-08-31,0,0.3991364538669586
CUS06471,2025-07-31,0,0.3991227149963379
CUS01523,2025-08-31,0,0.3991064727306366
CUS06074,2025-09-30,1,0.3990435004234314
CUS00505,2025-07-31,0,0.3990427553653717
CUS05664,2025-09-30,0,0.3990362584590912
CUS07834,2025-07-31,0,0.39897921681404114
CUS00045,2025-08-31,0,0.3989470899105072
CUS00581,2025-09-30,0,0.39891621470451355
CUS02590,2025-07-31,1,0.39891257882118225
CUS07721,2025-07-31,1,0.39888736605644226
CUS02280,2025-08-31,1,0.3988734185695648
CUS06611,2025-09-30,1,0.3988596796989441
CUS03341,2025-08-31,1,0.3988317847251892
CUS05557,2025-07-31,0,0.39881542325019836
CUS06790,2025-08-31,0,0.3987981677055359
CUS02397,2025-09-30,0,0.3987860381603241
CUS01748,2025-07-31,0,0.39877834916114807
CUS02109,2025-08-31,0,0.39877834916114807
CUS07805,2025-07-31,0,0.39877796173095703
CUS03283,2025-07-31,1,0.3987720012664795
CUS04025,2025-08-31,0,0.3987567722797394
CUS03124,2025-08-31,0,0.39875322580337524
CUS04358,2025-08-31,0,0.39873820543289185
CUS01981,2025-08-31,0,0.39872801303863525
CUS02806,2025-09-30,0,0.3987009823322296
CUS04477,2025-09-30,0,0.398649126291275
CUS03177,2025-09-30,0,0.3986208736896515
CUS00196,2025-07-31,0,0.39859580993652344
CUS05761,2025-09-30,0,0.39858511090278625
CUS01195,2025-07-31,0,0.3985651135444641
CUS03220,2025-07-31,0,0.3985629081726074
CUS04029,2025-09-30,0,0.3985428512096405
CUS04850,2025-09-30,1,0.39851051568984985
CUS02318,2025-07-31,0,0.3985053300857544
CUS01766,2025-08-31,0,0.3984953761100769
CUS01025,2025-08-31,0,0.3984910547733307
CUS04365,2025-07-31,1,0.39844873547554016
CUS05414,2025-07-31,1,0.39840784668922424
CUS07315,2025-07-31,1,0.3984055817127228
CUS00192,2025-08-31,0,0.3983917236328125
CUS07188,2025-08-31,0,0.3983650207519531
CUS02344,2025-09-30,1,0.39830896258354187
CUS02373,2025-07-31,1,0.398305743932724
CUS07575,2025-08-31,0,0.39830419421195984
CUS03496,2025-07-31,1,0.3982960879802704
CUS00073,2025-09-30,0,0.39825403690338135
CUS06207,2025-09-30,0,0.3982274532318115
CUS02711,2025-07-31,0,0.39820361137390137
CUS02043,2025-08-31,1,0.3981800079345703
CUS00410,2025-09-30,0,0.3981437385082245
CUS03771,2025-08-31,0,0.39809420704841614
CUS01661,2025-09-30,0,0.3980939984321594
CUS05433,2025-07-31,0,0.39806023240089417
CUS05998,2025-08-31,0,0.3980591297149658
CUS06355,2025-07-31,0,0.39805868268013
CUS01012,2025-07-31,1,0.398019939661026
CUS01624,2025-09-30,0,0.3980194330215454
CUS02579,2025-08-31,0,0.3980144262313843
CUS07535,2025-09-30,0,0.3979875147342682
CUS03165,2025-09-30,0,0.3979858458042145
CUS06821,2025-08-31,0,0.39793309569358826
CUS06238,2025-08-31,0,0.397916704416275
CUS00299,2025-07-31,1,0.39789241552352905
CUS01034,2025-08-31,0,0.39787745475769043
CUS06390,2025-07-31,0,0.39787253737449646
CUS07474,2025-07-31,0,0.39783427119255066
CUS04075,2025-08-31,0,0.3978269696235657
CUS05800,2025-07-31,1,0.3978079855442047
CUS05166,2025-09-30,0,0.3978050649166107
CUS00249,2025-07-31,0,0.3977352976799011
CUS07504,2025-09-30,0,0.3977125585079193
CUS05819,2025-08-31,1,0.39770814776420593
CUS05896,2025-08-31,0,0.39770743250846863
CUS04886,2025-08-31,0,0.3976952135562897
CUS06621,2025-09-30,1,0.3976282775402069
CUS02616,2025-09-30,0,0.3976143002510071
CUS07424,2025-09-30,1,0.39760422706604004
CUS02679,2025-08-31,0,0.3975912034511566
CUS02318,2025-08-31,0,0.3975659906864166
CUS02824,2025-07-31,0,0.3975493609905243
CUS06376,2025-09-30,1,0.39751628041267395
CUS07641,2025-09-30,1,0.39750781655311584
CUS03548,2025-08-31,1,0.39746391773223877
CUS00748,2025-09-30,0,0.39745062589645386
CUS01252,2025-09-30,1,0.39744916558265686
CUS01782,2025-07-31,0,0.3974270820617676
CUS03421,2025-08-31,0,0.39735743403434753
CUS07752,2025-08-31,0,0.39733535051345825
CUS02656,2025-08-31,0,0.3973233997821808
CUS04029,2025-08-31,0,0.3973144590854645
CUS01579,2025-08-31,1,0.39730578660964966
CUS07527,2025-09-30,0,0.39728885889053345
CUS04452,2025-07-31,1,0.39728397130966187
CUS00756,2025-07-31,1,0.39725932478904724
CUS06207,2025-07-31,1,0.39725592732429504
CUS03870,2025-09-30,1,0.3972266614437103
CUS03953,2025-08-31,1,0.39719608426094055
CUS05231,2025-07-31,1,0.3971765637397766
CUS04580,2025-08-31,0,0.3971624970436096
CUS04025,2025-09-30,0,0.39713117480278015
CUS02881,2025-07-31,1,0.39711710810661316
CUS02579,2025-09-30,0,0.3970453143119812
CUS00255,2025-08-31,0,0.3970167338848114
CUS01156,2025-08-31,1,0.39699381589889526
CUS04327,2025-07-31,1,0.39697322249412537
CUS06782,2025-09-30,0,0.39695629477500916
CUS02907,2025-09-30,0,0.3969491720199585
CUS07670,2025-09-30,0,0.3969348967075348
CUS04188,2025-07-31,0,0.3969306945800781
CUS05531,2025-07-31,1,0.39687225222587585
CUS03627,2025-08-31,0,0.3968060314655304
CUS06845,2025-09-30,1,0.39674612879753113
CUS01096,2025-09-30,1,0.3967428505420685
CUS02783,2025-07-31,0,0.396718293428421
CUS05550,2025-09-30,1,0.39668357372283936
CUS07659,2025-08-31,1,0.39668014645576477
CUS02084,2025-08-31,1,0.39664918184280396
CUS03593,2025-07-31,1,0.3966420888900757
CUS04052,2025-09-30,0,0.3966408967971802
CUS00398,2025-08-31,1,0.3966032564640045
CUS00879,2025-08-31,0,0.3965936601161957
CUS04916,2025-09-30,0,0.3965739905834198
CUS06646,2025-08-31,0,0.3965669274330139
CUS05214,2025-09-30,0,0.39650091528892517
CUS04302,2025-07-31,0,0.39648836851119995
CUS04069,2025-07-31,0,0.3964598476886749
CUS07133,2025-09-30,1,0.3964312672615051
CUS05569,2025-09-30,0,0.39641815423965454
CUS05856,2025-09-30,0,0.3964138627052307
CUS03641,2025-09-30,0,0.39641034603118896
CUS04578,2025-09-30,1,0.39640891551971436
CUS02671,2025-08-31,0,0.39640873670578003
CUS05310,2025-07-31,0,0.3963884115219116
CUS07597,2025-07-31,0,0.39633941650390625
CUS02331,2025-09-30,1,0.39633217453956604
CUS02394,2025-08-31,0,0.39631110429763794
CUS07753,2025-09-30,1,0.3963080942630768
CUS01940,2025-08-31,0,0.39627891778945923
CUS01462,2025-07-31,0,0.39626049995422363
CUS05292,2025-08-31,0,0.39622750878334045
CUS01431,2025-09-30,1,0.3961941599845886
CUS05481,2025-08-31,1,0.3961695432662964
CUS03242,2025-09-30,0,0.39616134762763977
CUS06934,2025-08-31,0,0.39614421129226685
CUS01282,2025-07-31,1,0.3961435854434967
CUS00991,2025-07-31,0,0.3960740566253662
CUS07599,2025-09-30,1,0.3960586488246918
CUS04764,2025-09-30,0,0.39603281021118164
CUS03775,2025-07-31,0,0.3960207402706146
CUS01582,2025-08-31,0,0.39600497484207153
CUS07725,2025-09-30,0,0.39596375823020935
CUS02531,2025-07-31,0,0.39595261216163635
CUS04498,2025-08-31,0,0.3959423899650574
CUS04256,2025-08-31,1,0.3959251940250397
CUS03525,2025-07-31,0,0.3959086835384369
CUS01434,2025-08-31,0,0.39590346813201904
CUS01073,2025-08-31,0,0.39586955308914185
CUS03949,2025-07-31,0,0.39585942029953003
CUS06978,2025-09-30,1,0.39583009481430054
CUS02372,2025-09-30,0,0.39580869674682617
CUS02880,2025-08-31,0,0.3957815170288086
CUS05268,2025-08-31,1,0.39576324820518494
CUS01602,2025-09-30,1,0.3957059979438782
CUS03890,2025-08-31,1,0.39569196105003357
CUS00987,2025-08-31,0,0.3956606090068817
CUS02801,2025-07-31,0,0.3956559896469116
CUS05750,2025-09-30,0,0.39563366770744324
CUS02967,2025-07-31,1,0.3956233561038971
CUS02647,2025-07-31,0,0.39560648798942566
CUS06694,2025-09-30,1,0.3955981433391571
CUS03977,2025-08-31,0,0.395582914352417
CUS03141,2025-07-31,1,0.3955764174461365
CUS05796,2025-09-30,0,0.3955579996109009
CUS07979,2025-07-31,0,0.39555349946022034
CUS07692,2025-08-31,0,0.39552292227745056
CUS02250,2025-08-31,1,0.39549675583839417
CUS07422,2025-09-30,0,0.39548906683921814
CUS06578,2025-08-31,0,0.39547446370124817
CUS03957,2025-07-31,0,0.39547231793403625
CUS01309,2025-07-31,0,0.39547228813171387
CUS05874,2025-09-30,0,0.39543411135673523
CUS02402,2025-07-31,0,0.39540526270866394
CUS07736,2025-09-30,0,0.3953667879104614
CUS07452,2025-07-31,1,0.39536553621292114
CUS02126,2025-07-31,1,0.3953596353530884
CUS06954,2025-09-30,0,0.39533889293670654
CUS03118,2025-07-31,1,0.3953324258327484
CUS07696,2025-08-31,1,0.3953048586845398
CUS03853,2025-07-31,0,0.3952868580818176
CUS06177,2025-07-31,0,0.39525818824768066
CUS01269,2025-08-31,1,0.39523643255233765
CUS03495,2025-07-31,1,0.3952083885669708
CUS06868,2025-09-30,1,0.3952009379863739
CUS06595,2025-09-30,1,0.395198792219162
CUS06349,2025-08-31,0,0.3951602876186371
CUS06827,2025-08-31,0,0.3951380252838135
CUS01267,2025-08-31,0,0.39513564109802246
CUS00756,2025-08-31,1,0.39512208104133606
CUS07778,2025-08-31,1,0.39510393142700195
CUS01073,2025-07-31,0,0.3950972259044647
CUS01941,2025-08-31,0,0.3950744569301605
CUS02429,2025-09-30,1,0.39506709575653076
CUS05709,2025-07-31,0,0.3950623869895935
CUS01361,2025-08-31,0,0.39505675435066223
CUS03037,2025-09-30,1,0.39505454897880554
CUS04188,2025-08-31,0,0.39503535628318787
CUS04360,2025-07-31,0,0.39502835273742676
CUS00186,2025-07-31,1,0.3950052559375763
CUS01296,2025-07-31,0,0.3949950635433197
CUS00505,2025-08-31,1,0.3949778079986572
CUS05251,2025-07-31,1,0.3949667811393738
CUS02833,2025-08-31,1,0.39496129751205444
CUS05733,2025-07-31,1,0.3949446976184845
CUS03749,2025-07-31,0,0.39492321014404297
CUS00704,2025-08-31,0,0.39491286873817444
CUS02621,2025-08-31,0,0.3948977589607239
CUS00292,2025-07-31,0,0.3948557674884796
CUS06694,2025-07-31,1,0.39483579993247986
CUS06033,2025-09-30,0,0.39476442337036133
CUS05077,2025-09-30,1,0.3947519361972809
CUS06739,2025-09-30,1,0.3947296440601349
CUS07267,2025-09-30,1,0.3947239816188812
CUS04808,2025-07-31,0,0.394700288772583
CUS05382,2025-09-30,0,0.394676148891449
CUS02099,2025-09-30,1,0.39466574788093567
CUS05286,2025-07-31,0,0.39465293288230896
CUS06790,2025-07-31,0,0.3946494162082672
CUS05922,2025-07-31,1,0.3945954740047455
CUS04562,2025-07-31,0,0.39455553889274597
CUS06044,2025-09-30,0,0.3945203721523285
CUS04735,2025-08-31,0,0.3945193290710449
CUS07567,2025-08-31,0,0.3945096731185913
CUS06749,2025-08-31,1,0.394497811794281
CUS03544,2025-08-31,1,0.3944944739341736
CUS01303,2025-09-30,0,0.3944360017776489
CUS06819,2025-07-31,1,0.3943973779678345
CUS00721,2025-09-30,1,0.3943827450275421
CUS02037,2025-08-31,0,0.3943789005279541
CUS03885,2025-07-31,1,0.39436963200569153
CUS05040,2025-08-31,0,0.394254207611084
CUS03340,2025-09-30,1,0.3942435085773468
CUS04053,2025-08-31,1,0.3941909372806549
CUS01574,2025-09-30,0,0.394185870885849
CUS04424,2025-07-31,0,0.3941839337348938
CUS07368,2025-08-31,0,0.3941759765148163
CUS04037,2025-09-30,0,0.3941710293292999
CUS02401,2025-09-30,0,0.3941621482372284
CUS06297,2025-07-31,1,0.3941243588924408
CUS00922,2025-07-31,0,0.39412087202072144
CUS00410,2025-08-31,0,0.3940450847148895
CUS04876,2025-07-31,0,0.39403751492500305
CUS00398,2025-07-31,1,0.3940240740776062
CUS06501,2025-07-31,0,0.39399150013923645
CUS02500,2025-08-31,1,0.3939802348613739
CUS05785,2025-09-30,0,0.3939792513847351
CUS05364,2025-09-30,0,0.39397355914115906
CUS03297,2025-08-31,0,0.39396733045578003
CUS07809,2025-09-30,0,0.39396587014198303
CUS01168,2025-09-30,0,0.3939465582370758
CUS05884,2025-07-31,1,0.39394286274909973
CUS01121,2025-07-31,0,0.39390718936920166
CUS06039,2025-07-31,0,0.39389467239379883
CUS07227,2025-09-30,1,0.39389175176620483
CUS02698,2025-09-30,0,0.39386990666389465
CUS01870,2025-08-31,0,0.3937869071960449
CUS02687,2025-08-31,0,0.3937719166278839
CUS04393,2025-08-31,0,0.3937074840068817
CUS04611,2025-08-31,0,0.3937068581581116
CUS04812,2025-07-31,1,0.393680602312088
CUS03124,2025-07-31,0,0.39366501569747925
CUS03620,2025-08-31,0,0.3936207592487335
CUS06889,2025-08-31,0,0.3936040699481964
CUS05464,2025-07-31,0,0.39359769225120544
CUS00089,2025-09-30,0,0.39359769225120544
CUS05545,2025-08-31,0,0.393571138381958
CUS04476,2025-07-31,0,0.3935532867908478
CUS07481,2025-09-30,1,0.3935360312461853
CUS07368,2025-09-30,0,0.3935275375843048
CUS02763,2025-08-31,1,0.3934873044490814
CUS03727,2025-07-31,1,0.3934725522994995
CUS07390,2025-09-30,0,0.3934708535671234
CUS06170,2025-07-31,0,0.39346906542778015
CUS05295,2025-08-31,0,0.3934592604637146
CUS05599,2025-07-31,0,0.3934440612792969
CUS06845,2025-08-31,1,0.3934222161769867
CUS07385,2025-08-31,0,0.39340829849243164
CUS05285,2025-08-31,0,0.3934073746204376
CUS06178,2025-09-30,0,0.39340126514434814
CUS07343,2025-08-31,0,0.39339813590049744
CUS02827,2025-09-30,0,0.3933958411216736
CUS03057,2025-07-31,0,0.3933942914009094
CUS02621,2025-07-31,0,0.39334836602211
CUS01466,2025-09-30,1,0.3933454155921936
CUS06442,2025-08-31,0,0.39331233501434326
CUS04135,2025-07-31,1,0.3933039903640747
CUS07452,2025-08-31,1,0.3933015763759613
CUS04429,2025-09-30,0,0.39329779148101807
CUS05339,2025-08-31,1,0.39328426122665405
CUS06235,2025-09-30,1,0.3932652771472931
CUS04729,2025-08-31,1,0.39326170086860657
CUS06082,2025-09-30,0,0.3932315707206726
CUS00294,2025-07-31,0,0.3932075500488281
CUS07569,2025-07-31,0,0.3931867480278015
CUS02565,2025-07-31,0,0.3931865394115448
CUS01836,2025-09-30,0,0.3931497633457184
CUS04409,2025-09-30,0,0.3931408226490021
CUS04014,2025-07-31,1,0.3930891156196594
CUS06242,2025-08-31,1,0.3930647075176239
CUS02155,2025-07-31,0,0.393057644367218
CUS07107,2025-07-31,0,0.39304056763648987
CUS05817,2025-09-30,1,0.3930293917655945
CUS00923,2025-07-31,0,0.3930082619190216
CUS05884,2025-08-31,1,0.3930072784423828
CUS05168,2025-07-31,0,0.39299121499061584
CUS07516,2025-08-31,0,0.39297860860824585
CUS07474,2025-08-31,0,0.3929730951786041
CUS04945,2025-08-31,0,0.39294201135635376
CUS04179,2025-09-30,0,0.3929062485694885
CUS03346,2025-09-30,1,0.39286428689956665
CUS01544,2025-08-31,0,0.3928477168083191
CUS01899,2025-07-31,1,0.3928382992744446
CUS00255,2025-07-31,0,0.3927953839302063
CUS04890,2025-07-31,0,0.3927452862262726
CUS02679,2025-07-31,0,0.3927449584007263
CUS00999,2025-09-30,0,0.39273393154144287
CUS06304,2025-07-31,1,0.3927322328090668
CUS03999,2025-07-31,0,0.3927246630191803
CUS02401,2025-07-31,0,0.39270809292793274
CUS05696,2025-07-31,1,0.39270809292793274
CUS06617,2025-08-31,0,0.3926980197429657
CUS06526,2025-08-31,0,0.39268758893013
CUS01307,2025-07-31,1,0.3926851749420166
CUS01308,2025-08-31,0,0.3926752805709839
CUS01209,2025-09-30,0,0.3926639258861542
CUS03431,2025-07-31,0,0.392663836479187
CUS07956,2025-08-31,0,0.3926525115966797
CUS04838,2025-08-31,1,0.39259350299835205
CUS02289,2025-09-30,0,0.3925812840461731
CUS02167,2025-09-30,1,0.39253726601600647
CUS05323,2025-09-30,1,0.3925323486328125
CUS06074,2025-08-31,1,0.3925146758556366
CUS02101,2025-07-31,0,0.39244675636291504
CUS06749,2025-07-31,1,0.3924221098423004
CUS00096,2025-08-31,1,0.392351895570755
CUS04963,2025-08-31,0,0.39234891533851624
CUS04386,2025-08-31,1,0.39233148097991943
CUS06528,2025-09-30,1,0.392282098531723
CUS06232,2025-07-31,0,0.39221829175949097
CUS07862,2025-08-31,0,0.39220884442329407
CUS03794,2025-08-31,1,0.3921566605567932
CUS05569,2025-08-31,1,0.3921438455581665
CUS03396,2025-08-31,1,0.39212802052497864
CUS03665,2025-08-31,0,0.3920975625514984
CUS06047,2025-08-31,1,0.39209648966789246
CUS05646,2025-08-31,0,0.3920823335647583
CUS03687,2025-09-30,0,0.3920328617095947
CUS04313,2025-08-31,1,0.39202210307121277
CUS07209,2025-08-31,0,0.3920196294784546
CUS04021,2025-07-31,1,0.39201727509498596
CUS00424,2025-08-31,0,0.391997754573822
CUS02549,2025-07-31,1,0.3919628858566284
CUS04443,2025-07-31,0,0.3919466435909271
CUS07726,2025-07-31,1,0.39193496108055115
CUS03039,2025-08-31,0,0.39185625314712524
CUS00411,2025-07-31,0,0.3918527364730835
CUS05383,2025-08-31,0,0.391842782497406
CUS00435,2025-07-31,0,0.3918399214744568
CUS06224,2025-07-31,1,0.39181944727897644
CUS02276,2025-07-31,0,0.39181357622146606
CUS00119,2025-07-31,0,0.3917770981788635
CUS03032,2025-09-30,0,0.39175349473953247
CUS02570,2025-09-30,0,0.39172184467315674
CUS04607,2025-09-30,0,0.391713947057724
CUS06336,2025-07-31,0,0.39171096682548523
CUS01646,2025-08-31,0,0.3916185200214386
CUS01985,2025-09-30,0,0.39160892367362976
CUS00119,2025-08-31,0,0.39160415530204773
CUS02699,2025-09-30,1,0.3915904462337494
CUS05700,2025-08-31,0,0.3915891945362091
CUS01516,2025-09-30,0,0.39155900478363037
CUS06223,2025-09-30,1,0.3915453851222992
CUS05524,2025-08-31,1,0.3915402591228485
CUS06983,2025-07-31,0,0.3915209472179413
CUS04013,2025-08-31,0,0.3914598822593689
CUS07032,2025-08-31,1,0.39143678545951843
CUS00096,2025-07-31,1,0.391406774520874
CUS05745,2025-08-31,0,0.3913876414299011
CUS04525,2025-08-31,1,0.39135751128196716
CUS02397,2025-08-31,0,0.39132001996040344
CUS03104,2025-08-31,1,0.3912612795829773
CUS07315,2025-08-31,1,0.3912397623062134
CUS03613,2025-09-30,0,0.39123180508613586
CUS01179,2025-09-30,0,0.3912070095539093
CUS06706,2025-08-31,1,0.39119401574134827
CUS05481,2025-09-30,1,0.39117366075515747
CUS04729,2025-09-30,0,0.3911590576171875
CUS00617,2025-07-31,0,0.3911290764808655
CUS05213,2025-07-31,1,0.39112740755081177
CUS02462,2025-08-31,0,0.39112389087677
CUS02141,2025-09-30,0,0.3911168575286865
CUS05114,2025-07-31,0,0.3910888135433197
CUS03886,2025-08-31,1,0.391052782535553
CUS02677,2025-07-31,0,0.3910331726074219
CUS00987,2025-07-31,0,0.39101919531822205
CUS06220,2025-07-31,0,0.39099061489105225
CUS02545,2025-08-31,0,0.3909473717212677
CUS05132,2025-07-31,0,0.3909286558628082
CUS07561,2025-08-31,0,0.3909032344818115
CUS02753,2025-07-31,0,0.39090314507484436
CUS01889,2025-08-31,0,0.3908902108669281
CUS06689,2025-08-31,0,0.3908836245536804
CUS00541,2025-08-31,0,0.39088326692581177
CUS01941,2025-09-30,0,0.39087483286857605
CUS02750,2025-08-31,0,0.3908686637878418
CUS05469,2025-09-30,1,0.3908334970474243
CUS05906,2025-07-31,0,0.39082425832748413
CUS02175,2025-09-30,1,0.3908160924911499
CUS01844,2025-09-30,0,0.3908059000968933
CUS00055,2025-09-30,0,0.3907943069934845
CUS05188,2025-07-31,0,0.3907758593559265
CUS05711,2025-09-30,0,0.3907715380191803
CUS03820,2025-09-30,0,0.3907712996006012
CUS06810,2025-09-30,0,0.3907625079154968
CUS07090,2025-08-31,1,0.39073243737220764
CUS01097,2025-07-31,1,0.39071720838546753
CUS01111,2025-08-31,0,0.39070698618888855
CUS00935,2025-07-31,0,0.3906891345977783
CUS04338,2025-09-30,1,0.39066773653030396
CUS02104,2025-08-31,1,0.39063045382499695
CUS01393,2025-07-31,0,0.3906099498271942
CUS06621,2025-08-31,1,0.3905843496322632
CUS04562,2025-09-30,0,0.3905816376209259
CUS00158,2025-09-30,0,0.39057162404060364
CUS00199,2025-09-30,0,0.3905649185180664
CUS03926,2025-09-30,0,0.3905380070209503
CUS05680,2025-08-31,0,0.390506386756897
CUS01544,2025-07-31,0,0.39049962162971497
CUS05807,2025-08-31,0,0.3904956877231598
CUS04352,2025-08-31,0,0.3904739320278168
CUS06297,2025-08-31,0,0.3904549777507782
CUS06179,2025-08-31,0,0.3903886079788208
CUS03338,2025-09-30,0,0.39030128717422485
CUS00560,2025-08-31,0,0.3902997076511383
CUS04116,2025-09-30,0,0.3902943730354309
CUS04878,2025-08-31,0,0.39028826355934143
CUS00991,2025-08-31,0,0.39028817415237427
CUS06893,2025-07-31,0,0.39027029275894165
CUS01274,2025-09-30,1,0.3902280032634735
CUS00570,2025-07-31,1,0.3902086019515991
CUS00587,2025-07-31,0,0.3901853859424591
CUS03282,2025-07-31,1,0.3901687264442444
CUS05412,2025-08-31,0,0.3901195526123047
CUS02654,2025-09-30,0,0.3901175856590271
CUS03386,2025-07-31,0,0.3900427222251892
CUS00329,2025-09-30,0,0.3900277614593506
CUS04696,2025-07-31,0,0.3899874985218048
CUS07481,2025-08-31,0,0.3899787962436676
CUS03362,2025-07-31,1,0.3899586498737335
CUS01597,2025-08-31,1,0.38994354009628296
CUS01586,2025-09-30,1,0.3899141252040863
CUS06201,2025-07-31,0,0.3899068832397461
CUS00514,2025-08-31,0,0.3898759186267853
CUS00921,2025-09-30,0,0.3898446261882782
CUS01546,2025-09-30,1,0.3898380398750305
CUS03981,2025-08-31,1,0.38980832695961
CUS03469,2025-09-30,1,0.389798641204834
CUS05103,2025-08-31,0,0.38970762491226196
CUS02667,2025-09-30,0,0.3896961808204651
CUS00016,2025-09-30,0,0.3896945118904114
CUS03336,2025-08-31,0,0.3896721601486206
CUS01157,2025-09-30,0,0.3896682560443878
CUS02942,2025-09-30,1,0.3896338641643524
CUS02316,2025-07-31,1,0.38953879475593567
CUS02805,2025-08-31,0,0.38953834772109985
CUS01747,2025-08-31,1,0.3895305097103119
CUS04502,2025-08-31,0,0.38949382305145264
CUS04179,2025-08-31,0,0.3894822895526886
CUS03661,2025-07-31,0,0.3894776999950409
CUS02119,2025-08-31,0,0.3894728124141693
CUS05233,2025-09-30,0,0.3894563615322113
CUS01286,2025-08-31,0,0.38944318890571594
CUS05738,2025-09-30,1,0.3894428312778473
CUS06047,2025-07-31,1,0.389440655708313
CUS03421,2025-09-30,0,0.3894394040107727
CUS04276,2025-09-30,0,0.38943538069725037
CUS04580,2025-07-31,1,0.38943538069725037
CUS05113,2025-07-31,1,0.38942939043045044
CUS03035,2025-08-31,0,0.3893124759197235
CUS00222,2025-07-31,0,0.38928669691085815
CUS07056,2025-07-31,1,0.3892827033996582
CUS07409,2025-09-30,0,0.38925474882125854
CUS07276,2025-07-31,0,0.38923072814941406
CUS02521,2025-09-30,0,0.38920509815216064
CUS03753,2025-09-30,0,0.3891555964946747
CUS02888,2025-08-31,1,0.38915500044822693
CUS06050,2025-07-31,0,0.38915297389030457
CUS03608,2025-07-31,1,0.3891174793243408
CUS04006,2025-09-30,0,0.3891129791736603
CUS04014,2025-09-30,0,0.38910770416259766
CUS06403,2025-07-31,0,0.3890852928161621
CUS07090,2025-09-30,1,0.38906872272491455
CUS04571,2025-08-31,1,0.3890652656555176
CUS07011,2025-08-31,1,0.38904598355293274
CUS07433,2025-09-30,0,0.3890073299407959
CUS04477,2025-08-31,0,0.3889915645122528
CUS06468,2025-07-31,0,0.38897937536239624
CUS06506,2025-09-30,0,0.388965904712677
CUS06619,2025-08-31,0,0.38895270228385925
CUS05379,2025-07-31,0,0.38891518115997314
CUS06164,2025-08-31,0,0.38885778188705444
CUS06588,2025-07-31,0,0.38878709077835083
CUS07565,2025-09-30,0,0.38878339529037476
CUS06234,2025-08-31,1,0.38875576853752136
CUS03224,2025-08-31,1,0.38873615860939026
CUS02167,2025-08-31,1,0.3887169659137726
CUS02647,2025-09-30,0,0.38869908452033997
CUS03892,2025-08-31,1,0.3886706233024597
CUS03335,2025-08-31,0,0.38864994049072266
CUS04493,2025-08-31,0,0.38864901661872864
CUS04540,2025-08-31,1,0.38863956928253174
CUS00501,2025-09-30,0,0.38863492012023926
CUS05156,2025-09-30,1,0.38860559463500977
CUS04732,2025-09-30,0,0.38860398530960083
CUS05653,2025-09-30,0,0.388595849275589
CUS00284,2025-07-31,0,0.38858267664909363
CUS05899,2025-08-31,1,0.38858267664909363
CUS01702,2025-09-30,1,0.3885765075683594
CUS04493,2025-07-31,0,0.38853028416633606
CUS06503,2025-07-31,0,0.3885054588317871
CUS03102,2025-09-30,0,0.38850414752960205
CUS07494,2025-09-30,0,0.3884837329387665
CUS05557,2025-08-31,0,0.3884432017803192
CUS00856,2025-09-30,0,0.38841092586517334
CUS05810,2025-08-31,0,0.38834619522094727
CUS02711,2025-08-31,0,0.38833558559417725
CUS00849,2025-09-30,1,0.38833099603652954
CUS03279,2025-07-31,0,0.3882795572280884
CUS00952,2025-09-30,1,0.38825204968452454
CUS00936,2025-09-30,0,0.38824135065078735
CUS02844,2025-07-31,0,0.38822710514068604
CUS02412,2025-09-30,0,0.38822701573371887
CUS01401,2025-09-30,1,0.38820886611938477
CUS05918,2025-09-30,0,0.3881811797618866
CUS06242,2025-07-31,1,0.3881259560585022
CUS01869,2025-08-31,0,0.3881235718727112
CUS07575,2025-07-31,0,0.3881063461303711
CUS06030,2025-08-31,0,0.3879257142543793
CUS03681,2025-07-31,1,0.3878892660140991
CUS01189,2025-09-30,0,0.38785287737846375
CUS00622,2025-09-30,1,0.38785088062286377
CUS05791,2025-09-30,1,0.387845903635025
CUS00865,2025-08-31,0,0.3878377676010132
CUS03840,2025-08-31,1,0.38782477378845215
CUS06875,2025-09-30,0,0.38780736923217773
CUS03078,2025-09-30,0,0.38778650760650635
CUS02888,2025-09-30,1,0.387726753950119
CUS01431,2025-08-31,1,0.38771873712539673
CUS03799,2025-07-31,0,0.38767480850219727
CUS00686,2025-08-31,0,0.387588232755661
CUS04833,2025-09-30,0,0.3875863552093506
CUS07406,2025-07-31,0,0.38754910230636597
CUS01434,2025-07-31,0,0.3875434696674347
CUS03743,2025-08-31,1,0.3875386416912079
CUS02808,2025-07-31,0,0.3875238299369812
CUS04739,2025-08-31,0,0.3875032961368561
CUS03002,2025-07-31,0,0.387474924325943
CUS03487,2025-09-30,0,0.3874675929546356
CUS04838,2025-07-31,1,0.38744890689849854
CUS04259,2025-08-31,0,0.3873363733291626
CUS01599,2025-07-31,1,0.3873346745967865
CUS04296,2025-09-30,0,0.38732603192329407
CUS06517,2025-09-30,0,0.3873259723186493
CUS05108,2025-09-30,0,0.38731658458709717
CUS02881,2025-09-30,1,0.3873065114021301
CUS04014,2025-08-31,1,0.387290894985199
CUS04600,2025-08-31,1,0.38728004693984985
CUS07880,2025-09-30,1,0.3872659206390381
CUS06053,2025-07-31,0,0.38724198937416077
CUS06114,2025-07-31,0,0.38723835349082947
CUS06613,2025-08-31,0,0.38723331689834595
CUS04078,2025-09-30,0,0.38720351457595825
CUS05911,2025-07-31,0,0.3871627151966095
CUS07585,2025-08-31,1,0.3871557116508484
CUS01308,2025-09-30,0,0.38715142011642456
CUS06113,2025-07-31,0,0.38712364435195923
CUS06934,2025-09-30,0,0.38709166646003723
CUS02037,2025-09-30,0,0.3870316743850708
CUS05719,2025-09-30,0,0.38700446486473083
CUS06646,2025-09-30,0,0.3869686722755432
CUS03274,2025-08-31,0,0.386936753988266
CUS00863,2025-08-31,0,0.3869248926639557
CUS00707,2025-08-31,0,0.3869011402130127
CUS01285,2025-09-30,1,0.3868975341320038
CUS02568,2025-08-31,0,0.38686278462409973
CUS02482,2025-08-31,0,0.3868614137172699
CUS01796,2025-08-31,0,0.38685110211372375
CUS07869,2025-09-30,0,0.3868466317653656
CUS02119,2025-07-31,0,0.3868228495121002
CUS03566,2025-07-31,0,0.38680005073547363
CUS07217,2025-09-30,0,0.386770099401474
CUS02482,2025-07-31,0,0.386766642332077
CUS01943,2025-07-31,0,0.38673657178878784
CUS03722,2025-07-31,0,0.3867291212081909
CUS07917,2025-08-31,0,0.3867199122905731
CUS05694,2025-09-30,1,0.3867194354534149
CUS02881,2025-08-31,1,0.38670045137405396
CUS07727,2025-09-30,0,0.38669490814208984
CUS06803,2025-07-31,0,0.3866925537586212
CUS00198,2025-09-30,1,0.38667693734169006
CUS07087,2025-09-30,1,0.38667649030685425
CUS06950,2025-09-30,1,0.38663622736930847
CUS05039,2025-08-31,0,0.38662129640579224
CUS03866,2025-07-31,0,0.38659653067588806
CUS02705,2025-09-30,1,0.38659024238586426
CUS06408,2025-08-31,0,0.3865615427494049
CUS03544,2025-09-30,0,0.3865336775779724
CUS00244,2025-09-30,1,0.38650697469711304
CUS02975,2025-07-31,1,0.3865032494068146
CUS03633,2025-07-31,0,0.3864886462688446
CUS04927,2025-07-31,1,0.3864717185497284
CUS02827,2025-07-31,0,0.38640499114990234
CUS07944,2025-07-31,1,0.38638952374458313
CUS01363,2025-07-31,0,0.38637852668762207
CUS02621,2025-09-30,0,0.3863644003868103
CUS03657,2025-08-31,0,0.3863164484500885
CUS04155,2025-08-31,0,0.3862996995449066
CUS04053,2025-07-31,1,0.3862418830394745
CUS05117,2025-08-31,0,0.3862413167953491
CUS06256,2025-09-30,0,0.38624030351638794
CUS05668,2025-07-31,1,0.3862402141094208
CUS04615,2025-07-31,1,0.38621583580970764
CUS04681,2025-09-30,1,0.3862124979496002
CUS07585,2025-07-31,1,0.38619884848594666
CUS00836,2025-09-30,0,0.3861953914165497
CUS05259,2025-07-31,0,0.38616523146629333
CUS07851,2025-09-30,0,0.3861277401447296
CUS02477,2025-09-30,0,0.38611337542533875
CUS02608,2025-09-30,0,0.38610947132110596
CUS05957,2025-09-30,0,0.38609397411346436
CUS01557,2025-07-31,1,0.38609224557876587
CUS07379,2025-08-31,0,0.3860774040222168
CUS07713,2025-07-31,0,0.38607487082481384
CUS02399,2025-08-31,0,0.38604336977005005
CUS07893,2025-07-31,0,0.3860281705856323
CUS01278,2025-08-31,0,0.3860023617744446
CUS02935,2025-08-31,0,0.38597437739372253
CUS04973,2025-09-30,0,0.38597244024276733
CUS02642,2025-08-31,1,0.38596057891845703
CUS03336,2025-09-30,0,0.3859024941921234
CUS04097,2025-09-30,0,0.38587382435798645
CUS02531,2025-09-30,0,0.38587018847465515
CUS04696,2025-08-31,0,0.38586679100990295
CUS03978,2025-08-31,0,0.38583073019981384
CUS02180,2025-09-30,0,0.38582971692085266
CUS04265,2025-09-30,0,0.3857800364494324
CUS00456,2025-09-30,1,0.3857676684856415
CUS04623,2025-09-30,0,0.385763943195343
CUS05555,2025-07-31,0,0.3857439160346985
CUS05325,2025-09-30,0,0.3857216536998749
CUS07467,2025-07-31,0,0.38569220900535583
CUS01541,2025-08-31,0,0.38569024205207825
CUS00329,2025-08-31,0,0.3856826424598694
CUS06935,2025-08-31,1,0.3856767416000366
CUS01485,2025-07-31,0,0.3856620490550995
CUS00540,2025-08-31,1,0.385659784078598
CUS02874,2025-08-31,0,0.3856539726257324
CUS06391,2025-09-30,0,0.38564181327819824
CUS03325,2025-09-30,0,0.3856130540370941
CUS06925,2025-07-31,0,0.38560476899147034
CUS00077,2025-09-30,0,0.3856011629104614
CUS04969,2025-09-30,1,0.38556087017059326
CUS03952,2025-07-31,1,0.38555893301963806
CUS00584,2025-08-31,0,0.3855498135089874
CUS07713,2025-09-30,1,0.38551148772239685
CUS07234,2025-07-31,0,0.38542622327804565
CUS06323,2025-09-30,0,0.3854093849658966
CUS02950,2025-08-31,0,0.38539984822273254
CUS04330,2025-09-30,1,0.3853689432144165
CUS06805,2025-07-31,0,0.3853636384010315
CUS03202,2025-09-30,0,0.385349839925766
CUS06303,2025-09-30,0,0.38531896471977234
CUS03487,2025-07-31,0,0.38530805706977844
CUS06860,2025-08-31,0,0.3853050470352173
CUS04502,2025-07-31,0,0.3852759599685669
CUS03488,2025-09-30,1,0.3852730095386505
CUS04251,2025-08-31,1,0.38526102900505066
CUS03805,2025-08-31,0,0.38523465394973755
CUS06098,2025-09-30,0,0.3852180242538452
CUS03165,2025-08-31,1,0.3851849138736725
CUS05998,2025-09-30,0,0.3851349651813507
CUS07439,2025-08-31,0,0.38503095507621765
CUS06184,2025-08-31,0,0.38501405715942383
CUS04259,2025-07-31,0,0.3849995732307434
CUS07939,2025-07-31,1,0.3848811089992523
CUS06154,2025-09-30,0,0.38486194610595703
CUS03938,2025-09-30,1,0.3848441243171692
CUS03418,2025-07-31,1,0.3848346173763275
CUS02361,2025-09-30,0,0.3848329782485962
CUS00865,2025-09-30,0,0.3848266005516052
CUS05103,2025-07-31,0,0.38479718565940857
CUS01944,2025-08-31,0,0.3847763240337372
CUS05187,2025-07-31,0,0.3847575783729553
CUS00549,2025-08-31,1,0.3847411870956421
CUS06554,2025-08-31,0,0.3847215473651886
CUS07352,2025-07-31,0,0.3847205340862274
CUS04761,2025-07-31,0,0.38470548391342163
CUS01780,2025-09-30,0,0.38467222452163696
CUS07778,2025-07-31,1,0.3846701383590698
CUS01135,2025-09-30,0,0.3846486806869507
CUS05055,2025-08-31,1,0.38463783264160156
CUS05069,2025-09-30,0,0.38463181257247925
CUS02500,2025-07-31,1,0.38459670543670654
CUS05293,2025-09-30,0,0.384561151266098
CUS01069,2025-09-30,0,0.3845338821411133
CUS01913,2025-09-30,0,0.3845177888870239
CUS03717,2025-09-30,0,0.3845027685165405
CUS04265,2025-07-31,0,0.38450032472610474
CUS00587,2025-09-30,0,0.3844965696334839
CUS01353,2025-08-31,1,0.3844458758831024
CUS00547,2025-07-31,1,0.3844282329082489
CUS05945,2025-09-30,1,0.38441002368927
CUS07877,2025-07-31,0,0.384395033121109
CUS02260,2025-07-31,0,0.38439199328422546
CUS05457,2025-07-31,0,0.38437142968177795
CUS01169,2025-08-31,0,0.3843516409397125
CUS03089,2025-09-30,1,0.38434845209121704
CUS04233,2025-09-30,0,0.384324848651886
CUS00968,2025-07-31,1,0.3843061923980713
CUS03343,2025-09-30,0,0.384265273809433
CUS03621,2025-09-30,1,0.3842526078224182
CUS02499,2025-09-30,0,0.3842344880104065
CUS06906,2025-07-31,0,0.3841954171657562
CUS03890,2025-07-31,1,0.384183406829834
CUS01092,2025-09-30,0,0.3841746151447296
CUS00514,2025-07-31,0,0.3840722143650055
CUS03990,2025-09-30,1,0.38406214118003845
CUS00863,2025-07-31,0,0.38405176997184753
CUS04945,2025-09-30,0,0.38405176997184753
CUS03645,2025-08-31,0,0.38402000069618225
CUS00839,2025-08-31,0,0.38401925563812256
CUS07396,2025-07-31,1,0.38400113582611084
CUS01676,2025-09-30,0,0.3839714229106903
CUS01425,2025-09-30,0,0.3839707374572754
CUS06451,2025-09-30,0,0.38393402099609375
CUS07711,2025-08-31,0,0.38392677903175354
CUS02139,2025-08-31,0,0.38391831517219543
CUS01884,2025-09-30,0,0.3838981091976166
CUS03328,2025-08-31,0,0.38387489318847656
CUS07369,2025-08-31,0,0.38384687900543213
CUS04740,2025-07-31,1,0.3838464617729187
CUS04098,2025-09-30,0,0.383842796087265
CUS03169,2025-09-30,0,0.3838289678096771
CUS03371,2025-08-31,0,0.38381680846214294
CUS05285,2025-09-30,0,0.38375237584114075
CUS04202,2025-08-31,0,0.38371041417121887
CUS07580,2025-08-31,0,0.38367265462875366
CUS04775,2025-07-31,1,0.383635014295578
CUS00411,2025-08-31,0,0.38362401723861694
CUS01360,2025-08-31,1,0.3836076855659485
CUS04204,2025-07-31,0,0.38356590270996094
CUS07724,2025-09-30,1,0.3835293650627136
CUS01101,2025-07-31,0,0.3835262060165405
CUS02068,2025-07-31,1,0.3834501802921295
CUS05833,2025-07-31,0,0.3834500312805176
CUS04958,2025-09-30,1,0.3834264278411865
CUS00390,2025-07-31,0,0.38341236114501953
CUS02769,2025-08-31,0,0.38341209292411804
CUS04090,2025-07-31,0,0.3833933472633362
CUS03297,2025-07-31,0,0.38331282138824463
CUS05528,2025-07-31,0,0.3832727074623108
CUS07181,2025-08-31,0,0.38327091932296753
CUS04808,2025-08-31,0,0.3832330107688904
CUS00214,2025-08-31,0,0.3832048177719116
CUS01157,2025-08-31,0,0.38318881392478943
CUS05319,2025-08-31,1,0.38318732380867004
CUS07595,2025-07-31,0,0.38309162855148315
CUS02224,2025-08-31,1,0.3830708861351013
CUS03804,2025-08-31,0,0.3830636739730835
CUS06575,2025-09-30,1,0.3830595016479492
CUS06402,2025-08-31,0,0.38305336236953735
CUS05108,2025-08-31,0,0.3830093443393707
CUS06185,2025-08-31,0,0.3830050528049469
CUS04090,2025-09-30,0,0.38299116492271423
CUS05642,2025-07-31,0,0.38298967480659485
CUS06390,2025-09-30,0,0.38298362493515015
CUS04074,2025-08-31,0,0.38298290967941284
CUS04643,2025-07-31,0,0.38297003507614136
CUS06942,2025-08-31,1,0.382966011762619
CUS07565,2025-08-31,0,0.38287976384162903
CUS04239,2025-07-31,0,0.38286325335502625
CUS04582,2025-09-30,0,0.38281071186065674
CUS07763,2025-09-30,1,0.38271620869636536
CUS03148,2025-08-31,0,0.3826826810836792
CUS07929,2025-07-31,0,0.3826761245727539
CUS00605,2025-07-31,0,0.38266298174858093
CUS06527,2025-09-30,1,0.382590115070343
CUS07298,2025-09-30,0,0.3825443685054779
CUS00554,2025-09-30,0,0.3825426399707794
CUS01700,2025-07-31,0,0.38252922892570496
CUS05895,2025-09-30,0,0.3825070559978485
CUS04352,2025-07-31,1,0.38247087597846985
CUS05952,2025-09-30,0,0.38243597745895386
CUS05823,2025-07-31,0,0.38241806626319885
CUS04324,2025-09-30,0,0.38240161538124084
CUS01286,2025-07-31,0,0.38232681155204773
CUS01332,2025-07-31,1,0.3822796940803528
CUS07897,2025-09-30,0,0.3822491765022278
CUS07253,2025-08-31,1,0.3821985423564911
CUS01111,2025-07-31,0,0.3821907937526703
CUS07692,2025-09-30,0,0.38216260075569153
CUS06235,2025-08-31,1,0.38210320472717285
CUS01213,2025-09-30,0,0.38208675384521484
CUS04724,2025-08-31,0,0.3820684552192688
CUS02299,2025-07-31,0,0.38206470012664795
CUS04425,2025-09-30,1,0.3820568323135376
CUS07643,2025-09-30,0,0.3820463716983795
CUS07969,2025-08-31,1,0.38198965787887573
CUS07681,2025-07-31,1,0.381966233253479
CUS06472,2025-08-31,0,0.38196462392807007
CUS03621,2025-08-31,1,0.38194918632507324
CUS00479,2025-07-31,1,0.38194647431373596
CUS04696,2025-09-30,0,0.38192805647850037
CUS07587,2025-09-30,0,0.3818994462490082
CUS01047,2025-09-30,1,0.3818694055080414
CUS00484,2025-08-31,0,0.3817935287952423
CUS04498,2025-09-30,0,0.3817894756793976
CUS05927,2025-07-31,0,0.38174116611480713
CUS06209,2025-09-30,0,0.3816874027252197
CUS00954,2025-08-31,0,0.3816737234592438
CUS06220,2025-08-31,0,0.3816712200641632
CUS04179,2025-07-31,0,0.3816351890563965
CUS07396,2025-08-31,1,0.3816315531730652
CUS07594,2025-09-30,0,0.3815394937992096
CUS03826,2025-07-31,0,0.38152647018432617
CUS05574,2025-07-31,0,0.3815116584300995
CUS07952,2025-09-30,0,0.3814646005630493
CUS05175,2025-09-30,0,0.3814159631729126
CUS07108,2025-08-31,0,0.38141271471977234
CUS03443,2025-07-31,1,0.38140687346458435
CUS04502,2025-09-30,0,0.38137179613113403
CUS06472,2025-09-30,0,0.3813701570034027
CUS04681,2025-08-31,0,0.3813641667366028
CUS04366,2025-08-31,0,0.38134148716926575
CUS02063,2025-09-30,0,0.3813208043575287
CUS06151,2025-09-30,0,0.38123318552970886
CUS02138,2025-07-31,0,0.38120749592781067
CUS07880,2025-08-31,1,0.38120725750923157
CUS02097,2025-09-30,0,0.38114872574806213
CUS05382,2025-08-31,0,0.38114264607429504
CUS07146,2025-07-31,0,0.3811425566673279
CUS06068,2025-09-30,0,0.38113436102867126
CUS05433,2025-09-30,1,0.3811260461807251
CUS05071,2025-07-31,1,0.38109374046325684
CUS00326,2025-07-31,1,0.3810875117778778
CUS00249,2025-09-30,0,0.38105902075767517
CUS06685,2025-07-31,0,0.38105714321136475
CUS05254,2025-07-31,0,0.38103875517845154
CUS03743,2025-07-31,1,0.38103488087654114
CUS06316,2025-09-30,0,0.3810262084007263
CUS03657,2025-07-31,0,0.38100358843803406
CUS05254,2025-08-31,0,0.38097333908081055
CUS07365,2025-09-30,0,0.3809540271759033
CUS02676,2025-07-31,0,0.38094860315322876
CUS04878,2025-09-30,0,0.3809245526790619
CUS00964,2025-07-31,0,0.3809172213077545
CUS02224,2025-09-30,1,0.38090795278549194
CUS07399,2025-09-30,1,0.38088351488113403
CUS02222,2025-07-31,1,0.3808553218841553
CUS02100,2025-08-31,0,0.38084542751312256
CUS06525,2025-08-31,0,0.380839467048645
CUS04052,2025-08-31,0,0.38083314895629883
CUS04102,2025-07-31,0,0.380796879529953
CUS06267,2025-08-31,1,0.3807893395423889
CUS05254,2025-09-30,0,0.38076379895210266
CUS06316,2025-08-31,0,0.38074108958244324
CUS07502,2025-07-31,1,0.38073909282684326
CUS06207,2025-08-31,1,0.38073885440826416
CUS07323,2025-09-30,0,0.3806544840335846
CUS03554,2025-07-31,0,0.38064470887184143
CUS04958,2025-08-31,1,0.38064444065093994
CUS05969,2025-07-31,0,0.38064152002334595
CUS04603,2025-09-30,0,0.38062533736228943
CUS00389,2025-08-31,0,0.38059601187705994
CUS02671,2025-07-31,0,0.3805820345878601
CUS03805,2025-07-31,0,0.3805793523788452
CUS01462,2025-08-31,0,0.3805791735649109
CUS01135,2025-08-31,1,0.3805669844150543
CUS01138,2025-08-31,1,0.38050350546836853
CUS05904,2025-09-30,1,0.38049909472465515
CUS01452,2025-08-31,0,0.3804785907268524
CUS00591,2025-08-31,0,0.38042134046554565
CUS06439,2025-07-31,0,0.38041338324546814
CUS00605,2025-08-31,0,0.38032928109169006
CUS07451,2025-08-31,1,0.38028302788734436
CUS00952,2025-07-31,0,0.3802828788757324
CUS06221,2025-07-31,0,0.3802734315395355
CUS06015,2025-07-31,0,0.38026162981987
CUS06323,2025-08-31,0,0.3802378475666046
CUS02143,2025-08-31,0,0.38022351264953613
CUS06786,2025-09-30,0,0.3801952600479126
CUS02699,2025-08-31,0,0.3801904022693634
CUS05319,2025-09-30,1,0.38018566370010376
CUS04468,2025-08-31,0,0.38009995222091675
CUS01597,2025-07-31,1,0.3800966441631317
CUS01204,2025-07-31,1,0.38005492091178894
CUS00658,2025-09-30,1,0.38001906871795654
CUS05861,2025-07-31,0,0.38000595569610596
CUS03446,2025-07-31,1,0.379966139793396
CUS04116,2025-07-31,0,0.37992778420448303
CUS07495,2025-08-31,0,0.3799112141132355
CUS04610,2025-09-30,1,0.3798607587814331
CUS00083,2025-09-30,0,0.37985721230506897
CUS05557,2025-09-30,0,0.3798516094684601
CUS01022,2025-09-30,0,0.37983185052871704
CUS04606,2025-08-31,0,0.3798092305660248
CUS02399,2025-09-30,0,0.3798010051250458
CUS03753,2025-07-31,0,0.37977153062820435
CUS01633,2025-09-30,0,0.3797469139099121
CUS00238,2025-08-31,0,0.3797297775745392
CUS03831,2025-07-31,0,0.3797130882740021
CUS02692,2025-08-31,1,0.37970244884490967
CUS07960,2025-09-30,1,0.37968525290489197
CUS05118,2025-08-31,0,0.3796680271625519
CUS04739,2025-07-31,0,0.3796110153198242
CUS06981,2025-09-30,0,0.3796009123325348
CUS06638,2025-07-31,0,0.3795675039291382
CUS03908,2025-08-31,0,0.37949466705322266
CUS04444,2025-07-31,0,0.3794938325881958
CUS00008,2025-09-30,0,0.37946656346321106
CUS01509,2025-09-30,1,0.37945935130119324
CUS04738,2025-07-31,0,0.379438191652298
CUS00211,2025-08-31,1,0.3794204592704773
CUS00540,2025-07-31,1,0.3794046640396118
CUS05694,2025-08-31,1,0.3794010877609253
CUS00485,2025-09-30,0,0.3793972432613373
CUS03729,2025-08-31,0,0.37939319014549255
CUS01369,2025-07-31,0,0.37935227155685425
CUS01426,2025-09-30,1,0.37934714555740356
CUS07930,2025-07-31,0,0.37932655215263367
CUS06235,2025-07-31,1,0.3793255686759949
CUS06889,2025-07-31,0,0.379313588142395
CUS07638,2025-07-31,0,0.37926098704338074
CUS06436,2025-09-30,0,0.3792191743850708
CUS00198,2025-08-31,1,0.37918877601623535
CUS01353,2025-07-31,1,0.3791781961917877
CUS07030,2025-09-30,0,0.3791602551937103
CUS03602,2025-09-30,0,0.37907642126083374
CUS00457,2025-08-31,0,0.3790566921234131
CUS00145,2025-08-31,0,0.37904980778694153
CUS07363,2025-08-31,0,0.379032164812088
CUS01381,2025-09-30,0,0.37897413969039917
CUS02714,2025-07-31,0,0.3789673149585724
CUS05494,2025-07-31,0,0.3789513111114502
CUS02111,2025-07-31,0,0.37894031405448914
CUS03193,2025-08-31,0,0.37887200713157654
CUS03515,2025-08-31,0,0.37884828448295593
CUS00733,2025-09-30,0,0.3788308799266815
CUS06583,2025-07-31,0,0.37882956862449646
CUS02488,2025-09-30,0,0.378812313079834
CUS01102,2025-07-31,0,0.3787629008293152
CUS07580,2025-09-30,0,0.37875306606292725
CUS01990,2025-09-30,0,0.37873125076293945
CUS05561,2025-08-31,0,0.3787226378917694
CUS06692,2025-08-31,0,0.3787115812301636
CUS04406,2025-07-31,0,0.3787060081958771
CUS07770,2025-09-30,0,0.37870341539382935
CUS03981,2025-07-31,1,0.3786831796169281
CUS07684,2025-07-31,1,0.3786748945713043
CUS02009,2025-08-31,0,0.3786424398422241
CUS02554,2025-09-30,0,0.37863993644714355
CUS00275,2025-08-31,0,0.3786396384239197
CUS01373,2025-08-31,0,0.37860462069511414
CUS03632,2025-09-30,1,0.37860190868377686
CUS03977,2025-07-31,0,0.378601610660553
CUS07177,2025-09-30,1,0.37859752774238586
CUS03129,2025-08-31,1,0.3785954713821411
CUS03767,2025-07-31,0,0.3785954713821411
CUS01156,2025-07-31,1,0.37856292724609375
CUS05520,2025-08-31,0,0.3785533308982849
CUS06883,2025-08-31,1,0.3785509765148163
CUS06490,2025-07-31,1,0.37854892015457153
CUS04309,2025-08-31,0,0.3785302937030792
CUS05969,2025-08-31,0,0.37851381301879883
CUS04265,2025-08-31,0,0.3785076439380646
CUS05594,2025-07-31,0,0.37848758697509766
CUS05087,2025-08-31,1,0.37845101952552795
CUS06768,2025-09-30,0,0.37836357951164246
CUS01912,2025-08-31,0,0.37832608819007874
CUS01092,2025-07-31,0,0.37831932306289673
CUS05498,2025-09-30,1,0.378287136554718
CUS07225,2025-07-31,1,0.37827175855636597
CUS06974,2025-09-30,0,0.3782510459423065
CUS03057,2025-08-31,1,0.37824490666389465
CUS06323,2025-07-31,0,0.3782321810722351
CUS05697,2025-07-31,0,0.3782261312007904
CUS07090,2025-07-31,1,0.3781529366970062
CUS03804,2025-07-31,0,0.3781239092350006
CUS02662,2025-08-31,0,0.3781079649925232
CUS05914,2025-07-31,0,0.37810248136520386
CUS02346,2025-08-31,0,0.3780149519443512
CUS05494,2025-08-31,0,0.3779938220977783
CUS01743,2025-07-31,1,0.3779936134815216
CUS03978,2025-07-31,0,0.37797802686691284
CUS06687,2025-09-30,0,0.37797436118125916
CUS03742,2025-07-31,0,0.3779500722885132
CUS03820,2025-08-31,0,0.3779478967189789
CUS07731,2025-09-30,0,0.3779447674751282
CUS05959,2025-08-31,0,0.377936989068985
CUS02247,2025-08-31,0,0.37791502475738525
CUS01435,2025-09-30,0,0.377908319234848
CUS00738,2025-07-31,0,0.3778986930847168
CUS00552,2025-08-31,0,0.3778826594352722
CUS05868,2025-07-31,1,0.37781277298927307
CUS02472,2025-08-31,0,0.3777875006198883
CUS06151,2025-08-31,0,0.3777821958065033
CUS01255,2025-08-31,0,0.37778130173683167
CUS00411,2025-09-30,0,0.37775862216949463
CUS06934,2025-07-31,0,0.37773793935775757
CUS02138,2025-08-31,0,0.3777340054512024
CUS03173,2025-08-31,0,0.3777042627334595
CUS02972,2025-07-31,0,0.37762451171875
CUS01710,2025-08-31,0,0.37758880853652954
CUS00242,2025-07-31,0,0.3775418996810913
CUS00074,2025-08-31,0,0.37751853466033936
CUS03471,2025-08-31,0,0.37748461961746216
CUS01017,2025-09-30,0,0.3774596154689789
CUS06904,2025-07-31,0,0.37745317816734314
CUS03898,2025-07-31,0,0.3774402439594269
CUS00248,2025-08-31,1,0.3774268329143524
CUS01873,2025-08-31,0,0.37741655111312866
CUS07714,2025-08-31,0,0.3773888349533081
CUS04492,2025-09-30,1,0.37736377120018005
CUS07536,2025-08-31,0,0.3773595094680786
CUS07721,2025-08-31,1,0.3773467540740967
CUS06213,2025-08-31,0,0.37732455134391785
CUS04211,2025-08-31,0,0.3773162364959717
CUS02438,2025-07-31,0,0.37727609276771545
CUS01242,2025-08-31,0,0.3772314190864563
CUS07134,2025-07-31,0,0.3771900236606598
CUS01361,2025-09-30,0,0.37718749046325684
CUS03032,2025-08-31,1,0.37716275453567505
CUS03327,2025-09-30,0,0.3770858347415924
CUS00086,2025-09-30,0,0.3770771920681
CUS05120,2025-09-30,0,0.37707164883613586
CUS06344,2025-09-30,1,0.3770446181297302
CUS02500,2025-09-30,0,0.377022385597229
CUS07093,2025-07-31,0,0.3769960403442383
CUS07109,2025-09-30,0,0.37695685029029846
CUS05375,2025-09-30,0,0.37694013118743896
CUS03795,2025-08-31,0,0.37689098715782166
CUS04004,2025-09-30,0,0.3768680989742279
CUS04116,2025-08-31,0,0.3768462538719177
CUS07056,2025-08-31,1,0.37682580947875977
CUS03607,2025-07-31,0,0.37681591510772705
CUS07530,2025-07-31,0,0.37678834795951843
CUS06154,2025-08-31,0,0.3767756223678589
CUS00474,2025-09-30,1,0.3767717778682709
CUS04262,2025-09-30,0,0.3767637312412262
CUS06645,2025-09-30,0,0.37675005197525024
CUS04760,2025-08-31,0,0.3767346739768982
CUS02554,2025-08-31,0,0.3767298758029938
CUS05364,2025-08-31,1,0.3767274022102356
CUS07649,2025-08-31,1,0.3766191601753235
CUS03272,2025-09-30,0,0.3766176402568817
CUS00233,2025-09-30,0,0.3765774071216583
CUS07731,2025-08-31,1,0.37653371691703796
CUS00569,2025-09-30,1,0.37653183937072754
CUS05124,2025-07-31,0,0.37651801109313965
CUS00469,2025-08-31,0,0.37650662660598755
CUS01814,2025-07-31,0,0.37648871541023254
CUS02853,2025-09-30,1,0.37648695707321167
CUS00452,2025-08-31,1,0.3764673173427582
CUS01978,2025-08-31,0,0.3764311969280243
CUS01639,2025-08-31,0,0.376425176858902
CUS00911,2025-09-30,0,0.37639299035072327
CUS06442,2025-07-31,0,0.3763878047466278
CUS05930,2025-07-31,0,0.37638309597969055
CUS01567,2025-09-30,0,0.37636566162109375
CUS01990,2025-08-31,1,0.3763391077518463
CUS00739,2025-09-30,1,0.37633904814720154
CUS03724,2025-07-31,1,0.3763379156589508
CUS00276,2025-08-31,0,0.3763291835784912
CUS07059,2025-09-30,1,0.3763085603713989
CUS00045,2025-09-30,0,0.3762572109699249
CUS01873,2025-09-30,0,0.3762417733669281
CUS07083,2025-09-30,0,0.376224547624588
CUS07331,2025-08-31,0,0.37620848417282104
CUS00216,2025-08-31,1,0.37616226077079773
CUS00819,2025-08-31,0,0.3761582672595978
CUS02980,2025-07-31,0,0.3760450780391693
CUS03570,2025-08-31,1,0.376010924577713
CUS07770,2025-08-31,0,0.37600937485694885
CUS03570,2025-09-30,0,0.37599822878837585
CUS07649,2025-09-30,1,0.3759874701499939
CUS01975,2025-09-30,1,0.3759828805923462
CUS07477,2025-09-30,0,0.37596258521080017
CUS01262,2025-09-30,0,0.3759536147117615
CUS04236,2025-08-31,0,0.3759526312351227
CUS07695,2025-07-31,0,0.3759388327598572
CUS03465,2025-07-31,0,0.3759380877017975
CUS04724,2025-09-30,1,0.3758394718170166
CUS06719,2025-08-31,0,0.3757869601249695
CUS02829,2025-07-31,0,0.3757811486721039
CUS00167,2025-09-30,0,0.37576568126678467
CUS01243,2025-09-30,1,0.37574413418769836
CUS01121,2025-08-31,0,0.3757309317588806
CUS03355,2025-07-31,0,0.3756994903087616
CUS05680,2025-07-31,0,0.37569567561149597
CUS07969,2025-09-30,1,0.3755860924720764
CUS00804,2025-08-31,1,0.3755668103694916
CUS02776,2025-09-30,1,0.3755533695220947
CUS05523,2025-09-30,0,0.3755224943161011
CUS01814,2025-08-31,0,0.3755066990852356
CUS02931,2025-07-31,0,0.37550005316734314
CUS02798,2025-09-30,1,0.37548479437828064
CUS07017,2025-09-30,0,0.3754290044307709
CUS04468,2025-09-30,0,0.3754226863384247
CUS01157,2025-07-31,1,0.3753967583179474
CUS06295,2025-09-30,0,0.3753909170627594
CUS00943,2025-09-30,0,0.3753787875175476
CUS04258,2025-07-31,0,0.3753686845302582
CUS03795,2025-07-31,0,0.37536031007766724
CUS07411,2025-09-30,0,0.3753584325313568
CUS03765,2025-08-31,0,0.37534064054489136
CUS00336,2025-07-31,0,0.37533363699913025
CUS00880,2025-09-30,1,0.3753330409526825
CUS00836,2025-08-31,0,0.37531208992004395
CUS02949,2025-08-31,0,0.37531059980392456
CUS02887,2025-09-30,0,0.37531015276908875
CUS02912,2025-08-31,0,0.3753093481063843
CUS07779,2025-08-31,0,0.37528476119041443
CUS06786,2025-08-31,0,0.37517619132995605
CUS07008,2025-09-30,0,0.37517249584198
CUS07409,2025-08-31,0,0.37516793608665466
CUS06784,2025-07-31,0,0.3751424252986908
CUS04606,2025-07-31,0,0.37513360381126404
CUS04447,2025-08-31,0,0.3751225769519806
CUS04322,2025-09-30,0,0.3751072883605957
CUS01830,2025-07-31,1,0.37499669194221497
CUS00731,2025-08-31,0,0.37491124868392944
CUS02809,2025-08-31,0,0.37486398220062256
CUS06566,2025-08-31,0,0.37485289573669434
CUS07063,2025-09-30,1,0.3748070001602173
CUS07067,2025-07-31,0,0.37480130791664124
CUS03261,2025-09-30,0,0.37478336691856384
CUS03110,2025-09-30,0,0.37477123737335205
CUS05718,2025-07-31,1,0.37473320960998535
CUS04876,2025-09-30,0,0.3747060000896454
CUS05708,2025-08-31,1,0.3746790587902069
CUS01873,2025-07-31,0,0.3746672570705414
CUS04939,2025-07-31,0,0.3746640384197235
CUS00445,2025-07-31,0,0.374637246131897
CUS00191,2025-08-31,0,0.37454259395599365
CUS04262,2025-08-31,0,0.37451040744781494
CUS05996,2025-07-31,0,0.37445834279060364
CUS00704,2025-07-31,1,0.3744482100009918
CUS04220,2025-09-30,0,0.3744015693664551
CUS04425,2025-07-31,0,0.374401330947876
CUS04686,2025-09-30,0,0.3743944764137268
CUS02752,2025-07-31,0,0.3743515908718109
CUS06211,2025-08-31,1,0.37433674931526184
CUS02608,2025-08-31,0,0.37433403730392456
CUS04306,2025-09-30,0,0.3743287920951843
CUS02486,2025-07-31,1,0.3742726147174835
CUS07705,2025-07-31,1,0.3742716908454895
CUS05466,2025-07-31,0,0.37423211336135864
CUS00994,2025-09-30,1,0.3742297291755676
CUS05666,2025-08-31,0,0.3741626441478729
CUS03190,2025-08-31,1,0.3741464912891388
CUS06455,2025-07-31,0,0.3741443455219269
CUS07009,2025-09-30,0,0.3741373121738434
CUS07574,2025-09-30,0,0.3741222023963928
CUS00066,2025-08-31,0,0.3740909695625305
CUS00408,2025-08-31,0,0.3740758001804352
CUS06387,2025-08-31,0,0.37404465675354004
CUS03471,2025-07-31,0,0.3740418553352356
CUS03918,2025-09-30,0,0.3739367425441742
CUS01710,2025-09-30,0,0.37391945719718933
CUS05128,2025-07-31,0,0.3738754093647003
CUS07418,2025-07-31,1,0.3738686144351959
CUS03340,2025-08-31,1,0.373867392539978
CUS03665,2025-07-31,1,0.3738650977611542
CUS03483,2025-09-30,0,0.3738325238227844
CUS05114,2025-08-31,1,0.3737795650959015
CUS00032,2025-09-30,0,0.37376973032951355
CUS03335,2025-07-31,1,0.37376052141189575
CUS02767,2025-09-30,0,0.37370485067367554
CUS07868,2025-09-30,1,0.3736906945705414
CUS00191,2025-09-30,0,0.37366628646850586
CUS02103,2025-07-31,0,0.37365034222602844
CUS02841,2025-09-30,0,0.37363994121551514
CUS07833,2025-07-31,0,0.3736344277858734
CUS03092,2025-08-31,0,0.3736271560192108
CUS01018,2025-09-30,0,0.37354567646980286
CUS03891,2025-08-31,0,0.3735346496105194
CUS00587,2025-08-31,0,0.37347927689552307
CUS00936,2025-08-31,0,0.37347590923309326
CUS04212,2025-07-31,0,0.3734506368637085
CUS05445,2025-07-31,1,0.373449444770813
CUS05858,2025-09-30,0,0.373441219329834
CUS00983,2025-07-31,0,0.3734357953071594
CUS02568,2025-07-31,0,0.3734327554702759
CUS04147,2025-07-31,1,0.3733956813812256
CUS03193,2025-07-31,0,0.3733954429626465
CUS05343,2025-07-31,0,0.37337252497673035
CUS05120,2025-08-31,1,0.3733716905117035
CUS07620,2025-07-31,0,0.3733471632003784
CUS04681,2025-07-31,0,0.3733327090740204
CUS03409,2025-09-30,0,0.3732953369617462
CUS03486,2025-09-30,0,0.3732876479625702
CUS00667,2025-08-31,0,0.37328284978866577
CUS00362,2025-08-31,1,0.37325793504714966
CUS06726,2025-09-30,0,0.3732415437698364
CUS04273,2025-07-31,0,0.373237669467926
CUS01360,2025-07-31,1,0.373232901096344
CUS02984,2025-07-31,1,0.37320831418037415
CUS04591,2025-07-31,0,0.37320756912231445
CUS03089,2025-07-31,0,0.3731865882873535
CUS06441,2025-08-31,0,0.37318113446235657
CUS07660,2025-09-30,0,0.37311410903930664
CUS01262,2025-08-31,0,0.37305477261543274
CUS03845,2025-09-30,0,0.37302812933921814
CUS01170,2025-08-31,0,0.3730078637599945
CUS00199,2025-08-31,0,0.37300315499305725
CUS01489,2025-09-30,0,0.3729737401008606
CUS04557,2025-09-30,1,0.3729531168937683
CUS07082,2025-07-31,0,0.37294718623161316
CUS03069,2025-09-30,1,0.3729175627231598
CUS04954,2025-08-31,1,0.3728260397911072
CUS01700,2025-08-31,0,0.3727250397205353
CUS00793,2025-07-31,0,0.3726937472820282
CUS00629,2025-07-31,1,0.37269192934036255
CUS06253,2025-09-30,0,0.37268006801605225
CUS00624,2025-08-31,0,0.37266743183135986
CUS06558,2025-08-31,0,0.37264907360076904
CUS01318,2025-08-31,1,0.3726382851600647
CUS01305,2025-07-31,0,0.3726348876953125
CUS00774,2025-09-30,1,0.3726322650909424
CUS07924,2025-08-31,0,0.372552752494812
CUS01768,2025-09-30,0,0.37251758575439453
CUS04206,2025-09-30,0,0.37242335081100464
CUS05810,2025-09-30,0,0.37241190671920776
CUS03092,2025-09-30,0,0.3723648190498352
CUS03504,2025-09-30,1,0.37235787510871887
CUS00086,2025-07-31,1,0.37224724888801575
CUS02874,2025-07-31,0,0.37224680185317993
CUS07883,2025-09-30,0,0.3722400963306427
CUS02195,2025-09-30,1,0.372214138507843
CUS06187,2025-08-31,0,0.37220218777656555
CUS03101,2025-07-31,1,0.37218084931373596
CUS03795,2025-09-30,0,0.37205883860588074
CUS05472,2025-08-31,0,0.37198880314826965
CUS00949,2025-09-30,0,0.3719772696495056
CUS00333,2025-07-31,1,0.37191808223724365
CUS02139,2025-09-30,0,0.37191298604011536
CUS04248,2025-09-30,1,0.3719004690647125
CUS03120,2025-08-31,0,0.37188664078712463
CUS06321,2025-08-31,1,0.37186723947525024
CUS02346,2025-09-30,0,0.3718656897544861
CUS03418,2025-08-31,1,0.3718528747558594
CUS01130,2025-09-30,1,0.3718063235282898
CUS00573,2025-09-30,0,0.3717920184135437
CUS02247,2025-07-31,0,0.37177184224128723
CUS04435,2025-07-31,0,0.3716355562210083
CUS03856,2025-09-30,0,0.3716354966163635
CUS06468,2025-09-30,0,0.3715004324913025
CUS00236,2025-09-30,1,0.3714951276779175
CUS05697,2025-08-31,0,0.3714793920516968
CUS00516,2025-09-30,0,0.3714737296104431
CUS04810,2025-07-31,1,0.3714461028575897
CUS05379,2025-08-31,0,0.371433824300766
CUS07107,2025-09-30,1,0.37143367528915405
CUS02986,2025-09-30,0,0.3714224100112915
CUS04772,2025-09-30,1,0.3713970184326172
CUS06469,2025-08-31,0,0.37139031291007996
CUS03554,2025-08-31,0,0.37132906913757324
CUS05545,2025-07-31,0,0.3713260591030121
CUS03608,2025-08-31,1,0.3712672293186188
CUS06576,2025-08-31,0,0.3712458908557892
CUS02150,2025-08-31,0,0.37120166420936584
CUS02707,2025-07-31,1,0.3711656332015991
CUS01025,2025-07-31,0,0.3711399734020233
CUS00774,2025-07-31,1,0.3711339831352234
CUS06677,2025-07-31,1,0.3711225390434265
CUS04213,2025-07-31,1,0.3711147904396057
CUS05853,2025-09-30,1,0.37110286951065063
CUS06706,2025-09-30,1,0.37097376585006714
CUS05288,2025-08-31,0,0.3709324300289154
CUS05364,2025-07-31,1,0.3709165155887604
CUS01740,2025-08-31,0,0.37089571356773376
CUS06509,2025-09-30,0,0.3708759844303131
CUS06970,2025-07-31,0,0.37084582448005676
CUS02217,2025-09-30,0,0.37082430720329285
CUS01209,2025-08-31,0,0.3708013892173767
CUS01744,2025-09-30,1,0.370710164308548
CUS06530,2025-09-30,0,0.37066400051116943
CUS01187,2025-09-30,0,0.3705683946609497
CUS01024,2025-09-30,0,0.37055203318595886
CUS06566,2025-07-31,0,0.37049952149391174
CUS04831,2025-09-30,1,0.37040939927101135
CUS04685,2025-08-31,0,0.370344877243042
CUS06404,2025-08-31,1,0.3703310787677765
CUS03554,2025-09-30,0,0.3702945411205292
CUS03784,2025-08-31,1,0.3702224791049957
CUS00612,2025-07-31,0,0.3701998293399811
CUS05738,2025-08-31,1,0.37016820907592773
CUS02699,2025-07-31,0,0.3701680600643158
CUS07930,2025-08-31,0,0.37015485763549805
CUS07467,2025-09-30,0,0.37013325095176697
CUS04897,2025-08-31,0,0.37006279826164246
CUS00700,2025-07-31,0,0.370027095079422
CUS01593,2025-08-31,0,0.3700048625469208
CUS00757,2025-09-30,0,0.3699970543384552
CUS00215,2025-09-30,1,0.36996638774871826
CUS05928,2025-09-30,0,0.36996138095855713
CUS00405,2025-09-30,1,0.3699328601360321
CUS07420,2025-09-30,1,0.36981573700904846
CUS04006,2025-08-31,0,0.3697822391986847
CUS01373,2025-09-30,0,0.3697810173034668
CUS00256,2025-07-31,0,0.36972758173942566
CUS05458,2025-07-31,0,0.36972376704216003
CUS01315,2025-09-30,0,0.36970338225364685
CUS02824,2025-09-30,0,0.369693398475647
CUS06158,2025-08-31,0,0.3696037530899048
CUS07715,2025-08-31,0,0.3695874512195587
CUS00745,2025-09-30,0,0.36952832341194153
CUS02614,2025-09-30,0,0.36951103806495667
CUS03471,2025-09-30,0,0.36950352787971497
CUS00004,2025-09-30,0,0.36949270963668823
CUS01940,2025-07-31,0,0.369486540555954
CUS07338,2025-08-31,0,0.36945831775665283
CUS07597,2025-08-31,0,0.3694440424442291
CUS07418,2025-08-31,1,0.36935386061668396
CUS07670,2025-07-31,0,0.3693428635597229
CUS01662,2025-07-31,1,0.36930254101753235
CUS05582,2025-07-31,1,0.3692878186702728
CUS02811,2025-09-30,0,0.3692711591720581
CUS04835,2025-09-30,0,0.36926430463790894
CUS07914,2025-09-30,1,0.3692154288291931
CUS04915,2025-07-31,1,0.36912307143211365
CUS01654,2025-07-31,0,0.36910825967788696
CUS05842,2025-09-30,0,0.3691031038761139
CUS04946,2025-09-30,0,0.36906635761260986
CUS05006,2025-07-31,1,0.36906570196151733
CUS07442,2025-09-30,1,0.3690597116947174
CUS03620,2025-07-31,0,0.3690565526485443
CUS04330,2025-07-31,1,0.36905553936958313
CUS06290,2025-07-31,0,0.3690463602542877
CUS04938,2025-09-30,1,0.3690093457698822
CUS00351,2025-09-30,1,0.36899369955062866
CUS02023,2025-08-31,0,0.3689597249031067
CUS06234,2025-09-30,0,0.36895954608917236
CUS03202,2025-08-31,0,0.36886247992515564
CUS01008,2025-08-31,1,0.36880746483802795
CUS04231,2025-07-31,0,0.36879751086235046
CUS03222,2025-07-31,1,0.3687609136104584
CUS03870,2025-08-31,1,0.3687147796154022
CUS07868,2025-08-31,1,0.3686954975128174
CUS02556,2025-08-31,0,0.36868584156036377
CUS02178,2025-08-31,0,0.3686460256576538
CUS05807,2025-07-31,1,0.3686453700065613
CUS03453,2025-07-31,1,0.3685545027256012
CUS05844,2025-09-30,0,0.3685542047023773
CUS02989,2025-08-31,0,0.36853447556495667
CUS00039,2025-09-30,0,0.36851298809051514
CUS01602,2025-08-31,1,0.368449866771698
CUS01086,2025-08-31,0,0.368446409702301
CUS04249,2025-09-30,0,0.3684155344963074
CUS01172,2025-09-30,1,0.36839380860328674
CUS03370,2025-09-30,0,0.3683668375015259
CUS01325,2025-08-31,0,0.3683244585990906
CUS07423,2025-07-31,0,0.3682789206504822
CUS06170,2025-09-30,1,0.3682684898376465
CUS03785,2025-07-31,1,0.3682372570037842
CUS02933,2025-09-30,1,0.3682284653186798
CUS02653,2025-07-31,0,0.36820924282073975
CUS00086,2025-08-31,1,0.3681885600090027
CUS01259,2025-09-30,0,0.3681076169013977
CUS00952,2025-08-31,0,0.3680841326713562
CUS07877,2025-08-31,0,0.36807703971862793
CUS05753,2025-09-30,0,0.36806339025497437
CUS04438,2025-08-31,0,0.3680385947227478
CUS03087,2025-08-31,0,0.36800074577331543
CUS00875,2025-09-30,0,0.3679892420768738
CUS05973,2025-08-31,0,0.3679804801940918
CUS07903,2025-08-31,1,0.3679790496826172
CUS00825,2025-07-31,1,0.36796650290489197
CUS03233,2025-09-30,1,0.3679148554801941
CUS05029,2025-09-30,1,0.36790165305137634
CUS00280,2025-07-31,0,0.36789074540138245
CUS00430,2025-07-31,0,0.3678692877292633
CUS06548,2025-07-31,1,0.36786019802093506
CUS00422,2025-07-31,0,0.3678191900253296
CUS06978,2025-08-31,1,0.3678116500377655
CUS03290,2025-07-31,0,0.3677820563316345
CUS04358,2025-07-31,0,0.3677639961242676
CUS05725,2025-09-30,0,0.36774972081184387
CUS06501,2025-09-30,1,0.3677464425563812
CUS03164,2025-07-31,0,0.36773398518562317
CUS01369,2025-09-30,0,0.36771225929260254
CUS05472,2025-09-30,0,0.3677098751068115
CUS01628,2025-08-31,0,0.36769285798072815
CUS05497,2025-09-30,0,0.36766645312309265
CUS01483,2025-08-31,0,0.36761751770973206
CUS04481,2025-09-30,1,0.3675713837146759
CUS03870,2025-07-31,1,0.36755502223968506
CUS06002,2025-09-30,0,0.36755114793777466
CUS05834,2025-09-30,0,0.3675016760826111
CUS02000,2025-09-30,0,0.3674769997596741
CUS04679,2025-09-30,1,0.3674342632293701
CUS00895,2025-07-31,0,0.3674173951148987
CUS00910,2025-08-31,0,0.36739733815193176
CUS02268,2025-09-30,0,0.3673853576183319
CUS07301,2025-07-31,0,0.36733749508857727
CUS02829,2025-08-31,0,0.36733460426330566
CUS02462,2025-09-30,0,0.3673272132873535
CUS04582,2025-08-31,0,0.36723923683166504
CUS07883,2025-08-31,0,0.36722734570503235
CUS04861,2025-09-30,0,0.3672066330909729
CUS00045,2025-07-31,1,0.3671979010105133
CUS03797,2025-09-30,0,0.3671847879886627
CUS04899,2025-08-31,0,0.36717891693115234
CUS00819,2025-09-30,0,0.367145299911499
CUS04325,2025-07-31,0,0.3671131134033203
CUS00336,2025-08-31,0,0.36709335446357727
CUS05131,2025-07-31,0,0.3670886158943176
CUS04330,2025-08-31,1,0.36702612042427063
CUS04984,2025-08-31,1,0.36696112155914307
CUS02886,2025-08-31,0,0.3669402003288269
CUS01138,2025-07-31,1,0.3669393062591553
CUS03245,2025-08-31,0,0.3669387698173523
CUS04614,2025-09-30,1,0.3668610155582428
CUS04751,2025-09-30,0,0.36680227518081665
CUS05131,2025-09-30,0,0.36670196056365967
CUS00555,2025-09-30,1,0.3666642904281616
CUS01582,2025-07-31,0,0.3666319251060486
CUS02245,2025-08-31,1,0.3665961027145386
CUS04246,2025-08-31,0,0.366594135761261
CUS01590,2025-09-30,0,0.3665528893470764
CUS00658,2025-08-31,1,0.3665229082107544
CUS06056,2025-07-31,1,0.36651143431663513
CUS03256,2025-09-30,0,0.366385817527771
CUS05541,2025-07-31,0,0.3663735091686249
CUS04340,2025-09-30,0,0.36635544896125793
CUS03104,2025-09-30,1,0.36631861329078674
CUS07453,2025-07-31,1,0.36630478501319885
CUS02323,2025-09-30,0,0.3663038909435272
CUS04208,2025-08-31,0,0.3663021922111511
CUS00118,2025-08-31,0,0.36625921726226807
CUS03022,2025-09-30,1,0.3662565052509308
CUS03484,2025-09-30,1,0.36622220277786255
CUS02372,2025-08-31,1,0.366221159696579
CUS05889,2025-08-31,0,0.36621639132499695
CUS01587,2025-09-30,0,0.3662095367908478
CUS05079,2025-07-31,0,0.36613893508911133
CUS04363,2025-08-31,0,0.3661179840564728
CUS04614,2025-08-31,1,0.36610954999923706
CUS03854,2025-09-30,0,0.3660852015018463
CUS06048,2025-07-31,0,0.3660370111465454
CUS04318,2025-08-31,0,0.3660150170326233
CUS05626,2025-09-30,0,0.3660106360912323
CUS00552,2025-07-31,1,0.3659985363483429
CUS06813,2025-09-30,0,0.36598828434944153
CUS07213,2025-08-31,0,0.365984708070755
CUS02555,2025-09-30,0,0.36598289012908936
CUS00838,2025-07-31,1,0.36594414710998535
CUS07972,2025-08-31,0,0.3659190535545349
CUS05004,2025-07-31,0,0.36580100655555725
CUS01490,2025-09-30,1,0.3657768666744232
CUS02402,2025-08-31,0,0.36577513813972473
CUS02980,2025-08-31,1,0.365753710269928
CUS03969,2025-07-31,0,0.36572039127349854
CUS05196,2025-07-31,0,0.3657133877277374
CUS00108,2025-07-31,0,0.3657020330429077
CUS00825,2025-09-30,1,0.3656865358352661
CUS04128,2025-08-31,0,0.36560705304145813
CUS01163,2025-07-31,0,0.3656066656112671
CUS02723,2025-09-30,0,0.36560532450675964
CUS07583,2025-07-31,0,0.365604430437088
CUS07042,2025-09-30,0,0.3656023442745209
CUS00104,2025-09-30,0,0.3656003475189209
CUS02941,2025-09-30,0,0.3655758798122406
CUS02850,2025-09-30,0,0.36556512117385864
CUS03905,2025-07-31,0,0.36556121706962585
CUS05745,2025-07-31,0,0.3655129373073578
CUS06883,2025-07-31,1,0.36548981070518494
CUS04136,2025-08-31,1,0.36536550521850586
CUS02608,2025-07-31,0,0.3653530478477478
CUS05080,2025-09-30,0,0.3653344511985779
CUS04896,2025-07-31,1,0.36533212661743164
CUS00238,2025-07-31,0,0.36531275510787964
CUS03874,2025-08-31,0,0.36529091000556946
CUS07860,2025-08-31,1,0.36524614691734314
CUS04631,2025-08-31,1,0.3652070164680481
CUS01774,2025-09-30,1,0.3652065694332123
CUS03373,2025-08-31,0,0.3652040958404541
CUS02750,2025-09-30,0,0.3651900291442871
CUS06580,2025-09-30,0,0.3651379942893982
CUS07594,2025-08-31,0,0.36512696743011475
CUS03494,2025-08-31,1,0.36509913206100464
CUS05945,2025-08-31,1,0.3649767339229584
CUS05351,2025-07-31,1,0.364973783493042
CUS06794,2025-07-31,0,0.36497268080711365
CUS06368,2025-08-31,0,0.3649680018424988
CUS05080,2025-07-31,0,0.3649466335773468
CUS07696,2025-07-31,1,0.36494389176368713
CUS00500,2025-07-31,0,0.364930123090744
CUS01780,2025-08-31,0,0.3649251461029053
CUS01184,2025-07-31,0,0.3648374378681183
CUS00596,2025-07-31,0,0.36478129029273987
CUS00199,2025-07-31,0,0.36476293206214905
CUS06498,2025-08-31,1,0.36475253105163574
CUS02634,2025-09-30,0,0.3647199273109436
CUS07768,2025-08-31,1,0.36465367674827576
CUS04908,2025-09-30,0,0.36465105414390564
CUS00036,2025-08-31,1,0.36464929580688477
CUS06240,2025-07-31,0,0.3646426796913147
CUS02388,2025-09-30,0,0.36462244391441345
CUS03078,2025-08-31,0,0.3645842969417572
CUS02471,2025-09-30,0,0.3645809292793274
CUS06554,2025-07-31,0,0.3645274043083191
CUS00370,2025-09-30,0,0.3645077347755432
CUS05561,2025-09-30,0,0.3644900619983673
CUS07268,2025-08-31,0,0.3644682765007019
CUS00835,2025-09-30,0,0.3644658029079437
CUS05470,2025-09-30,1,0.3643575608730316
CUS07960,2025-08-31,1,0.3643531799316406
CUS02016,2025-08-31,1,0.364306777715683
CUS01003,2025-08-31,0,0.3642834722995758
CUS07987,2025-07-31,0,0.3642495572566986
CUS06775,2025-08-31,0,0.3642406463623047
CUS05325,2025-07-31,0,0.3641839325428009
CUS04435,2025-09-30,1,0.36418190598487854
CUS01885,2025-07-31,0,0.3641514480113983
CUS07467,2025-08-31,0,0.3641375005245209
CUS07925,2025-07-31,0,0.3641361892223358
CUS01424,2025-08-31,1,0.36413201689720154
CUS03615,2025-08-31,0,0.36402979493141174
CUS06990,2025-09-30,0,0.36398330330848694
CUS01655,2025-08-31,0,0.3639741539955139
CUS02264,2025-07-31,0,0.36397069692611694
CUS01303,2025-08-31,0,0.3639458417892456
CUS04876,2025-08-31,0,0.36391711235046387
CUS00797,2025-09-30,0,0.36390188336372375
CUS00745,2025-08-31,0,0.36390143632888794
CUS01291,2025-08-31,0,0.3638715147972107
CUS03257,2025-08-31,0,0.3638680875301361
CUS04844,2025-07-31,0,0.3638615608215332
CUS02714,2025-08-31,0,0.36385345458984375
CUS04619,2025-09-30,0,0.3638148903846741
CUS04033,2025-08-31,0,0.3637756109237671
CUS06392,2025-09-30,0,0.36372342705726624
CUS05170,2025-07-31,0,0.36366069316864014
CUS05658,2025-09-30,1,0.3636271059513092
CUS03368,2025-08-31,1,0.36362558603286743
CUS02924,2025-07-31,1,0.36361178755760193
CUS02436,2025-09-30,1,0.3635968863964081
CUS02292,2025-07-31,1,0.3634938597679138
CUS04435,2025-08-31,1,0.36348000168800354
CUS04738,2025-08-31,0,0.363418310880661
CUS04288,2025-09-30,0,0.36339327692985535
CUS03218,2025-09-30,0,0.3633826971054077
CUS04383,2025-07-31,0,0.3633522093296051
CUS05385,2025-09-30,0,0.36330336332321167
CUS03635,2025-09-30,1,0.3632378578186035
CUS00840,2025-09-30,0,0.3632347285747528
CUS03935,2025-09-30,0,0.3632262945175171
CUS05383,2025-09-30,0,0.3632197976112366
CUS00402,2025-07-31,0,0.3631635904312134
CUS03785,2025-08-31,1,0.36314070224761963
CUS00120,2025-07-31,0,0.36310452222824097
CUS02886,2025-09-30,0,0.363097608089447
CUS04946,2025-08-31,0,0.3630460798740387
CUS04206,2025-08-31,0,0.3630189597606659
CUS00657,2025-08-31,1,0.3630169928073883
CUS07137,2025-08-31,0,0.3630072772502899
CUS07477,2025-07-31,0,0.3629671633243561
CUS06470,2025-07-31,0,0.36287057399749756
CUS05553,2025-09-30,1,0.36280715465545654
CUS00378,2025-07-31,1,0.3627902865409851
CUS01285,2025-07-31,0,0.3627898097038269
CUS00750,2025-09-30,0,0.36277997493743896
CUS07654,2025-08-31,0,0.3627527058124542
CUS07856,2025-08-31,1,0.36274453997612
CUS03256,2025-08-31,0,0.3627227544784546
CUS04939,2025-09-30,0,0.3627212643623352
CUS04006,2025-07-31,0,0.3626691699028015
CUS00584,2025-09-30,0,0.36265477538108826
CUS07878,2025-09-30,0,0.3625853955745697
CUS02598,2025-08-31,0,0.3625541925430298
CUS01924,2025-08-31,0,0.3625282347202301
CUS04222,2025-09-30,1,0.3625277578830719
CUS00196,2025-08-31,0,0.3625224828720093
CUS07921,2025-09-30,0,0.3624991476535797
CUS02123,2025-08-31,0,0.36249810457229614
CUS03297,2025-09-30,0,0.362498015165329
CUS01998,2025-08-31,0,0.36248859763145447
CUS07779,2025-07-31,0,0.36246204376220703
CUS04757,2025-09-30,1,0.36245742440223694
CUS03032,2025-07-31,1,0.36244282126426697
CUS07713,2025-08-31,1,0.3624340295791626
CUS04925,2025-09-30,0,0.3624260127544403
CUS02986,2025-08-31,0,0.3623747229576111
CUS01882,2025-07-31,0,0.3623676598072052
CUS00334,2025-07-31,0,0.36235642433166504
CUS07364,2025-07-31,0,0.36234018206596375
CUS07730,2025-09-30,0,0.3623393177986145
CUS01165,2025-08-31,0,0.3623238801956177
CUS05024,2025-08-31,0,0.36232200264930725
CUS00859,2025-07-31,1,0.362311989068985
CUS03187,2025-09-30,0,0.3622569739818573
CUS06466,2025-07-31,0,0.36222925782203674
CUS02754,2025-09-30,1,0.36221450567245483
CUS03080,2025-07-31,1,0.3621998131275177
CUS01642,2025-07-31,0,0.36219459772109985
CUS04701,2025-08-31,0,0.36217889189720154
CUS01011,2025-08-31,0,0.36214619874954224
CUS01056,2025-08-31,0,0.3621291220188141
CUS01682,2025-09-30,0,0.36212849617004395
CUS04896,2025-09-30,0,0.36209094524383545
CUS00866,2025-08-31,0,0.36207807064056396
CUS03598,2025-09-30,1,0.36206430196762085
CUS03974,2025-09-30,0,0.3620508313179016
CUS04911,2025-09-30,0,0.3620508015155792
CUS06365,2025-09-30,0,0.3620470464229584
CUS04025,2025-07-31,0,0.3620049059391022
CUS00932,2025-09-30,1,0.3619269132614136
CUS01740,2025-07-31,0,0.3618415892124176
CUS01533,2025-07-31,0,0.3618181049823761
CUS00054,2025-09-30,0,0.3617594540119171
CUS03197,2025-07-31,0,0.3617526888847351
CUS00664,2025-07-31,0,0.361737459897995
CUS02337,2025-07-31,0,0.3617345988750458
CUS05079,2025-08-31,0,0.361733615398407
CUS04042,2025-08-31,0,0.3617180585861206
CUS04386,2025-07-31,1,0.36170855164527893
CUS05040,2025-07-31,0,0.36165425181388855
CUS04211,2025-09-30,1,0.36148375272750854
CUS07620,2025-08-31,0,0.361287921667099
CUS07919,2025-09-30,0,0.36124783754348755
CUS04174,2025-09-30,1,0.3612302839756012
CUS01679,2025-08-31,0,0.3611501455307007
CUS01424,2025-07-31,1,0.3611258268356323
CUS02361,2025-08-31,0,0.36112290620803833
CUS07856,2025-09-30,1,0.36109861731529236
CUS00336,2025-09-30,0,0.3610711097717285
CUS06982,2025-08-31,1,0.3610532283782959
CUS04954,2025-09-30,0,0.3610219657421112
CUS01235,2025-07-31,1,0.361014723777771
CUS01128,2025-09-30,0,0.3609837293624878
CUS05666,2025-07-31,0,0.360933780670166
CUS06820,2025-07-31,0,0.3608701825141907
CUS02132,2025-09-30,0,0.3608662784099579
CUS04988,2025-08-31,0,0.36082684993743896
CUS06785,2025-07-31,1,0.3608196973800659
CUS07920,2025-09-30,0,0.36081111431121826
CUS05206,2025-09-30,1,0.3608062267303467
CUS05011,2025-09-30,1,0.3607962131500244
CUS00569,2025-08-31,1,0.3607587218284607
CUS04318,2025-09-30,0,0.36067482829093933
CUS06935,2025-07-31,0,0.3606564402580261
CUS00436,2025-08-31,0,0.3606535792350769
CUS05021,2025-07-31,0,0.3605884313583374
CUS06222,2025-08-31,0,0.36058810353279114
CUS02927,2025-09-30,0,0.3605300188064575
CUS04644,2025-09-30,0,0.3605252206325531
CUS07627,2025-07-31,1,0.3605085015296936
CUS07576,2025-08-31,1,0.36050179600715637
CUS05647,2025-07-31,1,0.36050111055374146
CUS05622,2025-09-30,0,0.3604518175125122
CUS01689,2025-09-30,0,0.3604321777820587
CUS01847,2025-09-30,0,0.3604310154914856
CUS00596,2025-09-30,0,0.3604106605052948
CUS02949,2025-09-30,0,0.3603611886501312
CUS00066,2025-07-31,0,0.3603523373603821
CUS07851,2025-07-31,1,0.3603402376174927
CUS07052,2025-07-31,0,0.3602920472621918
CUS06719,2025-09-30,0,0.36028239130973816
CUS02989,2025-09-30,0,0.36023375391960144
CUS06631,2025-09-30,0,0.3601808547973633
CUS01416,2025-07-31,1,0.3601608872413635
CUS01479,2025-07-31,0,0.360103964805603
CUS04927,2025-09-30,1,0.3601010739803314
CUS02744,2025-07-31,0,0.3600761592388153
CUS04831,2025-08-31,0,0.36007481813430786
CUS06861,2025-09-30,0,0.36002540588378906
CUS01869,2025-09-30,0,0.3600127398967743
CUS00983,2025-08-31,0,0.3600023090839386
CUS01831,2025-07-31,0,0.35994330048561096
CUS03274,2025-09-30,0,0.3598688244819641
CUS02493,2025-08-31,0,0.35984987020492554
CUS02260,2025-09-30,1,0.3598240911960602
CUS03229,2025-07-31,0,0.35981494188308716
CUS07153,2025-08-31,0,0.3597460091114044
CUS03107,2025-07-31,0,0.35971948504447937
CUS04354,2025-08-31,1,0.359706312417984
CUS01686,2025-08-31,1,0.3596646785736084
CUS02722,2025-09-30,0,0.359664648771286
CUS02864,2025-07-31,0,0.35963213443756104
CUS07308,2025-09-30,0,0.3596225380897522
CUS07972,2025-09-30,0,0.35959503054618835
CUS00935,2025-08-31,1,0.35959237813949585
CUS00990,2025-07-31,0,0.35959115624427795
CUS06791,2025-09-30,0,0.35958969593048096
CUS04057,2025-08-31,0,0.35956671833992004
CUS02348,2025-08-31,0,0.3595636487007141
CUS00849,2025-07-31,0,0.3595319986343384
CUS07851,2025-08-31,0,0.35949787497520447
CUS02850,2025-07-31,0,0.3594876229763031
CUS00478,2025-07-31,0,0.35945242643356323
CUS02836,2025-08-31,0,0.3594490885734558
CUS07153,2025-09-30,0,0.359426349401474
CUS04399,2025-07-31,1,0.3594156801700592
CUS03059,2025-07-31,1,0.35938236117362976
CUS04481,2025-08-31,1,0.3593646287918091
CUS05247,2025-08-31,1,0.3593537211418152
CUS03468,2025-09-30,1,0.3593423366546631
CUS06245,2025-09-30,0,0.35931190848350525
CUS06754,2025-07-31,1,0.3593024015426636
CUS05661,2025-07-31,0,0.3592974543571472
CUS03044,2025-07-31,1,0.35924920439720154
CUS07567,2025-09-30,0,0.3592374324798584
CUS05168,2025-09-30,0,0.3592332601547241
CUS05122,2025-09-30,0,0.35920101404190063
CUS04079,2025-09-30,1,0.3591865003108978
CUS06574,2025-09-30,0,0.35913482308387756
CUS05109,2025-07-31,0,0.3590517044067383
CUS02257,2025-08-31,0,0.3590486943721771
CUS00436,2025-09-30,0,0.35904836654663086
CUS06151,2025-07-31,0,0.3589915931224823
CUS05002,2025-08-31,0,0.3589363694190979
CUS04897,2025-07-31,0,0.3587774634361267
CUS06357,2025-07-31,1,0.35877612233161926
CUS07059,2025-08-31,1,0.35869646072387695
CUS04567,2025-09-30,0,0.3586221933364868
CUS02683,2025-09-30,1,0.3585904538631439
CUS00501,2025-08-31,0,0.3585895299911499
CUS02897,2025-07-31,0,0.35858380794525146
CUS06370,2025-09-30,1,0.358551025390625
CUS04395,2025-08-31,0,0.3585372865200043
CUS03628,2025-07-31,0,0.3585236072540283
CUS01490,2025-08-31,1,0.35851532220840454
CUS06179,2025-09-30,0,0.3585095703601837
CUS03824,2025-09-30,1,0.358507364988327
CUS02904,2025-09-30,1,0.3585017919540405
CUS03534,2025-08-31,0,0.35847705602645874
CUS06779,2025-07-31,0,0.3584548532962799
CUS01503,2025-09-30,0,0.35843053460121155
CUS02928,2025-09-30,0,0.3584285378456116
CUS04685,2025-07-31,0,0.35837307572364807
CUS04166,2025-07-31,0,0.3583669662475586
CUS05515,2025-08-31,0,0.3583648204803467
CUS04173,2025-09-30,1,0.35829979181289673
CUS01342,2025-07-31,0,0.358284056186676
CUS02634,2025-08-31,0,0.35827529430389404
CUS05699,2025-09-30,0,0.35826972126960754
CUS06988,2025-08-31,0,0.358239084482193
CUS07995,2025-09-30,1,0.358159601688385
CUS01682,2025-08-31,0,0.3581516444683075
CUS04988,2025-09-30,0,0.35814276337623596
CUS03784,2025-09-30,0,0.3581346571445465
CUS00226,2025-08-31,0,0.35811543464660645
CUS06503,2025-09-30,0,0.3580624461174011
CUS02698,2025-08-31,0,0.3580356538295746
CUS05471,2025-08-31,0,0.35802745819091797
CUS01415,2025-08-31,0,0.3579983711242676
CUS01434,2025-09-30,0,0.35798364877700806
CUS07490,2025-08-31,1,0.35796409845352173
CUS04401,2025-07-31,0,0.3579306900501251
CUS06931,2025-07-31,0,0.35787686705589294
CUS02104,2025-09-30,1,0.3578651547431946
CUS07330,2025-09-30,0,0.3578639328479767
CUS02986,2025-07-31,0,0.35785409808158875
CUS04605,2025-09-30,0,0.3578284978866577
CUS04245,2025-08-31,0,0.35782572627067566
CUS07782,2025-09-30,1,0.35779646039009094
CUS00629,2025-09-30,0,0.35775306820869446
CUS00819,2025-07-31,0,0.3577280342578888
CUS06303,2025-08-31,1,0.35772010684013367
CUS05939,2025-07-31,0,0.3577166795730591
CUS02836,2025-09-30,0,0.3576687276363373
CUS06411,2025-07-31,0,0.35765916109085083
CUS03218,2025-07-31,0,0.35764986276626587
CUS02718,2025-08-31,0,0.3576364815235138
CUS01602,2025-07-31,1,0.35763001441955566
CUS02899,2025-07-31,0,0.3576176166534424
CUS00406,2025-08-31,0,0.357616126537323
CUS04201,2025-08-31,0,0.3576139509677887
CUS00044,2025-09-30,0,0.35758066177368164
CUS01953,2025-09-30,0,0.35757556557655334
CUS02011,2025-08-31,1,0.35756435990333557
CUS00700,2025-08-31,0,0.35756298899650574
CUS02887,2025-08-31,0,0.35755565762519836
CUS04288,2025-07-31,0,0.3575459122657776
CUS06035,2025-08-31,0,0.35745957493782043
CUS05687,2025-07-31,0,0.3574264347553253
CUS01809,2025-08-31,1,0.35741856694221497
CUS02527,2025-09-30,1,0.35738974809646606
CUS03623,2025-08-31,0,0.35738134384155273
CUS01416,2025-08-31,1,0.3573767840862274
CUS07018,2025-07-31,0,0.35735341906547546
CUS04524,2025-09-30,0,0.35733190178871155
CUS07136,2025-09-30,1,0.357317179441452
CUS02063,2025-08-31,0,0.3573048412799835
CUS07067,2025-08-31,1,0.3572399318218231
CUS03656,2025-09-30,0,0.35717642307281494
CUS04613,2025-07-31,0,0.35710883140563965
CUS05766,2025-07-31,1,0.35710662603378296
CUS06642,2025-07-31,0,0.357060968875885
CUS07411,2025-08-31,1,0.3570355474948883
CUS06125,2025-08-31,0,0.3569778501987457
CUS03268,2025-09-30,0,0.35695716738700867
CUS02979,2025-09-30,1,0.3569125831127167
CUS07623,2025-08-31,0,0.3568919003009796
CUS02973,2025-09-30,1,0.35689038038253784
CUS01529,2025-09-30,0,0.3568761348724365
CUS05818,2025-09-30,0,0.35685330629348755
CUS07061,2025-09-30,0,0.3568459153175354
CUS07715,2025-09-30,0,0.35680949687957764
CUS02044,2025-08-31,0,0.3567783534526825
CUS07273,2025-07-31,0,0.3567318022251129
CUS01365,2025-09-30,0,0.3566952645778656
CUS02902,2025-08-31,0,0.35668906569480896
CUS05980,2025-09-30,0,0.35666754841804504
CUS02465,2025-09-30,0,0.3566276729106903
CUS07649,2025-07-31,1,0.3565720319747925
CUS05834,2025-08-31,0,0.3565421402454376
CUS07922,2025-07-31,0,0.356488436460495
CUS07275,2025-07-31,0,0.356474369764328
CUS02854,2025-07-31,0,0.35647252202033997
CUS07657,2025-07-31,0,0.3564489781856537
CUS07612,2025-08-31,0,0.3564379811286926
CUS06087,2025-08-31,0,0.3564182221889496
CUS05198,2025-07-31,1,0.35641154646873474
CUS04236,2025-07-31,0,0.3563854694366455
CUS05029,2025-07-31,1,0.35634228587150574
CUS04971,2025-07-31,0,0.35623815655708313
CUS07643,2025-08-31,0,0.3562341630458832
CUS03635,2025-08-31,1,0.3561990261077881
CUS00629,2025-08-31,0,0.3561902344226837
CUS01774,2025-07-31,0,0.3561485707759857
CUS02705,2025-08-31,1,0.35614123940467834
CUS03022,2025-08-31,1,0.35613977909088135
CUS07000,2025-08-31,0,0.35611608624458313
CUS00290,2025-08-31,0,0.3561074137687683
CUS02436,2025-08-31,1,0.3559592664241791
CUS01456,2025-07-31,1,0.3559575378894806
CUS04657,2025-08-31,1,0.35595741868019104
CUS00759,2025-07-31,0,0.35594069957733154
CUS00966,2025-08-31,0,0.35593175888061523
CUS04058,2025-08-31,0,0.3559139370918274
CUS05137,2025-08-31,0,0.35589277744293213
CUS01346,2025-07-31,0,0.3558841943740845
CUS04679,2025-07-31,1,0.3558732867240906
CUS02568,2025-09-30,0,0.3558637499809265
CUS02798,2025-07-31,1,0.3558412194252014
CUS06455,2025-09-30,0,0.3558345139026642
CUS02027,2025-09-30,0,0.3558155596256256
CUS00955,2025-09-30,0,0.3557809591293335
CUS01732,2025-08-31,0,0.3557581603527069
CUS06125,2025-09-30,0,0.3557368516921997
CUS03077,2025-08-31,0,0.35573408007621765
CUS05526,2025-07-31,0,0.35571783781051636
CUS04570,2025-09-30,0,0.35571494698524475
CUS07055,2025-07-31,0,0.35567736625671387
CUS04218,2025-09-30,0,0.35559576749801636
CUS00603,2025-09-30,0,0.3555707335472107
CUS01392,2025-07-31,0,0.35554394125938416
CUS03717,2025-07-31,0,0.3555145561695099
CUS00664,2025-09-30,0,0.3555135428905487
CUS05149,2025-08-31,0,0.35549449920654297
CUS00531,2025-07-31,0,0.3554353415966034
CUS03656,2025-08-31,0,0.355405330657959
CUS03044,2025-08-31,0,0.3553777039051056
CUS02634,2025-07-31,0,0.35533609986305237
CUS00129,2025-09-30,0,0.35533350706100464
CUS07727,2025-08-31,0,0.35532596707344055
CUS01304,2025-08-31,0,0.3552749752998352
CUS00849,2025-08-31,0,0.3552609086036682
CUS05864,2025-09-30,1,0.35524997115135193
CUS01214,2025-08-31,0,0.35523533821105957
CUS01024,2025-08-31,1,0.35520949959754944
CUS00603,2025-08-31,0,0.3551987409591675
CUS01445,2025-08-31,0,0.3551879823207855
CUS05114,2025-09-30,0,0.3551589846611023
CUS03807,2025-08-31,0,0.35508447885513306
CUS07897,2025-08-31,0,0.35507649183273315
CUS01655,2025-07-31,0,0.35495588183403015
CUS00474,2025-08-31,1,0.3548849821090698
CUS04515,2025-09-30,1,0.35485124588012695
CUS01049,2025-09-30,0,0.35485002398490906
CUS05938,2025-08-31,1,0.3548210859298706
CUS05098,2025-09-30,0,0.3547910749912262
CUS04619,2025-07-31,0,0.3547862470149994
CUS02910,2025-08-31,1,0.35478153824806213
CUS02614,2025-08-31,0,0.35475751757621765
CUS02073,2025-08-31,1,0.35474011301994324
CUS04660,2025-07-31,0,0.3547382652759552
CUS00389,2025-09-30,0,0.35473304986953735
CUS04643,2025-08-31,0,0.35472896695137024
CUS02649,2025-08-31,0,0.35471853613853455
CUS02378,2025-07-31,1,0.35468247532844543
CUS04159,2025-07-31,1,0.35460391640663147
CUS03110,2025-08-31,0,0.3545979857444763
CUS05409,2025-09-30,0,0.354593425989151
CUS04086,2025-08-31,1,0.35458093881607056
CUS06583,2025-08-31,0,0.35457760095596313
CUS07663,2025-09-30,0,0.35449326038360596
CUS04935,2025-07-31,1,0.3544909954071045
CUS07576,2025-07-31,1,0.3544690012931824
CUS00948,2025-09-30,1,0.35446012020111084
CUS03721,2025-08-31,0,0.3544517159461975
CUS02526,2025-07-31,1,0.35443514585494995
CUS01992,2025-09-30,0,0.35442572832107544
CUS02183,2025-08-31,0,0.35441574454307556
CUS05960,2025-08-31,1,0.3543897569179535
CUS01054,2025-09-30,0,0.35437771677970886
CUS02108,2025-09-30,0,0.35437169671058655
CUS00226,2025-09-30,0,0.35436397790908813
CUS06923,2025-09-30,0,0.35431256890296936
CUS01851,2025-08-31,0,0.3543095886707306
CUS03548,2025-07-31,1,0.35427114367485046
CUS07985,2025-08-31,0,0.35426414012908936
CUS06410,2025-09-30,0,0.3542611002922058
CUS02016,2025-07-31,1,0.35424312949180603
CUS03727,2025-08-31,0,0.3542118966579437
CUS03279,2025-08-31,0,0.354198157787323
CUS01656,2025-07-31,0,0.35419413447380066
CUS03447,2025-08-31,1,0.35417798161506653
CUS01610,2025-08-31,0,0.3541204035282135
CUS01729,2025-07-31,0,0.354091078042984
CUS06187,2025-07-31,0,0.35405856370925903
CUS00516,2025-08-31,0,0.3540017306804657
CUS01423,2025-09-30,0,0.35399842262268066
CUS01614,2025-09-30,0,0.3539762794971466
CUS05828,2025-07-31,0,0.3539283871650696
CUS04209,2025-09-30,1,0.3538907766342163
CUS00064,2025-07-31,0,0.353868305683136
CUS01707,2025-09-30,0,0.3538403809070587
CUS06036,2025-08-31,0,0.35383379459381104
CUS03525,2025-09-30,1,0.3537716567516327
CUS00712,2025-07-31,0,0.3537658751010895
CUS06722,2025-08-31,1,0.3537376821041107
CUS06032,2025-09-30,0,0.35372790694236755
CUS05320,2025-09-30,0,0.3536846339702606
CUS05075,2025-08-31,0,0.35366976261138916
CUS07336,2025-09-30,0,0.3536635935306549
CUS02036,2025-08-31,0,0.3536356985569
CUS03183,2025-09-30,1,0.3536212742328644
CUS01426,2025-08-31,1,0.353620320558548
CUS04336,2025-07-31,0,0.35354965925216675
CUS00019,2025-08-31,0,0.3535213768482208
CUS02284,2025-07-31,0,0.3534935414791107
CUS03896,2025-09-30,0,0.35348597168922424
CUS05420,2025-08-31,1,0.35348448157310486
CUS02026,2025-09-30,0,0.35348448157310486
CUS02894,2025-08-31,0,0.3534170091152191
CUS00491,2025-08-31,1,0.35334938764572144
CUS06264,2025-09-30,1,0.35328879952430725
CUS05075,2025-09-30,0,0.35327833890914917
CUS04329,2025-09-30,1,0.3532768487930298
CUS03366,2025-09-30,1,0.3532707393169403
CUS06485,2025-09-30,0,0.35324713587760925
CUS04961,2025-07-31,0,0.35311728715896606
CUS05443,2025-08-31,0,0.3530800938606262
CUS00938,2025-09-30,0,0.3530513048171997
CUS06264,2025-07-31,0,0.35304203629493713
CUS07234,2025-09-30,0,0.35303398966789246
CUS03661,2025-09-30,0,0.3530258238315582
CUS03771,2025-09-30,0,0.35295796394348145
CUS02136,2025-08-31,0,0.3529350459575653
CUS05663,2025-07-31,1,0.3529243469238281
CUS04384,2025-08-31,0,0.3529031276702881
CUS01330,2025-07-31,0,0.35288989543914795
CUS05148,2025-07-31,1,0.35284286737442017
CUS02101,2025-08-31,1,0.3528237044811249
CUS00351,2025-08-31,1,0.3527507483959198
CUS04046,2025-08-31,0,0.3527238667011261
CUS06990,2025-08-31,0,0.3527205288410187
CUS07536,2025-07-31,0,0.3527054190635681
CUS00894,2025-08-31,0,0.3526933789253235
CUS03772,2025-07-31,0,0.35269030928611755
CUS03680,2025-07-31,0,0.352643758058548
CUS06999,2025-08-31,0,0.3525995910167694
CUS00604,2025-07-31,1,0.3525989353656769
CUS00064,2025-08-31,0,0.3525555729866028
CUS03908,2025-07-31,0,0.3525405526161194
CUS04896,2025-08-31,0,0.3525126576423645
CUS03624,2025-07-31,0,0.35251250863075256
CUS05642,2025-08-31,0,0.35245704650878906
CUS05526,2025-09-30,0,0.35243842005729675
CUS04863,2025-08-31,0,0.35243669152259827
CUS06302,2025-07-31,1,0.35242539644241333
CUS00746,2025-07-31,1,0.3523585796356201
CUS01021,2025-08-31,0,0.3523210883140564
CUS07726,2025-08-31,1,0.35229241847991943
CUS04541,2025-09-30,0,0.352279394865036
CUS07547,2025-08-31,0,0.35225337743759155
CUS00528,2025-09-30,0,0.3522370159626007
CUS01567,2025-08-31,0,0.35222601890563965
CUS00503,2025-09-30,1,0.35220175981521606
CUS02791,2025-08-31,0,0.35215210914611816
CUS02518,2025-09-30,0,0.35211634635925293
CUS03791,2025-07-31,0,0.3520761728286743
CUS06230,2025-09-30,0,0.35195550322532654
CUS04736,2025-09-30,1,0.35194531083106995
CUS01542,2025-09-30,1,0.3519437611103058
CUS03536,2025-07-31,1,0.35193854570388794
CUS00564,2025-09-30,0,0.35193249583244324
CUS01416,2025-09-30,1,0.35193002223968506
CUS03508,2025-09-30,0,0.3519243001937866
CUS06123,2025-08-31,0,0.35191646218299866
CUS00884,2025-07-31,1,0.3519115447998047
CUS05777,2025-08-31,0,0.3518732190132141
CUS00932,2025-08-31,1,0.35186412930488586
CUS00658,2025-07-31,1,0.35184019804000854
CUS06439,2025-08-31,1,0.3517889082431793
CUS00564,2025-08-31,0,0.3517475128173828
CUS02493,2025-09-30,1,0.3517157733440399
CUS04657,2025-09-30,1,0.3517105281352997
CUS07209,2025-09-30,0,0.3517068028450012
CUS07838,2025-08-31,0,0.3517049551010132
CUS05778,2025-07-31,1,0.3516819179058075
CUS03441,2025-09-30,1,0.3516663610935211
CUS00335,2025-09-30,0,0.35158997774124146
CUS03690,2025-07-31,1,0.35158899426460266
CUS07057,2025-07-31,0,0.35158225893974304
CUS00974,2025-09-30,0,0.3515802323818207
CUS02624,2025-07-31,1,0.35149291157722473
CUS07239,2025-07-31,0,0.3514760434627533
CUS02131,2025-09-30,0,0.3514499366283417
CUS02044,2025-07-31,0,0.351404070854187
CUS01357,2025-07-31,0,0.3513956367969513
CUS06106,2025-07-31,0,0.3513452112674713
CUS03784,2025-07-31,0,0.3513447046279907
CUS06244,2025-07-31,0,0.3513338267803192
CUS01768,2025-08-31,1,0.3513219952583313
CUS03721,2025-09-30,0,0.3513137102127075
CUS05025,2025-08-31,0,0.35130026936531067
CUS04605,2025-08-31,0,0.35129380226135254
CUS03371,2025-09-30,0,0.35128697752952576
CUS05339,2025-07-31,1,0.3512815237045288
CUS06649,2025-09-30,0,0.3512534499168396
CUS04070,2025-09-30,1,0.3512515127658844
CUS03807,2025-09-30,0,0.3512158989906311
CUS03152,2025-07-31,0,0.35121044516563416
CUS05075,2025-07-31,0,0.3512004315853119
CUS04059,2025-07-31,0,0.3511953353881836
CUS00894,2025-07-31,0,0.3511756658554077
CUS01172,2025-08-31,1,0.35115763545036316
CUS06576,2025-07-31,0,0.35114583373069763
CUS02319,2025-08-31,0,0.35110437870025635
CUS06368,2025-07-31,0,0.3510747253894806
CUS00233,2025-08-31,1,0.3510584533214569
CUS02902,2025-07-31,0,0.3509768545627594
CUS06037,2025-09-30,0,0.3509758710861206
CUS07066,2025-08-31,0,0.3509666323661804
CUS03851,2025-07-31,1,0.350963294506073
CUS05791,2025-07-31,0,0.35096147656440735
CUS04166,2025-09-30,0,0.35095804929733276
CUS02026,2025-08-31,1,0.35095736384391785
CUS05015,2025-08-31,0,0.350902259349823
CUS00319,2025-07-31,0,0.3508763313293457
CUS01994,2025-08-31,0,0.3508701026439667
CUS05746,2025-09-30,0,0.3508610725402832
CUS07830,2025-07-31,0,0.350851833820343
CUS02438,2025-08-31,0,0.3508305549621582
CUS02673,2025-07-31,0,0.3508265018463135
CUS00287,2025-09-30,0,0.3508172333240509
CUS06437,2025-09-30,1,0.3507872223854065
CUS03528,2025-09-30,0,0.3507840633392334
CUS03661,2025-08-31,0,0.350757896900177
CUS00799,2025-08-31,0,0.3507090210914612
CUS02445,2025-08-31,0,0.35065895318984985
CUS04827,2025-07-31,1,0.35063689947128296
CUS02512,2025-08-31,1,0.3506334722042084
CUS06730,2025-07-31,0,0.35061052441596985
CUS06166,2025-07-31,0,0.35057905316352844
CUS04516,2025-09-30,0,0.3505629301071167
CUS03785,2025-09-30,0,0.3505329489707947
CUS05276,2025-08-31,0,0.35047775506973267
CUS04856,2025-07-31,0,0.35046058893203735
CUS01170,2025-07-31,0,0.3504577875137329
CUS04885,2025-08-31,0,0.3504085838794708
CUS04978,2025-07-31,0,0.35040009021759033
CUS06245,2025-08-31,0,0.35039517283439636
CUS07662,2025-07-31,0,0.35035017132759094
CUS04066,2025-07-31,0,0.35030728578567505
CUS00088,2025-09-30,0,0.3502843379974365
CUS02917,2025-08-31,0,0.3502834141254425
CUS01331,2025-08-31,1,0.35026243329048157
CUS06418,2025-08-31,0,0.35017168521881104
CUS01445,2025-07-31,0,0.3501306474208832
CUS02509,2025-09-30,0,0.35012778639793396
CUS00789,2025-07-31,0,0.3501220941543579
CUS01196,2025-07-31,0,0.3501189053058624
CUS05420,2025-09-30,0,0.3500974178314209
CUS00988,2025-07-31,1,0.3500710427761078
CUS00242,2025-08-31,0,0.35006362199783325
CUS01616,2025-08-31,0,0.350045382976532
CUS06340,2025-09-30,0,0.350032776594162
CUS04885,2025-07-31,0,0.350019633769989
CUS06024,2025-09-30,0,0.3500123620033264
CUS03218,2025-08-31,0,0.3499869108200073
CUS02897,2025-09-30,0,0.3499818742275238
CUS04913,2025-09-30,0,0.34995612502098083
CUS04702,2025-08-31,0,0.34994497895240784
CUS01175,2025-07-31,0,0.34993067383766174
CUS03596,2025-09-30,1,0.3499217629432678
CUS00687,2025-09-30,1,0.34991636872291565
CUS07772,2025-08-31,0,0.3498920798301697
CUS05029,2025-08-31,1,0.3498859405517578
CUS03598,2025-08-31,1,0.3498491048812866
CUS01610,2025-07-31,1,0.34983769059181213
CUS00590,2025-08-31,0,0.34983402490615845
CUS00370,2025-07-31,0,0.34980645775794983
CUS07980,2025-09-30,0,0.3497743606567383
CUS04289,2025-07-31,0,0.34975603222846985
CUS00362,2025-07-31,1,0.3497294485569
CUS01537,2025-09-30,0,0.3497236967086792
CUS06302,2025-09-30,0,0.34969258308410645
CUS03233,2025-07-31,0,0.3496756851673126
CUS02378,2025-09-30,1,0.3496648073196411
CUS04732,2025-08-31,0,0.3496229648590088
CUS04516,2025-08-31,0,0.34955790638923645
CUS01350,2025-07-31,0,0.34954580664634705
CUS04747,2025-09-30,1,0.3495294749736786
CUS00684,2025-07-31,0,0.3495238721370697
CUS01973,2025-07-31,1,0.3494979441165924
CUS01028,2025-07-31,0,0.34949734807014465
CUS06989,2025-09-30,1,0.3493986427783966
CUS02629,2025-07-31,0,0.3493833541870117
CUS04911,2025-08-31,0,0.349337100982666
CUS05861,2025-09-30,0,0.3493265211582184
CUS04404,2025-07-31,0,0.3493179678916931
CUS04987,2025-07-31,0,0.34930190443992615
CUS05795,2025-09-30,0,0.3492916524410248
CUS01102,2025-09-30,0,0.34925052523612976
CUS05952,2025-08-31,1,0.34921976923942566
CUS01503,2025-08-31,0,0.34914055466651917
CUS06679,2025-07-31,0,0.34904417395591736
CUS07523,2025-08-31,1,0.3490137457847595
CUS04554,2025-09-30,0,0.34900957345962524
CUS04358,2025-09-30,0,0.34888938069343567
CUS05589,2025-09-30,0,0.34887444972991943
CUS00518,2025-07-31,0,0.3488529324531555
CUS03252,2025-09-30,0,0.34883105754852295
CUS05655,2025-09-30,0,0.3488098084926605
CUS00266,2025-08-31,0,0.34878212213516235
CUS05089,2025-08-31,0,0.3487566113471985
CUS01113,2025-08-31,0,0.34873950481414795
CUS05143,2025-08-31,0,0.348724365234375
CUS06132,2025-08-31,0,0.34868788719177246
CUS07699,2025-09-30,0,0.3486694395542145
CUS01847,2025-08-31,0,0.3486543893814087
CUS03052,2025-09-30,0,0.3486427366733551
CUS07530,2025-09-30,1,0.34863990545272827
CUS01685,2025-07-31,1,0.3486376404762268
CUS04245,2025-07-31,0,0.3486337661743164
CUS03464,2025-09-30,0,0.34859567880630493
CUS06823,2025-07-31,0,0.3485843539237976
CUS01457,2025-08-31,0,0.3485759198665619
CUS07705,2025-08-31,1,0.34857186675071716
CUS07296,2025-09-30,0,0.3485521674156189
CUS06057,2025-08-31,1,0.3485173285007477
CUS07294,2025-08-31,1,0.3484657108783722
CUS07006,2025-09-30,0,0.34830883145332336
CUS05737,2025-08-31,0,0.34829065203666687
CUS06018,2025-09-30,0,0.3482896089553833
CUS03017,2025-09-30,1,0.34826740622520447
CUS00842,2025-07-31,0,0.3482494354248047
CUS01251,2025-09-30,0,0.3482346832752228
CUS03508,2025-08-31,1,0.34822720289230347
CUS05170,2025-08-31,0,0.3482113480567932
CUS06284,2025-07-31,0,0.3481919467449188
CUS04749,2025-07-31,1,0.3481803834438324
CUS07645,2025-09-30,0,0.3481002748012543
CUS07340,2025-07-31,1,0.34809479117393494
CUS07077,2025-08-31,1,0.34807875752449036
CUS01819,2025-08-31,0,0.3480443060398102
CUS04539,2025-07-31,1,0.3480212986469269
CUS06890,2025-08-31,0,0.34800243377685547
CUS07890,2025-09-30,0,0.34799131751060486
CUS01335,2025-08-31,0,0.34792888164520264
CUS04304,2025-08-31,0,0.34788978099823
CUS00750,2025-08-31,0,0.34787893295288086
CUS02798,2025-08-31,1,0.34787842631340027
CUS06030,2025-09-30,0,0.3478698134422302
CUS00557,2025-08-31,0,0.3478686809539795
CUS02346,2025-07-31,0,0.3478558659553528
CUS01680,2025-09-30,0,0.34783369302749634
CUS05190,2025-07-31,0,0.3478271961212158
CUS05840,2025-07-31,0,0.3478265404701233
CUS00413,2025-08-31,0,0.34780117869377136
CUS01688,2025-09-30,1,0.3478010296821594
CUS04377,2025-09-30,1,0.3477979600429535
CUS01689,2025-07-31,0,0.3477776348590851
CUS01172,2025-07-31,0,0.34769028425216675
CUS00694,2025-09-30,1,0.3476790487766266
CUS06501,2025-08-31,1,0.34764954447746277
CUS03525,2025-08-31,1,0.3476380705833435
CUS03776,2025-09-30,0,0.3476075232028961
CUS05419,2025-07-31,0,0.34759214520454407
CUS01294,2025-08-31,0,0.3475884199142456
CUS07654,2025-09-30,0,0.3475743532180786
CUS01098,2025-07-31,0,0.3475639820098877
CUS01531,2025-09-30,1,0.3475441038608551
CUS02630,2025-07-31,0,0.34752902388572693
CUS07233,2025-07-31,1,0.3475130498409271
CUS02219,2025-08-31,0,0.3474980890750885
CUS00024,2025-08-31,0,0.3474518358707428
CUS00655,2025-09-30,1,0.34745100140571594
CUS01111,2025-09-30,0,0.34742870926856995
CUS01357,2025-08-31,0,0.34742504358291626
CUS06087,2025-07-31,0,0.3474096953868866
CUS03257,2025-09-30,0,0.347370982170105
CUS00291,2025-09-30,0,0.34735482931137085
CUS00266,2025-07-31,0,0.3473113477230072
CUS01740,2025-09-30,0,0.3472954034805298
CUS00890,2025-08-31,0,0.34727373719215393
CUS00927,2025-07-31,1,0.3472476601600647
CUS05851,2025-09-30,1,0.34723716974258423
CUS07956,2025-09-30,0,0.3472042679786682
CUS07980,2025-08-31,0,0.3472035527229309
CUS04058,2025-07-31,0,0.34718871116638184
CUS00088,2025-08-31,0,0.34716397523880005
CUS02118,2025-09-30,0,0.3471609354019165
CUS06229,2025-08-31,0,0.34715384244918823
CUS05280,2025-08-31,0,0.34715092182159424
CUS03447,2025-09-30,1,0.3469937741756439
CUS02703,2025-09-30,0,0.3469846546649933
CUS01680,2025-07-31,0,0.3469727635383606
CUS07000,2025-07-31,0,0.34694021940231323
CUS04036,2025-09-30,1,0.3469383418560028
CUS07198,2025-08-31,1,0.34688207507133484
CUS04323,2025-09-30,0,0.34672605991363525
CUS06647,2025-08-31,0,0.3466750383377075
CUS01329,2025-09-30,0,0.34665098786354065
CUS03327,2025-08-31,1,0.3466104567050934
CUS05120,2025-07-31,1,0.3465802073478699
CUS06955,2025-09-30,0,0.34654131531715393
CUS05837,2025-08-31,0,0.3465326130390167
CUS06886,2025-07-31,0,0.3465256989002228
CUS01072,2025-09-30,1,0.34649649262428284
CUS07663,2025-08-31,0,0.34648746252059937
CUS05815,2025-07-31,0,0.34647583961486816
CUS03751,2025-07-31,1,0.34642890095710754
CUS07410,2025-09-30,0,0.34641534090042114
CUS01734,2025-07-31,1,0.346407026052475
CUS06651,2025-09-30,0,0.34640610218048096
CUS01113,2025-09-30,0,0.3464024066925049
CUS01965,2025-07-31,0,0.34637534618377686
CUS04476,2025-08-31,0,0.34637051820755005
CUS05914,2025-08-31,0,0.34637030959129333
CUS06940,2025-09-30,0,0.3463473320007324
CUS05717,2025-08-31,0,0.346309632062912
CUS03174,2025-09-30,0,0.3462679982185364
CUS00516,2025-07-31,0,0.34620317816734314
CUS00413,2025-07-31,1,0.34618842601776123
CUS02683,2025-08-31,1,0.3461860418319702
CUS07801,2025-09-30,0,0.3461671769618988
CUS06143,2025-08-31,0,0.346136212348938
CUS05292,2025-07-31,0,0.3461296260356903
CUS02241,2025-08-31,0,0.34610795974731445
CUS00293,2025-07-31,0,0.3460424244403839
CUS02297,2025-09-30,0,0.34602972865104675
CUS01617,2025-08-31,0,0.3460010886192322
CUS06995,2025-08-31,0,0.3459981679916382
CUS04166,2025-08-31,0,0.34597036242485046
CUS05069,2025-08-31,1,0.3459102511405945
CUS05174,2025-08-31,0,0.345901757478714
CUS06610,2025-07-31,0,0.3458786904811859
CUS05416,2025-09-30,0,0.34587177634239197
CUS01278,2025-09-30,0,0.3458637297153473
CUS05148,2025-09-30,1,0.3458516299724579
CUS07947,2025-08-31,0,0.34584754705429077
CUS03882,2025-09-30,1,0.34580445289611816
CUS01913,2025-07-31,0,0.3457984924316406
CUS00918,2025-08-31,0,0.3457942306995392
CUS06647,2025-07-31,0,0.3457743227481842
CUS04305,2025-09-30,0,0.3457585871219635
CUS06932,2025-09-30,0,0.3457193374633789
CUS01265,2025-07-31,0,0.3457106351852417
CUS07294,2025-09-30,0,0.34568437933921814
CUS06240,2025-08-31,0,0.34568309783935547
CUS04354,2025-07-31,1,0.34568145871162415
CUS06982,2025-07-31,1,0.3455807566642761
CUS03372,2025-07-31,0,0.3455612361431122
CUS03511,2025-08-31,0,0.3455219864845276
CUS05976,2025-08-31,0,0.34550368785858154
CUS06809,2025-08-31,0,0.34550100564956665
CUS02894,2025-07-31,0,0.3453347980976105
CUS06491,2025-07-31,1,0.34530407190322876
CUS04646,2025-07-31,1,0.34527021646499634
CUS01702,2025-07-31,1,0.3452168405056
CUS06264,2025-08-31,1,0.34519457817077637
CUS07446,2025-08-31,0,0.345192015171051
CUS07840,2025-09-30,0,0.3450985252857208
CUS03359,2025-09-30,0,0.3450828194618225
CUS00408,2025-07-31,0,0.3450566530227661
CUS04458,2025-09-30,0,0.345031201839447
CUS04927,2025-08-31,1,0.34500935673713684
CUS03944,2025-07-31,0,0.34498777985572815
CUS07268,2025-07-31,0,0.3449835777282715
CUS07983,2025-07-31,0,0.34498196840286255
CUS06813,2025-08-31,0,0.344969779253006
CUS07053,2025-09-30,1,0.34496286511421204
CUS03325,2025-07-31,0,0.34493735432624817
CUS04180,2025-09-30,1,0.3449339270591736
CUS01415,2025-09-30,0,0.34492772817611694
CUS06329,2025-07-31,0,0.3449169993400574
CUS00895,2025-09-30,1,0.34488287568092346
CUS07720,2025-08-31,1,0.34487661719322205
CUS05752,2025-08-31,0,0.344837486743927
CUS04307,2025-09-30,0,0.3447885811328888
CUS01107,2025-09-30,0,0.3447875380516052
CUS04984,2025-07-31,1,0.3447255790233612
CUS04136,2025-09-30,1,0.3447068929672241
CUS02649,2025-07-31,0,0.3447065055370331
CUS06893,2025-08-31,0,0.3446877598762512
CUS04783,2025-07-31,0,0.34464091062545776
CUS05554,2025-07-31,0,0.3446112871170044
CUS03411,2025-09-30,0,0.3445878028869629
CUS02871,2025-09-30,0,0.3445008397102356
CUS05528,2025-08-31,0,0.3444388210773468
CUS07736,2025-08-31,0,0.34439972043037415
CUS05835,2025-09-30,0,0.3443894386291504
CUS04400,2025-07-31,0,0.3443877100944519
CUS02156,2025-08-31,0,0.3443766236305237
CUS05143,2025-07-31,0,0.344357967376709
CUS02910,2025-07-31,1,0.3443502187728882
CUS00206,2025-08-31,0,0.34433218836784363
CUS01151,2025-07-31,1,0.3443095088005066
CUS02817,2025-08-31,0,0.34428587555885315
CUS02603,2025-09-30,1,0.34424230456352234
CUS02781,2025-09-30,0,0.3442026972770691
CUS03039,2025-09-30,0,0.34420061111450195
CUS06791,2025-08-31,0,0.3441961407661438
CUS07612,2025-07-31,0,0.3441959619522095
CUS03527,2025-07-31,0,0.34419557452201843
CUS07192,2025-07-31,1,0.34417247772216797
CUS06302,2025-08-31,1,0.3441673517227173
CUS00313,2025-09-30,1,0.344157338142395
CUS06858,2025-09-30,0,0.3441530466079712
CUS07869,2025-08-31,0,0.3441495895385742
CUS07155,2025-09-30,1,0.34411177039146423
CUS05441,2025-09-30,0,0.34408050775527954
CUS04297,2025-09-30,0,0.3440493941307068
CUS04761,2025-09-30,0,0.34403905272483826
CUS04267,2025-07-31,0,0.34400492906570435
CUS01430,2025-07-31,1,0.343929648399353
CUS00554,2025-08-31,0,0.3439207375049591
CUS06057,2025-09-30,1,0.34392058849334717
CUS00480,2025-07-31,1,0.34391894936561584
CUS01170,2025-09-30,0,0.3438929617404938
CUS02939,2025-08-31,1,0.3438901901245117
CUS02365,2025-08-31,1,0.3438794016838074
CUS03121,2025-07-31,0,0.34382137656211853
CUS00280,2025-08-31,0,0.34377145767211914
CUS03888,2025-07-31,1,0.3437304198741913
CUS00541,2025-07-31,0,0.3437206447124481
CUS06989,2025-08-31,1,0.3436466157436371
CUS01175,2025-08-31,0,0.3436101973056793
CUS00405,2025-08-31,0,0.343607097864151
CUS02512,2025-09-30,1,0.3436059057712555
CUS00671,2025-09-30,0,0.3435860276222229
CUS04736,2025-07-31,0,0.34357497096061707
CUS03160,2025-08-31,0,0.34356725215911865
CUS01484,2025-09-30,1,0.343561053276062
CUS01076,2025-07-31,0,0.3435593247413635
CUS05174,2025-09-30,0,0.34355807304382324
CUS07642,2025-09-30,0,0.34352797269821167
CUS02667,2025-07-31,0,0.343500554561615
CUS04679,2025-08-31,1,0.34349921345710754
CUS06198,2025-07-31,0,0.3434940278530121
CUS06960,2025-08-31,1,0.34347590804100037
CUS05885,2025-09-30,1,0.34346961975097656
CUS00669,2025-07-31,0,0.3434523642063141
CUS03982,2025-09-30,0,0.3434411883354187
CUS02511,2025-08-31,1,0.3434267044067383
CUS06037,2025-08-31,1,0.34342169761657715
CUS03449,2025-07-31,1,0.3434147834777832
CUS02849,2025-08-31,0,0.3434140682220459
CUS00322,2025-07-31,1,0.3434113562107086
CUS03854,2025-08-31,0,0.3433872163295746
CUS00531,2025-08-31,0,0.3433763086795807
CUS05500,2025-08-31,0,0.34336480498313904
CUS02348,2025-07-31,0,0.3433595597743988
CUS07469,2025-08-31,0,0.3433585464954376
CUS00579,2025-08-31,0,0.34331434965133667
CUS03628,2025-09-30,1,0.3433077037334442
CUS04384,2025-07-31,0,0.34329649806022644
CUS05888,2025-07-31,0,0.34329572319984436
CUS01433,2025-09-30,0,0.3432627022266388
CUS01518,2025-09-30,0,0.3432500958442688
CUS07547,2025-07-31,0,0.3432272672653198
CUS01975,2025-07-31,1,0.3432256579399109
CUS05148,2025-08-31,1,0.34322500228881836
CUS07926,2025-08-31,1,0.3431716859340668
CUS02709,2025-07-31,0,0.3431532382965088
CUS04856,2025-08-31,1,0.34314820170402527
CUS04911,2025-07-31,0,0.3431401252746582
CUS07082,2025-08-31,1,0.34310251474380493
CUS07495,2025-09-30,0,0.3430922329425812
CUS01457,2025-07-31,1,0.34304311871528625
CUS02298,2025-07-31,0,0.3430214822292328
CUS05630,2025-08-31,0,0.3429942727088928
CUS05161,2025-09-30,0,0.3429478704929352
CUS06359,2025-08-31,0,0.3429371118545532
CUS03617,2025-08-31,0,0.3428810238838196
CUS07954,2025-09-30,0,0.3428339660167694
CUS00174,2025-08-31,0,0.34280717372894287
CUS00160,2025-07-31,0,0.3428012728691101
CUS02183,2025-07-31,0,0.3427262604236603
CUS02011,2025-09-30,1,0.3427145183086395
CUS06660,2025-08-31,1,0.342688649892807
CUS00491,2025-07-31,1,0.34266820549964905
CUS03793,2025-09-30,1,0.342586487531662
CUS05330,2025-07-31,0,0.3425820469856262
CUS06469,2025-09-30,1,0.3424624502658844
CUS05746,2025-08-31,1,0.34245574474334717
CUS06125,2025-07-31,0,0.3423919975757599
CUS04275,2025-08-31,0,0.3423919081687927
CUS04246,2025-07-31,1,0.3423706591129303
CUS05265,2025-07-31,0,0.34236013889312744
CUS04619,2025-08-31,0,0.34230220317840576
CUS03463,2025-09-30,0,0.34229952096939087
CUS04011,2025-07-31,0,0.3422894775867462
CUS02488,2025-07-31,0,0.34228000044822693
CUS01857,2025-09-30,0,0.34223756194114685
CUS03918,2025-07-31,0,0.34221789240837097
CUS06066,2025-08-31,1,0.34221360087394714
CUS05443,2025-09-30,0,0.3421967029571533
CUS03622,2025-08-31,1,0.34218233823776245
CUS00402,2025-09-30,0,0.3421388268470764
CUS06890,2025-09-30,0,0.3421371579170227
CUS07022,2025-08-31,0,0.34200337529182434
CUS05787,2025-07-31,1,0.3419848382472992
CUS03416,2025-07-31,1,0.34197452664375305
CUS06229,2025-07-31,0,0.3419649600982666
CUS06322,2025-08-31,0,0.34191393852233887
CUS02509,2025-07-31,0,0.3418714702129364
CUS01894,2025-07-31,1,0.3418335020542145
CUS06410,2025-08-31,1,0.34181585907936096
CUS03311,2025-08-31,1,0.3418084383010864
CUS06024,2025-07-31,0,0.341798335313797
CUS05951,2025-09-30,0,0.34177953004837036
CUS03322,2025-07-31,0,0.3417537808418274
CUS04573,2025-07-31,0,0.34172165393829346
CUS06580,2025-07-31,0,0.34171202778816223
CUS04676,2025-09-30,0,0.34164881706237793
CUS03148,2025-09-30,0,0.3416421711444855
CUS03083,2025-09-30,0,0.3416266441345215
CUS02195,2025-08-31,0,0.34161561727523804
CUS05263,2025-08-31,0,0.3415655493736267
CUS05224,2025-08-31,0,0.34154683351516724
CUS04571,2025-07-31,1,0.3415394723415375
CUS01913,2025-08-31,0,0.34153851866722107
CUS03483,2025-08-31,0,0.34150996804237366
CUS07331,2025-09-30,0,0.34148046374320984
CUS03187,2025-07-31,0,0.34144648909568787
CUS00837,2025-07-31,0,0.3414287567138672
CUS02193,2025-08-31,0,0.3413599133491516
CUS01636,2025-08-31,1,0.3413407504558563
CUS04050,2025-07-31,0,0.3413318991661072
CUS02804,2025-08-31,1,0.34132465720176697
CUS02178,2025-09-30,0,0.34127572178840637
CUS02122,2025-07-31,0,0.34126022458076477
CUS06968,2025-07-31,0,0.3412562906742096
CUS06859,2025-07-31,0,0.34121036529541016
CUS05028,2025-08-31,0,0.34118956327438354
CUS05656,2025-09-30,1,0.3411732316017151
CUS06832,2025-07-31,0,0.34115275740623474
CUS00881,2025-07-31,0,0.3410874307155609
CUS02232,2025-07-31,0,0.3410862386226654
CUS02388,2025-08-31,0,0.34107276797294617
CUS04340,2025-08-31,0,0.34106382727622986
CUS03336,2025-07-31,1,0.34102970361709595
CUS02125,2025-07-31,0,0.34098291397094727
CUS06642,2025-09-30,0,0.3409813642501831
CUS04770,2025-07-31,0,0.3409677743911743
CUS00518,2025-09-30,0,0.34096384048461914
CUS02201,2025-09-30,0,0.3409631848335266
CUS00945,2025-08-31,0,0.34095022082328796
CUS00423,2025-07-31,0,0.3409360647201538
CUS06462,2025-08-31,0,0.340919554233551
CUS04363,2025-09-30,0,0.34086939692497253
CUS07007,2025-09-30,0,0.34082818031311035
CUS04921,2025-07-31,1,0.3408122956752777
CUS05110,2025-09-30,0,0.34077462553977966
CUS02940,2025-07-31,0,0.3407646715641022
CUS04057,2025-07-31,0,0.34073203802108765
CUS02811,2025-08-31,0,0.34072205424308777
CUS05980,2025-08-31,0,0.3406836688518524
CUS04830,2025-08-31,0,0.34067055583000183
CUS05523,2025-08-31,0,0.34064269065856934
CUS05301,2025-07-31,0,0.34062209725379944
CUS06439,2025-09-30,1,0.34058308601379395
CUS05002,2025-07-31,0,0.34056535363197327
CUS03342,2025-09-30,0,0.3405061960220337
CUS02843,2025-07-31,0,0.3404833972454071
CUS02746,2025-07-31,0,0.3404383957386017
CUS01072,2025-08-31,1,0.3404293358325958
CUS05918,2025-08-31,1,0.3404218852519989
CUS02814,2025-07-31,1,0.34041619300842285
CUS03806,2025-07-31,0,0.34035059809684753
CUS00804,2025-07-31,1,0.34034106135368347
CUS06230,2025-07-31,0,0.3403078615665436
CUS05553,2025-08-31,0,0.3402487337589264
CUS03650,2025-07-31,1,0.3402165472507477
CUS00392,2025-08-31,0,0.34019672870635986
CUS00053,2025-07-31,1,0.340182900428772
CUS00477,2025-07-31,0,0.3401595950126648
CUS02871,2025-08-31,1,0.3401379883289337
CUS01882,2025-09-30,0,0.3401332199573517
CUS07729,2025-07-31,0,0.3401205539703369
CUS02924,2025-08-31,1,0.34011873602867126
CUS05894,2025-09-30,1,0.34011322259902954
CUS07663,2025-07-31,1,0.3401125967502594
CUS00384,2025-07-31,0,0.34006306529045105
CUS00151,2025-09-30,0,0.34005674719810486
CUS05025,2025-07-31,0,0.3400190770626068
CUS03173,2025-09-30,0,0.3400091826915741
CUS06096,2025-09-30,0,0.3400074541568756
CUS05228,2025-07-31,1,0.3399721384048462
CUS07947,2025-09-30,0,0.3399495780467987
CUS04546,2025-09-30,0,0.3398851454257965
CUS04220,2025-07-31,0,0.33987894654273987
CUS03888,2025-08-31,1,0.3398732841014862
CUS01109,2025-08-31,0,0.33985471725463867
CUS04217,2025-08-31,1,0.3398432433605194
CUS07414,2025-09-30,0,0.3398069143295288
CUS04446,2025-07-31,0,0.33980345726013184
CUS04607,2025-07-31,1,0.33979469537734985
CUS05216,2025-08-31,0,0.33975914120674133
CUS04055,2025-08-31,1,0.33973464369773865
CUS05580,2025-07-31,1,0.33973199129104614
CUS00728,2025-07-31,1,0.33973145484924316
CUS00284,2025-09-30,0,0.33972981572151184
CUS03063,2025-07-31,0,0.3397139310836792
CUS02228,2025-09-30,1,0.33969181776046753
CUS06779,2025-08-31,0,0.33966973423957825
CUS00717,2025-09-30,0,0.3396679759025574
CUS02374,2025-09-30,1,0.33966535329818726
CUS00935,2025-09-30,1,0.33962807059288025
CUS00325,2025-09-30,1,0.3396248519420624
CUS03148,2025-07-31,0,0.3396206796169281
CUS07297,2025-09-30,0,0.33961793780326843
CUS07768,2025-07-31,1,0.33961430191993713
CUS07296,2025-08-31,0,0.3395644426345825
CUS03290,2025-08-31,1,0.33955591917037964
CUS02924,2025-09-30,1,0.33955326676368713
CUS05609,2025-08-31,0,0.33954867720603943
CUS04856,2025-09-30,1,0.3395249545574188
CUS05162,2025-09-30,1,0.3395213782787323
CUS03165,2025-07-31,1,0.33946290612220764
CUS01737,2025-09-30,1,0.3394578695297241
CUS02391,2025-08-31,0,0.3393966555595398
CUS04761,2025-08-31,0,0.3393961191177368
CUS07792,2025-07-31,0,0.33939459919929504
CUS04771,2025-09-30,0,0.33938223123550415
CUS04225,2025-08-31,0,0.3393784463405609
CUS04852,2025-07-31,0,0.3393768072128296
CUS07374,2025-09-30,1,0.3393048346042633
CUS07232,2025-09-30,1,0.3392983675003052
CUS04188,2025-09-30,0,0.33928900957107544
CUS02993,2025-08-31,0,0.3392758071422577
CUS01249,2025-09-30,0,0.3392508924007416
CUS03580,2025-08-31,0,0.3392455577850342
CUS03368,2025-07-31,1,0.33923378586769104
CUS05791,2025-08-31,0,0.3392299711704254
CUS02743,2025-09-30,0,0.33921894431114197
CUS01644,2025-07-31,1,0.33921515941619873
CUS01033,2025-07-31,1,0.33920732140541077
CUS02754,2025-08-31,1,0.3392021059989929
CUS05905,2025-07-31,0,0.3392017185688019
CUS04001,2025-09-30,1,0.33919718861579895
CUS00549,2025-07-31,1,0.3391954302787781
CUS02378,2025-08-31,1,0.3391702473163605
CUS05926,2025-07-31,0,0.33916181325912476
CUS02724,2025-07-31,0,0.33914801478385925
CUS01499,2025-07-31,0,0.3391399681568146
CUS04614,2025-07-31,1,0.3390737473964691
CUS02091,2025-09-30,1,0.33905115723609924
CUS07711,2025-09-30,0,0.3390432596206665
CUS04561,2025-09-30,0,0.3390265703201294
CUS01560,2025-07-31,0,0.33902379870414734
CUS04351,2025-07-31,0,0.3390059173107147
CUS01374,2025-09-30,0,0.33898481726646423
CUS04718,2025-07-31,0,0.33897435665130615
CUS03950,2025-08-31,1,0.3389568626880646
CUS05418,2025-07-31,0,0.33887866139411926
CUS00981,2025-07-31,0,0.338868111371994
CUS00707,2025-09-30,0,0.33884933590888977
CUS02928,2025-08-31,0,0.33881932497024536
CUS05838,2025-09-30,0,0.3388015031814575
CUS01828,2025-08-31,1,0.33878326416015625
CUS05860,2025-08-31,0,0.3387742340564728
CUS01390,2025-07-31,0,0.3387734889984131
CUS03690,2025-08-31,1,0.33876127004623413
CUS07321,2025-09-30,0,0.33872634172439575
CUS01828,2025-07-31,1,0.3387216329574585
CUS07397,2025-09-30,0,0.33871710300445557
CUS00410,2025-07-31,1,0.33869898319244385
CUS05471,2025-07-31,0,0.3386533856391907
CUS02350,2025-07-31,0,0.3386329710483551
CUS04479,2025-09-30,0,0.33861875534057617
CUS07667,2025-09-30,0,0.3385798931121826
CUS01772,2025-09-30,0,0.3385515809059143
CUS00799,2025-07-31,0,0.33854517340660095
CUS03328,2025-07-31,0,0.33854395151138306
CUS02741,2025-08-31,0,0.3385290205478668
CUS03020,2025-08-31,0,0.3385234475135803
CUS02821,2025-07-31,0,0.33849799633026123
CUS07562,2025-08-31,0,0.3384873867034912
CUS04573,2025-08-31,0,0.3384115993976593
CUS00719,2025-07-31,0,0.3384034037590027
CUS02038,2025-08-31,0,0.33839523792266846
CUS02436,2025-07-31,1,0.33836376667022705
CUS05163,2025-09-30,0,0.3382951617240906
CUS02229,2025-07-31,0,0.3382001519203186
CUS05708,2025-09-30,1,0.33818918466567993
CUS01860,2025-07-31,0,0.3381757438182831
CUS01829,2025-08-31,0,0.3381020128726959
CUS03172,2025-08-31,0,0.33802756667137146
CUS01392,2025-08-31,0,0.33802080154418945
CUS03067,2025-08-31,0,0.33801203966140747
CUS05235,2025-07-31,0,0.33801165223121643
CUS03480,2025-09-30,1,0.3379949927330017
CUS01650,2025-09-30,1,0.33798733353614807
CUS02036,2025-07-31,1,0.3379870653152466
CUS06847,2025-07-31,0,0.33798331022262573
CUS05605,2025-08-31,0,0.3379567563533783
CUS02746,2025-09-30,0,0.33788397908210754
CUS07486,2025-07-31,1,0.3378831148147583
CUS06428,2025-07-31,0,0.3378041088581085
CUS07759,2025-09-30,0,0.3378000259399414
CUS01803,2025-08-31,0,0.33779841661453247
CUS06349,2025-09-30,0,0.33778929710388184
CUS03764,2025-07-31,1,0.337780624628067
CUS07825,2025-07-31,0,0.3377421796321869
CUS04906,2025-07-31,0,0.3377316892147064
CUS05179,2025-09-30,0,0.33771756291389465
CUS06998,2025-09-30,0,0.3376905620098114
CUS07463,2025-07-31,0,0.3376665711402893
CUS07199,2025-08-31,0,0.33762460947036743
CUS01128,2025-08-31,0,0.33760321140289307
CUS05837,2025-07-31,0,0.33759284019470215
CUS06942,2025-07-31,1,0.3375871777534485
CUS06858,2025-08-31,0,0.33755823969841003
CUS01910,2025-08-31,0,0.33753544092178345
CUS01379,2025-07-31,1,0.33751124143600464
CUS04443,2025-09-30,0,0.3374857008457184
CUS06962,2025-07-31,1,0.3374820053577423
CUS00308,2025-08-31,0,0.3374757170677185
CUS02602,2025-09-30,0,0.3374668061733246
CUS00259,2025-07-31,0,0.3374587595462799
CUS04196,2025-08-31,0,0.3373787999153137
CUS02971,2025-08-31,0,0.3373664915561676
CUS03290,2025-09-30,1,0.33736011385917664
CUS06481,2025-08-31,0,0.33733224868774414
CUS05641,2025-09-30,0,0.33733224868774414
CUS02536,2025-09-30,0,0.3372907340526581
CUS03494,2025-07-31,1,0.3372882008552551
CUS04721,2025-08-31,0,0.3372341990470886
CUS07200,2025-08-31,1,0.3372093737125397
CUS03346,2025-07-31,0,0.3371705412864685
CUS04333,2025-07-31,1,0.33713558316230774
CUS02319,2025-09-30,0,0.33713263273239136
CUS06293,2025-08-31,0,0.33713042736053467
CUS04289,2025-08-31,0,0.3370923697948456
CUS04079,2025-07-31,1,0.337085098028183
CUS06381,2025-08-31,1,0.33707302808761597
CUS01392,2025-09-30,0,0.3370647132396698
CUS05573,2025-08-31,1,0.3370512127876282
CUS00049,2025-09-30,0,0.3370141088962555
CUS04878,2025-07-31,0,0.33701181411743164
CUS03349,2025-09-30,0,0.3370004892349243
CUS04227,2025-08-31,0,0.33698397874832153
CUS02911,2025-08-31,1,0.3369622528553009
CUS05941,2025-08-31,0,0.33693772554397583
CUS02808,2025-09-30,1,0.33692771196365356
CUS01636,2025-07-31,1,0.33692267537117004
CUS05728,2025-07-31,0,0.3369041085243225
CUS02792,2025-07-31,0,0.3369011878967285
CUS03216,2025-08-31,0,0.33682888746261597
CUS07975,2025-08-31,0,0.3368077576160431
CUS06015,2025-08-31,1,0.3368068337440491
CUS02108,2025-08-31,0,0.33673983812332153
CUS07340,2025-08-31,1,0.3366278409957886
CUS03223,2025-08-31,0,0.33662691712379456
CUS07364,2025-09-30,0,0.3366203308105469
CUS05021,2025-08-31,0,0.33659470081329346
CUS00599,2025-09-30,0,0.3365843892097473
CUS05754,2025-08-31,1,0.336555153131485
CUS04961,2025-09-30,0,0.336554616689682
CUS03288,2025-09-30,0,0.3365488648414612
CUS03799,2025-08-31,0,0.3365297019481659
CUS03071,2025-07-31,0,0.3365227282047272
CUS01224,2025-08-31,0,0.3365160822868347
CUS00324,2025-09-30,0,0.3364526331424713
CUS04688,2025-09-30,0,0.33643051981925964
CUS02759,2025-08-31,0,0.33641520142555237
CUS00244,2025-07-31,0,0.33639365434646606
CUS06481,2025-07-31,0,0.33638516068458557
CUS00354,2025-07-31,0,0.3363676965236664
CUS04671,2025-07-31,1,0.3363492488861084
CUS01540,2025-09-30,0,0.33628490567207336
CUS05456,2025-07-31,0,0.3362386226654053
CUS04746,2025-08-31,0,0.3361812233924866
CUS06770,2025-07-31,0,0.3361629545688629
CUS03830,2025-08-31,1,0.3361230194568634
CUS04061,2025-09-30,0,0.3361215591430664
CUS03623,2025-09-30,0,0.33608749508857727
CUS07111,2025-07-31,0,0.33605819940567017
CUS02343,2025-08-31,0,0.3360072076320648
CUS07200,2025-09-30,1,0.3359905183315277
CUS04361,2025-07-31,0,0.3359880745410919
CUS00039,2025-07-31,0,0.3359772264957428
CUS06164,2025-07-31,0,0.3359590172767639
CUS06152,2025-09-30,0,0.33595386147499084
CUS02113,2025-07-31,1,0.33590883016586304
CUS02669,2025-08-31,0,0.3359069526195526
CUS04613,2025-08-31,0,0.33590275049209595
CUS06110,2025-09-30,0,0.33590129017829895
CUS01536,2025-07-31,0,0.33587902784347534
CUS01028,2025-09-30,0,0.33585038781166077
CUS00605,2025-09-30,0,0.335844486951828
CUS05469,2025-08-31,1,0.3358427584171295
CUS00939,2025-08-31,0,0.3358176052570343
CUS01890,2025-09-30,1,0.3358067572116852
CUS03180,2025-09-30,0,0.3357935845851898
CUS00665,2025-09-30,1,0.3357824385166168
CUS02458,2025-09-30,1,0.33573099970817566
CUS06068,2025-07-31,0,0.3357059955596924
CUS02038,2025-07-31,0,0.3357033133506775
CUS05232,2025-09-30,1,0.33570170402526855
CUS02073,2025-07-31,1,0.33569690585136414
CUS01275,2025-09-30,0,0.3356865346431732
CUS02518,2025-08-31,0,0.3356827199459076
CUS04480,2025-09-30,0,0.3356699049472809
CUS00093,2025-09-30,1,0.33566462993621826
CUS06688,2025-09-30,0,0.33566123247146606
CUS03107,2025-09-30,1,0.335642546415329
CUS04883,2025-09-30,0,0.33563780784606934
CUS01829,2025-09-30,1,0.33562523126602173
CUS02311,2025-09-30,0,0.335494726896286
CUS06551,2025-09-30,0,0.33548152446746826
CUS06995,2025-07-31,0,0.33545172214508057
CUS05265,2025-08-31,0,0.3354514539241791
CUS00698,2025-08-31,0,0.33542507886886597
CUS06593,2025-08-31,0,0.3354213237762451
CUS01274,2025-07-31,0,0.3354140818119049
CUS00825,2025-08-31,1,0.3354080021381378
CUS04785,2025-07-31,1,0.3353918194770813
CUS07599,2025-07-31,0,0.33539003133773804
CUS07077,2025-07-31,1,0.33538007736206055
CUS04042,2025-07-31,0,0.3353762626647949
CUS01729,2025-09-30,0,0.33536285161972046
CUS06300,2025-07-31,0,0.33534932136535645
CUS06093,2025-08-31,1,0.3353445827960968
CUS00974,2025-08-31,0,0.33533623814582825
CUS07246,2025-07-31,0,0.3352864384651184
CUS04557,2025-08-31,1,0.3352603316307068
CUS01393,2025-09-30,0,0.3352338671684265
CUS02232,2025-08-31,0,0.33523160219192505
CUS00647,2025-07-31,0,0.33522748947143555
CUS00751,2025-09-30,0,0.33516061305999756
CUS05093,2025-09-30,1,0.3351190984249115
CUS03900,2025-08-31,0,0.3350831866264343
CUS05328,2025-09-30,0,0.3350725769996643
CUS02360,2025-08-31,0,0.33507239818573
CUS05183,2025-07-31,1,0.3350696861743927
CUS01665,2025-09-30,0,0.3350343108177185
CUS06895,2025-08-31,0,0.3350035846233368
CUS05418,2025-08-31,0,0.3349936008453369
CUS06775,2025-09-30,0,0.3349371552467346
CUS06840,2025-09-30,0,0.33491820096969604
CUS02118,2025-07-31,0,0.3349103629589081
CUS03519,2025-08-31,1,0.3348589837551117
CUS01765,2025-07-31,0,0.3348499536514282
CUS05511,2025-08-31,0,0.3348385989665985
CUS07377,2025-09-30,0,0.33483627438545227
CUS05905,2025-08-31,0,0.33482998609542847
CUS05680,2025-09-30,0,0.33482825756073
CUS07669,2025-07-31,0,0.3348202407360077
CUS01857,2025-07-31,0,0.334819495677948
CUS06661,2025-09-30,0,0.3347809910774231
CUS05885,2025-08-31,1,0.33470451831817627
CUS05089,2025-07-31,1,0.334650456905365
CUS00853,2025-08-31,1,0.33464446663856506
CUS04769,2025-09-30,0,0.33464330434799194
CUS02804,2025-09-30,1,0.33462005853652954
CUS02594,2025-07-31,0,0.33461442589759827
CUS06906,2025-09-30,1,0.33457544445991516
CUS03900,2025-09-30,0,0.3345288038253784
CUS01628,2025-09-30,1,0.33451396226882935
CUS04823,2025-08-31,1,0.33449965715408325
CUS01613,2025-08-31,0,0.33449214696884155
CUS06277,2025-07-31,0,0.33445867896080017
CUS07653,2025-08-31,0,0.3344344198703766
CUS00128,2025-09-30,0,0.33441299200057983
CUS02598,2025-09-30,0,0.3343966603279114
CUS05037,2025-07-31,0,0.33439281582832336
CUS03325,2025-08-31,0,0.3343924582004547
CUS00613,2025-09-30,0,0.3343874514102936
CUS03279,2025-09-30,0,0.3343847692012787
CUS07268,2025-09-30,0,0.33438318967819214
CUS05195,2025-07-31,0,0.33437108993530273
CUS00167,2025-07-31,0,0.3343680202960968
CUS05779,2025-09-30,0,0.33433181047439575
CUS05377,2025-07-31,1,0.33433154225349426
CUS02893,2025-08-31,0,0.33432501554489136
CUS00818,2025-08-31,0,0.3343236744403839
CUS01380,2025-09-30,0,0.33431655168533325
CUS04515,2025-08-31,0,0.3343160152435303
CUS06816,2025-08-31,0,0.3342415392398834
CUS07722,2025-07-31,0,0.33423858880996704
CUS01196,2025-09-30,0,0.33421704173088074
CUS04579,2025-09-30,0,0.33421099185943604
CUS05553,2025-07-31,0,0.3342107832431793
CUS05256,2025-09-30,1,0.33416125178337097
CUS06726,2025-07-31,0,0.3341522216796875
CUS03898,2025-08-31,0,0.3341417908668518
CUS05434,2025-08-31,0,0.3340994715690613
CUS04228,2025-07-31,0,0.33408501744270325
CUS01972,2025-08-31,0,0.33407673239707947
CUS00954,2025-09-30,0,0.33404040336608887
CUS04084,2025-09-30,0,0.3340364992618561
CUS07030,2025-07-31,0,0.3340136706829071
CUS06503,2025-08-31,0,0.3339894115924835
CUS01777,2025-08-31,1,0.3339744806289673
CUS02653,2025-09-30,1,0.3339669704437256
CUS05396,2025-08-31,0,0.33394405245780945
CUS05417,2025-09-30,0,0.3339303433895111
CUS01276,2025-07-31,0,0.333872526884079
CUS00717,2025-08-31,0,0.33386510610580444
CUS04046,2025-07-31,0,0.3338461220264435
CUS07200,2025-07-31,1,0.3338313102722168
CUS05055,2025-07-31,0,0.3338264226913452
CUS02016,2025-09-30,1,0.3337630331516266
CUS05798,2025-07-31,0,0.3337203860282898
CUS03998,2025-08-31,0,0.3337104618549347
CUS06164,2025-09-30,1,0.33370333909988403
CUS04461,2025-07-31,0,0.33369091153144836
CUS02242,2025-09-30,0,0.3336774408817291
CUS06842,2025-08-31,0,0.3336617648601532
CUS00308,2025-09-30,0,0.3336557447910309
CUS04055,2025-07-31,0,0.3336486518383026
CUS01043,2025-08-31,1,0.3336309790611267
CUS03463,2025-08-31,0,0.3336227536201477
CUS06000,2025-08-31,0,0.3336217701435089
CUS05546,2025-08-31,0,0.3336125612258911
CUS02038,2025-09-30,0,0.3335728347301483
CUS00717,2025-07-31,0,0.3335355222225189
CUS02136,2025-07-31,1,0.3335111737251282
CUS02113,2025-08-31,0,0.3335028290748596
CUS00546,2025-09-30,0,0.33349859714508057
CUS03085,2025-08-31,0,0.33347249031066895
CUS02394,2025-07-31,0,0.3334501385688782
CUS05111,2025-07-31,0,0.3334360718727112
CUS02669,2025-09-30,0,0.3334282636642456
CUS02336,2025-09-30,1,0.33342087268829346
CUS04963,2025-09-30,0,0.3334208130836487
CUS00698,2025-07-31,0,0.33342045545578003
CUS04181,2025-09-30,0,0.3334151804447174
CUS00211,2025-09-30,1,0.3334147334098816
CUS07584,2025-08-31,0,0.3334101438522339
CUS00542,2025-07-31,0,0.3333888649940491
CUS06230,2025-08-31,0,0.3333571255207062
CUS04735,2025-07-31,0,0.33333003520965576
CUS04883,2025-08-31,0,0.33332669734954834
CUS00730,2025-08-31,0,0.3333210051059723
CUS03982,2025-08-31,0,0.33328914642333984
CUS04649,2025-07-31,0,0.3332790732383728
CUS00167,2025-08-31,0,0.3332388401031494
CUS01495,2025-09-30,0,0.33323752880096436
CUS05795,2025-08-31,1,0.33323174715042114
CUS02557,2025-09-30,0,0.33321306109428406
CUS05028,2025-07-31,0,0.33319079875946045
CUS01523,2025-09-30,0,0.33313438296318054
CUS07162,2025-07-31,0,0.33312714099884033
CUS03372,2025-09-30,1,0.3331008553504944
CUS05533,2025-08-31,0,0.3330972492694855
CUS05021,2025-09-30,0,0.33307966589927673
CUS06462,2025-07-31,0,0.33297598361968994
CUS05379,2025-09-30,0,0.33294153213500977
CUS01062,2025-07-31,1,0.3329415023326874
CUS03650,2025-08-31,1,0.33289116621017456
CUS07592,2025-07-31,0,0.3328518271446228
CUS06208,2025-09-30,0,0.3328491151332855
CUS03483,2025-07-31,1,0.33283329010009766
CUS07569,2025-09-30,0,0.33282753825187683
CUS06480,2025-07-31,0,0.33281436562538147
CUS00957,2025-09-30,0,0.3328082263469696
CUS00395,2025-08-31,1,0.3327973186969757
CUS00613,2025-08-31,1,0.33278319239616394
CUS00548,2025-09-30,0,0.33277079463005066
CUS06495,2025-09-30,0,0.332756906747818
CUS06962,2025-08-31,0,0.33275356888771057
CUS03085,2025-09-30,0,0.33271676301956177
CUS03322,2025-08-31,0,0.3326953947544098
CUS01856,2025-08-31,0,0.3326713442802429
CUS01644,2025-08-31,0,0.33264535665512085
CUS05469,2025-07-31,1,0.3326317369937897
CUS01931,2025-09-30,0,0.3326307237148285
CUS01250,2025-09-30,1,0.3326064646244049
CUS07450,2025-09-30,0,0.33258527517318726
CUS00151,2025-07-31,0,0.3325830101966858
CUS03736,2025-09-30,0,0.33252936601638794
CUS00200,2025-07-31,1,0.3325084447860718
CUS04001,2025-08-31,1,0.3324994742870331
CUS05704,2025-07-31,0,0.3324943482875824
CUS05412,2025-09-30,0,0.3324938118457794
CUS01342,2025-09-30,1,0.3324519991874695
CUS01436,2025-08-31,0,0.33244651556015015
CUS07752,2025-07-31,0,0.33243605494499207
CUS07482,2025-07-31,0,0.3324032127857208
CUS07699,2025-08-31,0,0.3323487341403961
CUS06977,2025-07-31,0,0.3323378562927246
CUS02395,2025-08-31,0,0.3323332667350769
CUS05937,2025-08-31,0,0.33231469988822937
CUS00876,2025-09-30,0,0.33230698108673096
CUS01001,2025-09-30,0,0.3322869539260864
CUS02767,2025-07-31,0,0.33227017521858215
CUS07978,2025-09-30,0,0.33223211765289307
CUS07308,2025-07-31,0,0.3322131633758545
CUS02195,2025-07-31,0,0.33218660950660706
CUS06398,2025-07-31,0,0.3321625888347626
CUS02725,2025-07-31,0,0.3321608603000641
CUS07111,2025-09-30,0,0.33213356137275696
CUS03617,2025-09-30,0,0.33213138580322266
CUS03950,2025-07-31,1,0.3321145176887512
CUS05672,2025-09-30,0,0.3321090042591095
CUS06031,2025-08-31,1,0.33205047249794006
CUS02542,2025-09-30,0,0.33204415440559387
CUS04307,2025-08-31,0,0.332043319940567
CUS03777,2025-08-31,0,0.3320259749889374
CUS02578,2025-07-31,0,0.3320179879665375
CUS04305,2025-07-31,0,0.33200740814208984
CUS05465,2025-07-31,0,0.33199116587638855
CUS01043,2025-07-31,1,0.3319774866104126
CUS02146,2025-09-30,1,0.33195942640304565
CUS07453,2025-09-30,1,0.3319542706012726
CUS04026,2025-08-31,0,0.3318847715854645
CUS01639,2025-09-30,0,0.3318823575973511
CUS06961,2025-09-30,0,0.33185824751853943
CUS01870,2025-07-31,0,0.3318517208099365
CUS05902,2025-09-30,0,0.3318048417568207
CUS04101,2025-07-31,0,0.33179476857185364
CUS03830,2025-09-30,1,0.3317014276981354
CUS04584,2025-09-30,0,0.33168160915374756
CUS04582,2025-07-31,0,0.3316720426082611
CUS01363,2025-09-30,1,0.33166250586509705
CUS01291,2025-09-30,0,0.33163532614707947
CUS06213,2025-09-30,0,0.3316059708595276
CUS00953,2025-09-30,0,0.3315524160861969
CUS04159,2025-08-31,1,0.3315316438674927
CUS00925,2025-09-30,1,0.33152544498443604
CUS03268,2025-08-31,0,0.3315039277076721
CUS02379,2025-09-30,0,0.3314911723136902
CUS02574,2025-08-31,0,0.3314848840236664
CUS04319,2025-09-30,0,0.3314662277698517
CUS05190,2025-09-30,0,0.33146098256111145
CUS07458,2025-07-31,0,0.3314474821090698
CUS07583,2025-09-30,0,0.3313245475292206
CUS02011,2025-07-31,1,0.3312787711620331
CUS02390,2025-09-30,0,0.33126237988471985
CUS07981,2025-08-31,0,0.33123844861984253
CUS00889,2025-09-30,0,0.33122941851615906
CUS05224,2025-09-30,1,0.33120784163475037
CUS00102,2025-08-31,0,0.3311332166194916
CUS00483,2025-08-31,0,0.3311063051223755
CUS04322,2025-08-31,0,0.3311050832271576
CUS03170,2025-07-31,0,0.3310759663581848
CUS00910,2025-07-31,0,0.3310522735118866
CUS04366,2025-09-30,0,0.33103063702583313
CUS03170,2025-08-31,0,0.3309207856655121
CUS05588,2025-09-30,0,0.33090925216674805
CUS07595,2025-08-31,1,0.3309078812599182
CUS07725,2025-08-31,1,0.33090299367904663
CUS07520,2025-09-30,0,0.3309006989002228
CUS05078,2025-09-30,0,0.33089467883110046
CUS07627,2025-08-31,0,0.3308671712875366
CUS00706,2025-07-31,0,0.3308520019054413
CUS05772,2025-07-31,1,0.33084961771965027
CUS06127,2025-08-31,0,0.33084556460380554
CUS00174,2025-07-31,0,0.3308398425579071
CUS01169,2025-09-30,0,0.3307940363883972
CUS04503,2025-07-31,0,0.3307487666606903
CUS02225,2025-09-30,0,0.3307349681854248
CUS07592,2025-08-31,0,0.33069103956222534
CUS04217,2025-07-31,0,0.3306747078895569
CUS04834,2025-07-31,0,0.33067187666893005
CUS05402,2025-09-30,0,0.3306564688682556
CUS04607,2025-08-31,0,0.33064988255500793
CUS07929,2025-09-30,1,0.33058828115463257
CUS05055,2025-09-30,1,0.33056628704071045
CUS07660,2025-07-31,0,0.33047834038734436
CUS04456,2025-07-31,0,0.3304537832736969
CUS02724,2025-08-31,0,0.3304481506347656
CUS02673,2025-08-31,0,0.33042439818382263
CUS01318,2025-09-30,1,0.33038970828056335
CUS03513,2025-09-30,0,0.3303738236427307
CUS03658,2025-08-31,0,0.3303704857826233
CUS04218,2025-08-31,0,0.33036792278289795
CUS06760,2025-09-30,1,0.33034801483154297
CUS01383,2025-09-30,0,0.3303467333316803
CUS00093,2025-08-31,1,0.3303371071815491
CUS06914,2025-07-31,0,0.33033016324043274
CUS07667,2025-08-31,0,0.3303082585334778
CUS06910,2025-07-31,0,0.3302859663963318
CUS04283,2025-07-31,0,0.33025410771369934
CUS05419,2025-09-30,1,0.3302517831325531
CUS02746,2025-08-31,0,0.33022457361221313
CUS05416,2025-08-31,0,0.33022233843803406
CUS01214,2025-09-30,0,0.33015814423561096
CUS04678,2025-08-31,0,0.330147922039032
CUS00290,2025-09-30,0,0.33013367652893066
CUS05078,2025-08-31,1,0.33009251952171326
CUS05486,2025-09-30,1,0.330089271068573
CUS00736,2025-09-30,0,0.3300616443157196
CUS04191,2025-07-31,0,0.32996419072151184
CUS01305,2025-08-31,0,0.3299421966075897
CUS03172,2025-09-30,0,0.32993605732917786
CUS06123,2025-09-30,0,0.3298964500427246
CUS05604,2025-07-31,0,0.32987838983535767
CUS04424,2025-09-30,0,0.3298696279525757
CUS03998,2025-07-31,0,0.3298490345478058
CUS00069,2025-08-31,0,0.32984745502471924
CUS01181,2025-07-31,0,0.32983818650245667
CUS01587,2025-07-31,1,0.3298337757587433
CUS06708,2025-08-31,0,0.32982009649276733
CUS03208,2025-08-31,1,0.32979339361190796
CUS05235,2025-09-30,0,0.3297823667526245
CUS06025,2025-09-30,1,0.32974669337272644
CUS06783,2025-08-31,0,0.32974138855934143
CUS06062,2025-09-30,0,0.3296951353549957
CUS04611,2025-07-31,1,0.3296477794647217
CUS04642,2025-09-30,1,0.329622745513916
CUS07453,2025-08-31,1,0.32955101132392883
CUS07806,2025-07-31,1,0.3295156955718994
CUS04288,2025-08-31,0,0.3295101225376129
CUS02552,2025-09-30,0,0.32949382066726685
CUS04468,2025-07-31,0,0.32947206497192383
CUS05323,2025-08-31,1,0.3294687867164612
CUS01961,2025-08-31,0,0.32944056391716003
CUS06480,2025-08-31,0,0.32944053411483765
CUS06437,2025-08-31,1,0.32940661907196045
CUS04908,2025-08-31,0,0.3293958306312561
CUS04961,2025-08-31,0,0.32937783002853394
CUS07410,2025-07-31,0,0.3293679654598236
CUS05926,2025-08-31,0,0.32930201292037964
CUS00147,2025-09-30,1,0.32927340269088745
CUS03909,2025-09-30,0,0.3292234241962433
CUS07830,2025-09-30,0,0.3292083144187927
CUS07617,2025-09-30,0,0.3292083144187927
CUS04163,2025-07-31,1,0.32918667793273926
CUS02164,2025-09-30,1,0.3291722238063812
CUS00083,2025-07-31,0,0.32917162775993347
CUS05565,2025-07-31,0,0.32916906476020813
CUS04676,2025-08-31,0,0.32913920283317566
CUS04937,2025-09-30,0,0.32912731170654297
CUS00818,2025-07-31,0,0.32910779118537903
CUS01605,2025-07-31,0,0.3291010558605194
CUS06661,2025-08-31,0,0.3290998041629791
CUS00826,2025-08-31,1,0.32908138632774353
CUS03342,2025-07-31,0,0.32906579971313477
CUS07833,2025-09-30,0,0.32900625467300415
CUS03817,2025-07-31,1,0.3289739787578583
CUS05266,2025-09-30,0,0.32897162437438965
CUS07476,2025-07-31,0,0.32897070050239563
CUS07964,2025-07-31,0,0.3289615511894226
CUS02400,2025-08-31,0,0.3289192020893097
CUS01060,2025-08-31,0,0.32888028025627136
CUS03877,2025-09-30,0,0.32886815071105957
CUS06990,2025-07-31,1,0.3288635015487671
CUS03396,2025-07-31,1,0.32885870337486267
CUS00947,2025-07-31,0,0.328853964805603
CUS03121,2025-08-31,0,0.32880961894989014
CUS06871,2025-07-31,0,0.32880374789237976
CUS01357,2025-09-30,0,0.32879939675331116
CUS04612,2025-07-31,0,0.3287977874279022
CUS03527,2025-09-30,0,0.3287934958934784
CUS04743,2025-09-30,0,0.3287738561630249
CUS00019,2025-07-31,0,0.328768789768219
CUS05474,2025-09-30,0,0.32875367999076843
CUS04622,2025-07-31,0,0.32875365018844604
CUS00853,2025-09-30,1,0.3287418484687805
CUS05162,2025-08-31,1,0.3287399411201477
CUS01852,2025-08-31,0,0.3287339508533478
CUS07414,2025-08-31,0,0.32872605323791504
CUS00151,2025-08-31,0,0.3287006616592407
CUS02718,2025-09-30,0,0.3286954462528229
CUS07319,2025-07-31,0,0.32869279384613037
CUS00827,2025-07-31,1,0.32867738604545593
CUS07097,2025-08-31,0,0.32867196202278137
CUS06565,2025-09-30,1,0.32866501808166504
CUS07811,2025-09-30,1,0.3285644054412842
CUS03624,2025-09-30,0,0.32856377959251404
CUS01628,2025-07-31,0,0.3285435438156128
CUS05093,2025-08-31,1,0.328530877828598
CUS02091,2025-08-31,1,0.32852885127067566
CUS00543,2025-09-30,0,0.32852694392204285
CUS06283,2025-08-31,0,0.3285225033760071
CUS01009,2025-08-31,0,0.32848885655403137
CUS07232,2025-08-31,1,0.3284858763217926
CUS07213,2025-07-31,0,0.3284435570240021
CUS06312,2025-09-30,0,0.32841867208480835
CUS06842,2025-07-31,0,0.32841816544532776
CUS07061,2025-08-31,0,0.3284098505973816
CUS04200,2025-09-30,0,0.32840070128440857
CUS07978,2025-07-31,0,0.32839444279670715
CUS02155,2025-09-30,0,0.3283838629722595
CUS07790,2025-07-31,0,0.3283686637878418
CUS03751,2025-08-31,1,0.3283294439315796
CUS02101,2025-09-30,1,0.3283207416534424
CUS03914,2025-07-31,0,0.3283118009567261
CUS02308,2025-07-31,0,0.32829979062080383
CUS03804,2025-09-30,0,0.3282882869243622
CUS07078,2025-07-31,0,0.32827138900756836
CUS06816,2025-09-30,0,0.3282349407672882
CUS00664,2025-08-31,0,0.3281875252723694
CUS01109,2025-07-31,0,0.3281819522380829
CUS05663,2025-08-31,1,0.32816165685653687
CUS05864,2025-08-31,1,0.3281557261943817
CUS04703,2025-09-30,0,0.32814374566078186
CUS06492,2025-08-31,1,0.32813912630081177
CUS01537,2025-07-31,0,0.32812267541885376
CUS03140,2025-07-31,0,0.32809385657310486
CUS02703,2025-07-31,0,0.32808130979537964
CUS07645,2025-07-31,0,0.328025221824646
CUS01095,2025-08-31,1,0.3280126452445984
CUS06329,2025-08-31,0,0.3280031085014343
CUS03184,2025-09-30,0,0.3279980719089508
CUS01748,2025-08-31,0,0.32799091935157776
CUS04914,2025-08-31,1,0.32799023389816284
CUS07390,2025-07-31,0,0.3279872238636017
CUS06970,2025-09-30,1,0.32798442244529724
CUS00513,2025-08-31,0,0.3279772698879242
CUS01972,2025-07-31,1,0.3279365599155426
CUS01870,2025-09-30,0,0.32792195677757263
CUS04322,2025-07-31,0,0.3279142379760742
CUS05906,2025-08-31,0,0.32790642976760864
CUS07081,2025-07-31,0,0.327849417924881
CUS04107,2025-09-30,1,0.32782915234565735
CUS06515,2025-09-30,1,0.3278040885925293
CUS03663,2025-08-31,0,0.3277924954891205
CUS07509,2025-09-30,0,0.3277866542339325
CUS06381,2025-07-31,1,0.3277505040168762
CUS00484,2025-07-31,0,0.3277274966239929
CUS06166,2025-08-31,0,0.3277261257171631
CUS06780,2025-08-31,0,0.32769647240638733
CUS02757,2025-09-30,0,0.3276112973690033
CUS07777,2025-07-31,0,0.3275991678237915
CUS04304,2025-09-30,0,0.3275873064994812
CUS07157,2025-08-31,0,0.32758256793022156
CUS01192,2025-09-30,0,0.3275662362575531
CUS07566,2025-07-31,1,0.3275635838508606
CUS04658,2025-07-31,0,0.3275558352470398
CUS01119,2025-09-30,0,0.32755330204963684
CUS05655,2025-07-31,0,0.3275267481803894
CUS01668,2025-08-31,0,0.32751908898353577
CUS00674,2025-07-31,0,0.32750779390335083
CUS00482,2025-09-30,0,0.3275018632411957
CUS03935,2025-08-31,0,0.3274941146373749
CUS06014,2025-09-30,0,0.32746240496635437
CUS00973,2025-07-31,0,0.32745879888534546
CUS06114,2025-08-31,0,0.32741957902908325
CUS05000,2025-07-31,0,0.32737672328948975
CUS00158,2025-08-31,0,0.3273211121559143
CUS03072,2025-08-31,0,0.3272886574268341
CUS00858,2025-09-30,1,0.3272235691547394
CUS04510,2025-07-31,0,0.3272203505039215
CUS03973,2025-07-31,0,0.32720714807510376
CUS03658,2025-07-31,1,0.3271939158439636
CUS02409,2025-09-30,1,0.3271580934524536
CUS05355,2025-07-31,0,0.32713136076927185
CUS01509,2025-07-31,0,0.32712510228157043
CUS07354,2025-08-31,0,0.32710087299346924
CUS04239,2025-09-30,0,0.32708463072776794
CUS06329,2025-09-30,0,0.3270184099674225
CUS03056,2025-09-30,0,0.3269769847393036
CUS06359,2025-09-30,0,0.3269546329975128
CUS03934,2025-07-31,1,0.3269348740577698
CUS02407,2025-09-30,0,0.32692575454711914
CUS02620,2025-09-30,0,0.3268783688545227
CUS04449,2025-08-31,0,0.3268704414367676
CUS04798,2025-08-31,0,0.32685387134552
CUS06142,2025-07-31,0,0.3268511891365051
CUS04460,2025-07-31,0,0.3268337845802307
CUS06654,2025-07-31,1,0.32681602239608765
CUS00554,2025-07-31,0,0.3268072307109833
CUS02585,2025-08-31,0,0.3267858624458313
CUS06387,2025-07-31,0,0.32672303915023804
CUS03717,2025-08-31,0,0.32670286297798157
CUS01113,2025-07-31,1,0.3266805410385132
CUS00363,2025-09-30,0,0.326668381690979
CUS05902,2025-08-31,0,0.3266682028770447
CUS02240,2025-07-31,0,0.32665225863456726
CUS06828,2025-09-30,0,0.3266388773918152
CUS03934,2025-08-31,1,0.32661259174346924
CUS00180,2025-08-31,0,0.32660815119743347
CUS07003,2025-08-31,0,0.32660728693008423
CUS07126,2025-09-30,1,0.326541930437088
CUS00216,2025-07-31,1,0.32653552293777466
CUS03877,2025-08-31,0,0.3265230059623718
CUS06298,2025-08-31,1,0.3265056610107422
CUS07520,2025-07-31,0,0.3264872133731842
CUS04484,2025-08-31,0,0.3264425992965698
CUS07931,2025-07-31,0,0.32644134759902954
CUS00736,2025-08-31,0,0.3264233469963074
CUS02223,2025-07-31,0,0.3264208436012268
CUS01412,2025-07-31,1,0.32639190554618835
CUS01587,2025-08-31,0,0.3263082206249237
CUS01938,2025-09-30,0,0.3262972831726074
CUS05175,2025-08-31,0,0.32629039883613586
CUS07066,2025-09-30,0,0.3262858986854553
CUS00514,2025-09-30,0,0.3262799084186554
CUS03170,2025-09-30,0,0.326244592666626
CUS03884,2025-07-31,1,0.3262422978878021
CUS06064,2025-09-30,0,0.3262418508529663
CUS01500,2025-07-31,0,0.32623395323753357
CUS04490,2025-09-30,0,0.32622694969177246
CUS04885,2025-09-30,0,0.3262020945549011
CUS07988,2025-08-31,0,0.3262016177177429
CUS02360,2025-07-31,0,0.3262008726596832
CUS05239,2025-09-30,0,0.32619592547416687
CUS03600,2025-08-31,1,0.3261798322200775
CUS04361,2025-09-30,0,0.326143741607666
CUS00852,2025-09-30,0,0.32613492012023926
CUS04922,2025-07-31,0,0.3260984420776367
CUS04938,2025-08-31,1,0.3260936141014099
CUS06708,2025-09-30,0,0.32607245445251465
CUS04700,2025-08-31,0,0.3260379433631897
CUS00864,2025-09-30,0,0.3260335326194763
CUS05609,2025-07-31,0,0.32602620124816895
CUS01715,2025-07-31,0,0.32600581645965576
CUS06517,2025-07-31,0,0.3259791433811188
CUS07476,2025-09-30,0,0.3259732127189636
CUS06818,2025-07-31,0,0.32595765590667725
CUS06548,2025-08-31,1,0.3259263038635254
CUS07092,2025-08-31,1,0.32592442631721497
CUS05396,2025-09-30,0,0.32584893703460693
CUS00068,2025-08-31,0,0.32581189274787903
CUS04061,2025-08-31,0,0.3257594704627991
CUS07584,2025-09-30,0,0.32574567198753357
CUS06043,2025-09-30,1,0.3257380425930023
CUS01702,2025-08-31,1,0.3257075250148773
CUS06066,2025-09-30,1,0.3256875276565552
CUS05460,2025-08-31,0,0.3256758749485016
CUS03372,2025-08-31,0,0.3256695866584778
CUS03941,2025-07-31,0,0.32563668489456177
CUS00390,2025-09-30,1,0.3256293535232544
CUS01665,2025-07-31,0,0.32557645440101624
CUS05752,2025-09-30,0,0.3255602717399597
CUS00657,2025-09-30,1,0.32555386424064636
CUS02384,2025-09-30,0,0.32555079460144043
CUS04658,2025-08-31,0,0.3255268931388855
CUS07394,2025-09-30,1,0.32547062635421753
CUS01312,2025-08-31,1,0.3254675269126892
CUS05022,2025-08-31,0,0.32543790340423584
CUS06717,2025-09-30,0,0.32541966438293457
CUS01885,2025-09-30,0,0.32540032267570496
CUS07227,2025-07-31,1,0.3253836929798126
CUS04159,2025-09-30,1,0.32538264989852905
CUS04012,2025-08-31,0,0.32537856698036194
CUS06525,2025-07-31,0,0.32537412643432617
CUS06854,2025-07-31,0,0.3253714442253113
CUS07662,2025-09-30,1,0.32536494731903076
CUS02805,2025-09-30,0,0.3253510296344757
CUS02868,2025-09-30,0,0.3253452181816101
CUS03311,2025-07-31,1,0.32534459233283997
CUS02236,2025-07-31,0,0.3253367245197296
CUS02816,2025-09-30,1,0.3253251314163208
CUS01423,2025-08-31,0,0.3253190517425537
CUS05195,2025-08-31,0,0.3253190219402313
CUS02509,2025-08-31,0,0.32530495524406433
CUS06736,2025-09-30,1,0.32528600096702576
CUS06089,2025-08-31,0,0.3252856135368347
CUS05565,2025-08-31,0,0.32528156042099
CUS04423,2025-07-31,0,0.32527387142181396
CUS00521,2025-09-30,1,0.3252412974834442
CUS05099,2025-08-31,0,0.3252394497394562
CUS04830,2025-07-31,0,0.3252217471599579
CUS04302,2025-09-30,0,0.32521045207977295
CUS06031,2025-09-30,1,0.32519441843032837
CUS02444,2025-07-31,0,0.3251838982105255
CUS00477,2025-08-31,0,0.3251446485519409
CUS05630,2025-07-31,0,0.3251405358314514
CUS00158,2025-07-31,1,0.3251315951347351
CUS05500,2025-09-30,0,0.3251209855079651
CUS06828,2025-08-31,1,0.3251149356365204
CUS04449,2025-07-31,0,0.3251042664051056
CUS01963,2025-09-30,0,0.325093537569046
CUS00799,2025-09-30,0,0.3250914514064789
CUS05898,2025-08-31,0,0.3250913619995117
CUS02705,2025-07-31,1,0.3250666558742523
CUS01280,2025-08-31,0,0.3250523507595062
CUS06959,2025-09-30,0,0.325041800737381
CUS00344,2025-09-30,1,0.3249783515930176
CUS05131,2025-08-31,0,0.3248711824417114
CUS04937,2025-08-31,0,0.324862539768219
CUS02379,2025-08-31,1,0.32485002279281616
CUS00093,2025-07-31,1,0.3248447775840759
CUS03557,2025-07-31,1,0.324833482503891
CUS05712,2025-07-31,0,0.324830025434494
CUS01277,2025-07-31,0,0.32478809356689453
CUS06015,2025-09-30,0,0.32477909326553345
CUS02805,2025-07-31,0,0.3247763216495514
CUS04276,2025-08-31,0,0.32476863265037537
CUS02374,2025-08-31,0,0.3247685134410858
CUS05980,2025-07-31,1,0.3247675597667694
CUS07292,2025-08-31,0,0.32475244998931885
CUS01464,2025-09-30,0,0.3247503936290741
CUS02835,2025-07-31,0,0.32474032044410706
CUS00179,2025-07-31,0,0.324722558259964
CUS05711,2025-08-31,0,0.3247095048427582
CUS02551,2025-08-31,0,0.3246944844722748
CUS05263,2025-09-30,1,0.3246403634548187
CUS05417,2025-07-31,0,0.3246394097805023
CUS06158,2025-07-31,0,0.32463011145591736
CUS04084,2025-07-31,0,0.3245753347873688
CUS02081,2025-09-30,1,0.3245626389980316
CUS02303,2025-08-31,0,0.3245522081851959
CUS01275,2025-08-31,0,0.32453596591949463
CUS02950,2025-09-30,0,0.32453349232673645
CUS07654,2025-07-31,0,0.3245117664337158
CUS05819,2025-07-31,0,0.3245104253292084
CUS06847,2025-09-30,0,0.3245052099227905
CUS05646,2025-09-30,1,0.3244991898536682
CUS03584,2025-09-30,0,0.3244965672492981
CUS07949,2025-08-31,0,0.32448482513427734
CUS02080,2025-08-31,1,0.32448166608810425
CUS07500,2025-08-31,0,0.3244650065898895
CUS04189,2025-07-31,0,0.3244594633579254
CUS04859,2025-07-31,0,0.3244403600692749
CUS07842,2025-07-31,0,0.3244238495826721
CUS06188,2025-09-30,1,0.32441869378089905
CUS01008,2025-07-31,1,0.32440370321273804
CUS01301,2025-08-31,0,0.32440030574798584
CUS00948,2025-08-31,1,0.3243939280509949
CUS01918,2025-08-31,0,0.3242924213409424
CUS07490,2025-09-30,1,0.32428598403930664
CUS05511,2025-07-31,0,0.3241715431213379
CUS07559,2025-07-31,0,0.32416030764579773
CUS06762,2025-09-30,0,0.32415467500686646
CUS02417,2025-09-30,0,0.32415419816970825
CUS06106,2025-08-31,0,0.3241485059261322
CUS03079,2025-09-30,1,0.3241459131240845
CUS00736,2025-07-31,0,0.3241289258003235
CUS03863,2025-09-30,0,0.3241284191608429
CUS06722,2025-09-30,1,0.3241201937198639
CUS02527,2025-07-31,0,0.3241159915924072
CUS01759,2025-08-31,0,0.3241063356399536
CUS00929,2025-07-31,0,0.3240330219268799
CUS05051,2025-09-30,1,0.3240300416946411
CUS06018,2025-08-31,1,0.32401707768440247
CUS04083,2025-08-31,0,0.324003130197525
CUS03773,2025-08-31,0,0.32397976517677307
CUS01943,2025-08-31,0,0.32397890090942383
CUS03037,2025-08-31,1,0.32397276163101196
CUS02455,2025-08-31,0,0.323965847492218
CUS02931,2025-09-30,0,0.32396456599235535
CUS03868,2025-09-30,1,0.32396242022514343
CUS07238,2025-09-30,1,0.3238827884197235
CUS07978,2025-08-31,0,0.3238663673400879
CUS03635,2025-07-31,1,0.3238646388053894
CUS04561,2025-08-31,0,0.32385870814323425
CUS06660,2025-07-31,1,0.32385745644569397
CUS07377,2025-08-31,0,0.3238556683063507
CUS03592,2025-09-30,0,0.3238484561443329
CUS02388,2025-07-31,0,0.3238469064235687
CUS00438,2025-08-31,0,0.3238387107849121
CUS02918,2025-07-31,0,0.3238336145877838
CUS07680,2025-07-31,0,0.3238171935081482
CUS03964,2025-08-31,0,0.3238028585910797
CUS05750,2025-07-31,0,0.3237753212451935
CUS01252,2025-08-31,1,0.3237728178501129
CUS07354,2025-07-31,0,0.32375940680503845
CUS06998,2025-08-31,0,0.3237236738204956
CUS04597,2025-08-31,0,0.3237226605415344
CUS05291,2025-08-31,1,0.32371968030929565
CUS05381,2025-08-31,0,0.3236582577228546
CUS05184,2025-08-31,0,0.3236185908317566
CUS01485,2025-09-30,0,0.3236100673675537
CUS04977,2025-09-30,0,0.32357165217399597
CUS00484,2025-09-30,0,0.32355833053588867
CUS01538,2025-09-30,0,0.323550820350647
CUS00471,2025-09-30,0,0.3235454857349396
CUS06526,2025-09-30,0,0.32353776693344116
CUS03187,2025-08-31,0,0.3235284686088562
CUS02193,2025-09-30,0,0.3234831988811493
CUS01354,2025-07-31,0,0.32343539595603943
CUS06221,2025-09-30,0,0.3233892321586609
CUS01931,2025-08-31,0,0.32338541746139526
CUS07192,2025-09-30,0,0.3233760595321655
CUS06451,2025-08-31,0,0.3233737647533417
CUS03773,2025-07-31,0,0.323361873626709
CUS06198,2025-08-31,1,0.3233368396759033
CUS07442,2025-08-31,1,0.32333242893218994
CUS04274,2025-07-31,1,0.323324054479599
CUS00108,2025-08-31,1,0.3232985734939575
CUS03322,2025-09-30,0,0.3232822120189667
CUS06544,2025-07-31,0,0.3232797384262085
CUS00507,2025-09-30,0,0.32325422763824463
CUS02808,2025-08-31,0,0.3232477903366089
CUS04928,2025-08-31,0,0.32322075963020325
CUS00581,2025-08-31,0,0.32319632172584534
CUS07894,2025-09-30,0,0.32319509983062744
CUS06728,2025-09-30,0,0.32319024205207825
CUS01507,2025-07-31,0,0.3231748342514038
CUS01689,2025-08-31,0,0.32315540313720703
CUS00866,2025-09-30,0,0.32312288880348206
CUS01310,2025-07-31,0,0.3230733275413513
CUS05765,2025-09-30,0,0.32306692004203796
CUS05402,2025-08-31,1,0.32304847240448
CUS01563,2025-09-30,0,0.32304129004478455
CUS06340,2025-07-31,0,0.3230142295360565
CUS05047,2025-09-30,1,0.3230084478855133
CUS03727,2025-09-30,0,0.3229530155658722
CUS05413,2025-09-30,0,0.3229283094406128
CUS06227,2025-08-31,0,0.32291099429130554
CUS04530,2025-08-31,0,0.3229001462459564
CUS04613,2025-09-30,1,0.3228883445262909
CUS00112,2025-08-31,1,0.32288482785224915
CUS03706,2025-08-31,0,0.3228430151939392
CUS06492,2025-09-30,0,0.32281017303466797
CUS02455,2025-09-30,0,0.3227950632572174
CUS05250,2025-09-30,0,0.32273292541503906
CUS05871,2025-09-30,1,0.32272231578826904
CUS02618,2025-09-30,0,0.3227035105228424
CUS04329,2025-07-31,0,0.32264482975006104
CUS06537,2025-09-30,0,0.3226442039012909
CUS01928,2025-08-31,0,0.32263219356536865
CUS06156,2025-09-30,1,0.32263195514678955
CUS02232,2025-09-30,0,0.3226281702518463
CUS03777,2025-07-31,0,0.3226207196712494
CUS00469,2025-09-30,0,0.32261964678764343
CUS02712,2025-08-31,1,0.3225669860839844
CUS01618,2025-09-30,0,0.3225387632846832
CUS07516,2025-07-31,0,0.32252806425094604
CUS00882,2025-07-31,0,0.32249271869659424
CUS01474,2025-09-30,0,0.3224678039550781
CUS00079,2025-09-30,0,0.3224569857120514
CUS07133,2025-07-31,1,0.32243573665618896
CUS02550,2025-08-31,0,0.3224339187145233
CUS05554,2025-08-31,0,0.3224123418331146
CUS06761,2025-08-31,0,0.32237550616264343
CUS02260,2025-08-31,0,0.3223487436771393
CUS07960,2025-07-31,1,0.3223417401313782
CUS06403,2025-09-30,1,0.3223336338996887
CUS04212,2025-08-31,0,0.3223266005516052
CUS00009,2025-08-31,0,0.3222764730453491
CUS05754,2025-07-31,1,0.32227611541748047
CUS01309,2025-08-31,1,0.3222549259662628
CUS00928,2025-07-31,0,0.32224664092063904
CUS05975,2025-08-31,1,0.3222140669822693
CUS00815,2025-07-31,0,0.3222079873085022
CUS06787,2025-07-31,1,0.3221747577190399
CUS07442,2025-07-31,1,0.3221711218357086
CUS07578,2025-09-30,0,0.32210642099380493
CUS06599,2025-09-30,0,0.32206934690475464
CUS05766,2025-08-31,0,0.32205095887184143
CUS06728,2025-07-31,0,0.32202866673469543
CUS03783,2025-07-31,0,0.3219977021217346
CUS02731,2025-09-30,0,0.32199761271476746
CUS06168,2025-08-31,0,0.3219277560710907
CUS00471,2025-08-31,0,0.3219183087348938
CUS00780,2025-07-31,0,0.32191288471221924
CUS04055,2025-09-30,0,0.3219052255153656
CUS01346,2025-08-31,0,0.3219028115272522
CUS02631,2025-07-31,0,0.3218971788883209
CUS04186,2025-09-30,0,0.3218955993652344
CUS05267,2025-09-30,0,0.32186076045036316
CUS03097,2025-07-31,1,0.3218354284763336
CUS03017,2025-08-31,0,0.3217230439186096
CUS03367,2025-09-30,0,0.3216501474380493
CUS07544,2025-09-30,0,0.3216311037540436
CUS04718,2025-08-31,0,0.32161208987236023
CUS03107,2025-08-31,1,0.32155343890190125
CUS01648,2025-09-30,0,0.321533203125
CUS02146,2025-08-31,1,0.3215295672416687
CUS03140,2025-08-31,0,0.32150784134864807
CUS05737,2025-09-30,0,0.32141444087028503
CUS04591,2025-08-31,0,0.3213810920715332
CUS07722,2025-09-30,0,0.3213273584842682
CUS03509,2025-09-30,0,0.32132449746131897
CUS06184,2025-07-31,0,0.32131674885749817
CUS06385,2025-07-31,0,0.3213135600090027
CUS01084,2025-07-31,0,0.32130196690559387
CUS05222,2025-07-31,1,0.3212519884109497
CUS07660,2025-08-31,0,0.3212432265281677
CUS02360,2025-09-30,0,0.32123950123786926
CUS06048,2025-08-31,0,0.32120001316070557
CUS06068,2025-08-31,0,0.32119321823120117
CUS06456,2025-07-31,0,0.3211697041988373
CUS03090,2025-09-30,1,0.32114991545677185
CUS01346,2025-09-30,0,0.32112547755241394
CUS05293,2025-08-31,0,0.3211168348789215
CUS02391,2025-07-31,1,0.32111111283302307
CUS00548,2025-08-31,0,0.3210839033126831
CUS00431,2025-07-31,0,0.3210783302783966
CUS00776,2025-08-31,0,0.3210477828979492
CUS07136,2025-07-31,0,0.32103538513183594
CUS00707,2025-07-31,0,0.32099786400794983
CUS01305,2025-09-30,0,0.3209976255893707
CUS05855,2025-07-31,1,0.3209412395954132
CUS07582,2025-08-31,0,0.3209269642829895
CUS02180,2025-08-31,0,0.320909321308136
CUS04294,2025-08-31,1,0.3208986222743988
CUS03160,2025-07-31,0,0.3208881914615631
CUS03892,2025-07-31,1,0.32087692618370056
CUS00720,2025-09-30,1,0.32082295417785645
CUS05227,2025-09-30,0,0.3208201229572296
CUS07995,2025-08-31,1,0.32081902027130127
CUS01727,2025-07-31,0,0.3207603693008423
CUS04937,2025-07-31,0,0.32055726647377014
CUS03066,2025-09-30,0,0.32055115699768066
CUS04834,2025-09-30,0,0.3205289840698242
CUS01470,2025-07-31,1,0.3205157220363617
CUS04319,2025-08-31,0,0.3205118477344513
CUS02336,2025-08-31,0,0.32050272822380066
CUS06029,2025-07-31,0,0.32048913836479187
CUS05938,2025-09-30,1,0.3204634487628937
CUS02092,2025-07-31,1,0.3204384446144104
CUS04612,2025-08-31,0,0.3204140067100525
CUS01303,2025-07-31,0,0.32039859890937805
CUS01370,2025-07-31,0,0.3203895688056946
CUS03392,2025-07-31,1,0.32038095593452454
CUS04562,2025-08-31,0,0.3203597366809845
CUS00980,2025-07-31,1,0.32035860419273376
CUS04177,2025-08-31,0,0.32035690546035767
CUS00674,2025-09-30,0,0.32034677267074585
CUS03109,2025-07-31,0,0.3203444480895996
CUS07917,2025-07-31,0,0.32032084465026855
CUS02700,2025-09-30,1,0.320319265127182
CUS00187,2025-08-31,0,0.3203124701976776
CUS05611,2025-07-31,0,0.3202587366104126
CUS05766,2025-09-30,0,0.3202539384365082
CUS07296,2025-07-31,0,0.3202519118785858
CUS01936,2025-08-31,0,0.32021450996398926
CUS06921,2025-09-30,0,0.3201799690723419
CUS00360,2025-08-31,0,0.32016563415527344
CUS00128,2025-08-31,0,0.32014942169189453
CUS03696,2025-08-31,1,0.32010549306869507
CUS03043,2025-07-31,0,0.3200766444206238
CUS06256,2025-07-31,0,0.32005807757377625
CUS01971,2025-09-30,0,0.3200554847717285
CUS00497,2025-07-31,1,0.3200341463088989
CUS02450,2025-09-30,0,0.31998875737190247
CUS07554,2025-07-31,0,0.3199825584888458
CUS05937,2025-09-30,0,0.31996431946754456
CUS01060,2025-09-30,0,0.31995823979377747
CUS05444,2025-07-31,0,0.31995606422424316
CUS06228,2025-08-31,0,0.31995341181755066
CUS01351,2025-08-31,0,0.3199523389339447
CUS04823,2025-09-30,1,0.3199267089366913
CUS04067,2025-09-30,0,0.31989577412605286
CUS03626,2025-08-31,0,0.31985610723495483
CUS01163,2025-08-31,1,0.3198486864566803
CUS01556,2025-09-30,0,0.3198128640651703
CUS05052,2025-07-31,0,0.3197886347770691
CUS07064,2025-09-30,0,0.3197765350341797
CUS06074,2025-07-31,1,0.31977578997612
CUS05965,2025-07-31,0,0.3197481334209442
CUS04890,2025-08-31,0,0.3197365999221802
CUS06428,2025-08-31,0,0.31969118118286133
CUS03843,2025-09-30,0,0.3196761906147003
CUS06276,2025-09-30,0,0.31966832280158997
CUS01046,2025-09-30,0,0.3196532726287842
CUS01554,2025-08-31,0,0.31964990496635437
CUS07625,2025-07-31,0,0.319614052772522
CUS01046,2025-08-31,0,0.31961381435394287
CUS04046,2025-09-30,0,0.3195975422859192
CUS00893,2025-09-30,1,0.3195132613182068
CUS00395,2025-07-31,1,0.31948423385620117
CUS03262,2025-08-31,0,0.31948110461235046
CUS02595,2025-08-31,1,0.31946468353271484
CUS03800,2025-09-30,1,0.3194524347782135
CUS04967,2025-07-31,0,0.3194434344768524
CUS00325,2025-08-31,0,0.3194425404071808
CUS03498,2025-09-30,0,0.31940537691116333
CUS05301,2025-09-30,1,0.3193812668323517
CUS01095,2025-07-31,1,0.31934207677841187
CUS04437,2025-09-30,0,0.31934067606925964
CUS06833,2025-07-31,0,0.31933358311653137
CUS01907,2025-08-31,0,0.31933122873306274
CUS05863,2025-07-31,0,0.31932729482650757
CUS06558,2025-09-30,0,0.3193186819553375
CUS02092,2025-08-31,1,0.31930750608444214
CUS01380,2025-08-31,1,0.31930282711982727
CUS02894,2025-09-30,0,0.3193012773990631
CUS00820,2025-08-31,0,0.3192882835865021
CUS06995,2025-09-30,0,0.31927841901779175
CUS02542,2025-08-31,0,0.3192349970340729
CUS00954,2025-07-31,0,0.31917476654052734
CUS02362,2025-07-31,1,0.31915751099586487
CUS07743,2025-07-31,0,0.31913259625434875
CUS06322,2025-07-31,1,0.31907209753990173
CUS00898,2025-09-30,1,0.31906673312187195
CUS06670,2025-08-31,1,0.3190591633319855
CUS04678,2025-09-30,0,0.3190571665763855
CUS03349,2025-08-31,0,0.319052517414093
CUS01046,2025-07-31,0,0.319034606218338
CUS01729,2025-08-31,0,0.31899845600128174
CUS05952,2025-07-31,1,0.3189965784549713
CUS02182,2025-07-31,1,0.31898096203804016
CUS05823,2025-09-30,0,0.31896165013313293
CUS07544,2025-08-31,0,0.31896069645881653
CUS03355,2025-09-30,0,0.3189590275287628
CUS03876,2025-07-31,0,0.31895875930786133
CUS05224,2025-07-31,0,0.31895026564598083
CUS05162,2025-07-31,0,0.31894761323928833
CUS00909,2025-07-31,0,0.31894031167030334
CUS01668,2025-07-31,0,0.3189395070075989
CUS05328,2025-08-31,0,0.3189179599285126
CUS00754,2025-07-31,1,0.3189135789871216
CUS00399,2025-07-31,0,0.31889960169792175
CUS04443,2025-08-31,1,0.3188605308532715
CUS07411,2025-07-31,1,0.3188474178314209
CUS06520,2025-08-31,1,0.31880977749824524
CUS00775,2025-07-31,1,0.31878653168678284
CUS04892,2025-09-30,0,0.3187858760356903
CUS07410,2025-08-31,0,0.318721204996109
CUS04283,2025-08-31,0,0.31868401169776917
CUS07049,2025-08-31,0,0.31861716508865356
CUS00912,2025-09-30,0,0.318595290184021
CUS00489,2025-09-30,0,0.31858518719673157
CUS03941,2025-08-31,0,0.3185758590698242
CUS00256,2025-09-30,1,0.3185681700706482
CUS00422,2025-09-30,0,0.31856805086135864
CUS04309,2025-07-31,1,0.3185379207134247
CUS01045,2025-08-31,0,0.3185349702835083
CUS01847,2025-07-31,1,0.31846505403518677
CUS00352,2025-09-30,1,0.3184640109539032
CUS00725,2025-09-30,0,0.3184627890586853
CUS03871,2025-08-31,0,0.31845808029174805
CUS03164,2025-08-31,0,0.3184266686439514
CUS05475,2025-09-30,0,0.3184207081794739
CUS01538,2025-07-31,0,0.3183835744857788
CUS04598,2025-08-31,0,0.3183509111404419
CUS02207,2025-09-30,1,0.31834325194358826
CUS04031,2025-07-31,0,0.3183261454105377
CUS07512,2025-07-31,1,0.31831544637680054
CUS02744,2025-08-31,0,0.31829530000686646
CUS04409,2025-07-31,0,0.31828993558883667
CUS03266,2025-08-31,0,0.31827521324157715
CUS06578,2025-09-30,0,0.31824713945388794
CUS03781,2025-08-31,0,0.31823644042015076
CUS00591,2025-09-30,0,0.3182082772254944
CUS05896,2025-07-31,1,0.3181757926940918
CUS01174,2025-09-30,0,0.318134605884552
CUS05618,2025-08-31,0,0.3181338608264923
CUS03826,2025-09-30,0,0.31812143325805664
CUS02182,2025-08-31,0,0.31807658076286316
CUS06581,2025-08-31,0,0.31807437539100647
CUS02918,2025-09-30,0,0.3180606961250305
CUS03230,2025-07-31,0,0.3180502951145172
CUS05719,2025-08-31,0,0.3180418312549591
CUS00313,2025-07-31,0,0.3180212378501892
CUS00774,2025-08-31,1,0.3179807960987091
CUS01068,2025-07-31,0,0.317953884601593
CUS06116,2025-08-31,0,0.31792211532592773
CUS04099,2025-08-31,0,0.31784212589263916
CUS05698,2025-07-31,0,0.31778019666671753
CUS01045,2025-09-30,1,0.31777817010879517
CUS00694,2025-08-31,0,0.31774574518203735
CUS04928,2025-07-31,0,0.3177289664745331
CUS06337,2025-07-31,0,0.31767380237579346
CUS07455,2025-09-30,0,0.3176722824573517
CUS03982,2025-07-31,0,0.31766095757484436
CUS02630,2025-08-31,1,0.3176248073577881
CUS00925,2025-08-31,1,0.31761109828948975
CUS01136,2025-08-31,0,0.3175504505634308
CUS04458,2025-08-31,0,0.3175475001335144
CUS00275,2025-07-31,0,0.31753218173980713
CUS06311,2025-07-31,0,0.3175278604030609
CUS03689,2025-07-31,0,0.3175082802772522
CUS00456,2025-08-31,1,0.31749069690704346
CUS01803,2025-07-31,0,0.31748780608177185
CUS07982,2025-07-31,0,0.31747132539749146
CUS00457,2025-07-31,0,0.3174669146537781
CUS06375,2025-08-31,0,0.3174136281013489
CUS03732,2025-09-30,1,0.317398339509964
CUS01284,2025-09-30,0,0.31739509105682373
CUS05641,2025-07-31,0,0.3173758089542389
CUS05665,2025-09-30,0,0.31737321615219116
CUS05183,2025-08-31,1,0.3173697590827942
CUS01910,2025-09-30,0,0.31730788946151733
CUS04972,2025-07-31,0,0.31729060411453247
CUS04143,2025-07-31,0,0.3172893524169922
CUS05927,2025-09-30,0,0.31724217534065247
CUS01567,2025-07-31,1,0.31721732020378113
CUS06537,2025-08-31,0,0.3172025978565216
CUS01268,2025-08-31,0,0.317192941904068
CUS04908,2025-07-31,0,0.31718817353248596
CUS05036,2025-08-31,0,0.31716713309288025
CUS01181,2025-08-31,0,0.3171374797821045
CUS06780,2025-09-30,0,0.317136287689209
CUS07053,2025-08-31,1,0.31713220477104187
CUS00359,2025-08-31,0,0.31711286306381226
CUS06840,2025-07-31,0,0.3171018660068512
CUS03972,2025-08-31,0,0.3170887529850006
CUS05241,2025-08-31,1,0.31707265973091125
CUS00628,2025-09-30,0,0.3170599341392517
CUS04410,2025-09-30,0,0.31705906987190247
CUS02193,2025-07-31,0,0.31703615188598633
CUS02206,2025-07-31,1,0.3170357644557953
CUS06885,2025-07-31,0,0.3170224130153656
CUS05183,2025-09-30,1,0.31700950860977173
CUS04504,2025-09-30,1,0.3169911801815033
CUS03527,2025-08-31,0,0.3169800937175751
CUS01750,2025-09-30,0,0.31695032119750977
CUS06809,2025-09-30,0,0.316879004240036
CUS01871,2025-08-31,0,0.31687694787979126
CUS03135,2025-09-30,0,0.31687313318252563
CUS07455,2025-08-31,0,0.3168672025203705
CUS04597,2025-07-31,0,0.3168473243713379
CUS00846,2025-09-30,1,0.3168078362941742
CUS01329,2025-08-31,0,0.3168052136898041
CUS00063,2025-08-31,1,0.3167906105518341
CUS02007,2025-09-30,0,0.316756010055542
CUS06761,2025-07-31,0,0.3167213797569275
CUS02801,2025-09-30,0,0.31672030687332153
CUS07523,2025-09-30,1,0.3166600167751312
CUS06860,2025-07-31,0,0.31660276651382446
CUS07521,2025-08-31,0,0.316598504781723
CUS04584,2025-08-31,0,0.3165951073169708
CUS06748,2025-07-31,1,0.31655383110046387
CUS02400,2025-09-30,0,0.3165508508682251
CUS05295,2025-09-30,0,0.3165498673915863
CUS06040,2025-07-31,0,0.31654831767082214
CUS03212,2025-08-31,0,0.3165234327316284
CUS02992,2025-07-31,0,0.31652265787124634
CUS02817,2025-07-31,0,0.3165086507797241
CUS07292,2025-07-31,1,0.3164626657962799
CUS07552,2025-09-30,0,0.3164622187614441
CUS03280,2025-09-30,0,0.3164525628089905
CUS00438,2025-07-31,0,0.3164466917514801
CUS00557,2025-09-30,0,0.3164382576942444
CUS01948,2025-09-30,0,0.31643280386924744
CUS07078,2025-08-31,0,0.3164201080799103
CUS02035,2025-07-31,0,0.316417932510376
CUS06534,2025-09-30,0,0.31641271710395813
CUS01290,2025-07-31,0,0.3163923919200897
CUS00445,2025-09-30,0,0.31632348895072937
CUS05796,2025-07-31,0,0.3162308633327484
CUS05982,2025-09-30,0,0.31621798872947693
CUS03903,2025-09-30,1,0.3161705434322357
CUS04898,2025-07-31,1,0.3161559998989105
CUS07198,2025-07-31,1,0.31615039706230164
CUS04083,2025-09-30,0,0.31613534688949585
CUS02472,2025-09-30,1,0.3161277174949646
CUS04427,2025-09-30,0,0.3161255419254303
CUS04638,2025-07-31,0,0.3160973787307739
CUS02717,2025-07-31,0,0.3160804808139801
CUS05823,2025-08-31,0,0.31605038046836853
CUS07981,2025-09-30,0,0.3160473704338074
CUS03716,2025-09-30,0,0.3160462975502014
CUS07055,2025-09-30,0,0.3160088360309601
CUS03373,2025-07-31,0,0.31600135564804077
CUS05222,2025-08-31,1,0.3158862292766571
CUS04596,2025-07-31,0,0.3158731162548065
CUS02849,2025-09-30,0,0.3158120810985565
CUS06814,2025-07-31,0,0.3158115744590759
CUS00546,2025-08-31,1,0.3157954216003418
CUS00751,2025-08-31,1,0.3157897889614105
CUS07057,2025-09-30,0,0.3157874345779419
CUS06970,2025-08-31,1,0.3157764971256256
CUS06635,2025-09-30,0,0.31575629115104675
CUS05370,2025-09-30,0,0.31574445962905884
CUS02920,2025-08-31,0,0.3157027065753937
CUS00289,2025-09-30,0,0.315688818693161
CUS06920,2025-08-31,0,0.315665066242218
CUS03212,2025-09-30,0,0.31560882925987244
CUS04086,2025-07-31,1,0.315578430891037
CUS01056,2025-09-30,1,0.3155762255191803
CUS05610,2025-07-31,0,0.31550636887550354
CUS03102,2025-07-31,0,0.3154982328414917
CUS06397,2025-07-31,0,0.31546804308891296
CUS03511,2025-07-31,0,0.31545934081077576
CUS00877,2025-09-30,0,0.31539809703826904
CUS01188,2025-07-31,0,0.3153676986694336
CUS07478,2025-09-30,0,0.31535542011260986
CUS02265,2025-07-31,0,0.3153492510318756
CUS00001,2025-08-31,0,0.3152986764907837
CUS00603,2025-07-31,1,0.3152528703212738
CUS07147,2025-07-31,0,0.3152504563331604
CUS03161,2025-08-31,0,0.3152422606945038
CUS06051,2025-07-31,0,0.315233051776886
CUS02339,2025-07-31,1,0.3151766061782837
CUS06945,2025-07-31,0,0.31516560912132263
CUS00290,2025-07-31,0,0.315150648355484
CUS06670,2025-09-30,1,0.3150857090950012
CUS03069,2025-08-31,1,0.3150789439678192
CUS04189,2025-09-30,0,0.3150773346424103
CUS05047,2025-07-31,0,0.3150680363178253
CUS05448,2025-09-30,0,0.31503957509994507
CUS07351,2025-07-31,1,0.31503841280937195
CUS02399,2025-07-31,0,0.3150051534175873
CUS03317,2025-08-31,0,0.3149656355381012
CUS07905,2025-09-30,1,0.3149586319923401
CUS03142,2025-09-30,0,0.31495028734207153
CUS00344,2025-08-31,1,0.3149498701095581
CUS05709,2025-08-31,1,0.3149438202381134
CUS00880,2025-08-31,0,0.3148671090602875
CUS07236,2025-08-31,0,0.3148621916770935
CUS03039,2025-07-31,0,0.31486189365386963
CUS05579,2025-07-31,0,0.31485992670059204
CUS03185,2025-08-31,0,0.3148566782474518
CUS04436,2025-07-31,1,0.3148060441017151
CUS05898,2025-07-31,0,0.31479912996292114
CUS01134,2025-09-30,1,0.3147956132888794
CUS05781,2025-07-31,1,0.3147900700569153
CUS01379,2025-09-30,0,0.31477296352386475
CUS04225,2025-07-31,0,0.3147006034851074
CUS05104,2025-09-30,0,0.31468185782432556
CUS03367,2025-07-31,0,0.31465891003608704
CUS03862,2025-08-31,0,0.3146466910839081
CUS00980,2025-08-31,0,0.3146243989467621
CUS02809,2025-09-30,0,0.3146185874938965
CUS01680,2025-08-31,0,0.3146095871925354
CUS00192,2025-09-30,1,0.31459811329841614
CUS02953,2025-09-30,0,0.3145556151866913
CUS01108,2025-07-31,0,0.31453937292099
CUS03564,2025-09-30,0,0.3145259916782379
CUS07667,2025-07-31,0,0.3145149350166321
CUS07033,2025-09-30,0,0.3144996762275696
CUS06885,2025-08-31,0,0.31447747349739075
CUS07485,2025-09-30,1,0.31445446610450745
CUS04892,2025-07-31,1,0.31444939970970154
CUS01800,2025-07-31,0,0.31444793939590454
CUS03566,2025-09-30,1,0.3144262135028839
CUS00824,2025-09-30,0,0.3144218623638153
CUS03223,2025-09-30,0,0.314415842294693
CUS01328,2025-07-31,0,0.3143988251686096
CUS04190,2025-07-31,0,0.3143763542175293
CUS00835,2025-07-31,0,0.3143653869628906
CUS03876,2025-09-30,0,0.31436121463775635
CUS06870,2025-08-31,0,0.31431064009666443
CUS05719,2025-07-31,0,0.3142799437046051
CUS00763,2025-08-31,0,0.3142682909965515
CUS03928,2025-07-31,0,0.3142637312412262
CUS07111,2025-08-31,0,0.3142542243003845
CUS05461,2025-08-31,0,0.314245343208313
CUS01114,2025-07-31,0,0.3142339587211609
CUS04409,2025-08-31,0,0.3142309784889221
CUS04398,2025-09-30,0,0.3141583204269409
CUS02263,2025-09-30,0,0.31415286660194397
CUS00048,2025-07-31,0,0.31413865089416504
CUS03364,2025-07-31,0,0.31413841247558594
CUS07217,2025-07-31,0,0.31413015723228455
CUS01569,2025-07-31,0,0.31411030888557434
CUS05116,2025-07-31,0,0.31409168243408203
CUS02821,2025-09-30,0,0.31408268213272095
CUS01104,2025-07-31,1,0.31408068537712097
CUS02931,2025-08-31,0,0.3140292465686798
CUS05671,2025-07-31,0,0.3139685392379761
CUS03066,2025-07-31,0,0.3139599561691284
CUS04035,2025-07-31,0,0.3139415383338928
CUS07602,2025-09-30,1,0.3138863742351532
CUS07671,2025-07-31,0,0.3138839900493622
CUS05068,2025-07-31,0,0.3138779401779175
CUS03512,2025-07-31,0,0.3138766586780548
CUS06160,2025-08-31,0,0.31387054920196533
CUS07509,2025-08-31,0,0.31385093927383423
CUS05612,2025-07-31,1,0.3137959837913513
CUS07380,2025-07-31,0,0.3137798309326172
CUS05589,2025-07-31,0,0.3137768805027008
CUS03663,2025-07-31,0,0.313774436712265
CUS00180,2025-07-31,0,0.3137495815753937
CUS05132,2025-09-30,0,0.31374824047088623
CUS04037,2025-07-31,0,0.31373557448387146
CUS00780,2025-08-31,0,0.3137337863445282
CUS00871,2025-09-30,1,0.31369027495384216
CUS03729,2025-07-31,0,0.31357342004776
CUS05556,2025-07-31,0,0.31357333064079285
CUS07003,2025-07-31,0,0.31353822350502014
CUS01593,2025-07-31,0,0.3135279715061188
CUS00534,2025-07-31,0,0.3135216236114502
CUS03978,2025-09-30,0,0.3134712874889374
CUS07637,2025-07-31,0,0.3134605586528778
CUS00839,2025-09-30,0,0.3134116530418396
CUS06631,2025-08-31,1,0.3134096562862396
CUS01912,2025-07-31,1,0.3133600652217865
CUS02417,2025-08-31,0,0.31333184242248535
CUS04484,2025-07-31,0,0.3133174777030945
CUS04308,2025-07-31,0,0.3132948577404022
CUS02149,2025-08-31,0,0.3132918179035187
CUS04079,2025-08-31,1,0.3132445216178894
CUS06671,2025-09-30,1,0.31321823596954346
CUS03700,2025-09-30,0,0.3132093846797943
CUS01028,2025-08-31,0,0.3131931722164154
CUS02192,2025-09-30,0,0.31312888860702515
CUS07377,2025-07-31,0,0.313120573759079
CUS03800,2025-07-31,0,0.3130986988544464
CUS06840,2025-08-31,0,0.31309443712234497
CUS02061,2025-09-30,0,0.3130764067173004
CUS01403,2025-07-31,1,0.3130485415458679
CUS01290,2025-08-31,0,0.3130132853984833
CUS04487,2025-07-31,0,0.31299012899398804
CUS01910,2025-07-31,0,0.3129756450653076
CUS07107,2025-08-31,1,0.3129735589027405
CUS07380,2025-09-30,0,0.3129051625728607
CUS06214,2025-07-31,0,0.31284812092781067
CUS02633,2025-07-31,1,0.31283944845199585
CUS02123,2025-09-30,0,0.312822163105011
CUS01553,2025-07-31,0,0.31280288100242615
CUS03576,2025-07-31,0,0.3127865493297577
CUS04215,2025-07-31,1,0.3127369284629822
CUS07724,2025-08-31,1,0.31271660327911377
CUS05966,2025-09-30,0,0.3127000331878662
CUS02813,2025-07-31,1,0.3126679062843323
CUS00228,2025-09-30,0,0.31266236305236816
CUS03464,2025-07-31,0,0.31261545419692993
CUS04490,2025-07-31,0,0.31260576844215393
CUS01825,2025-08-31,0,0.3125971853733063
CUS05976,2025-07-31,0,0.3125474154949188
CUS05385,2025-08-31,0,0.3125000298023224
CUS05886,2025-08-31,0,0.3124898672103882
CUS02035,2025-09-30,0,0.31246310472488403
CUS04960,2025-09-30,0,0.3124617338180542
CUS07352,2025-08-31,1,0.31244921684265137
CUS00940,2025-07-31,0,0.3124392628669739
CUS00792,2025-08-31,0,0.31243863701820374
CUS00145,2025-09-30,0,0.3124290108680725
CUS00422,2025-08-31,0,0.31242409348487854
CUS04897,2025-09-30,0,0.3124122619628906
CUS07192,2025-08-31,0,0.3124046325683594
CUS03999,2025-09-30,0,0.3123915195465088
CUS04204,2025-09-30,1,0.31235602498054504
CUS01052,2025-07-31,0,0.31233862042427063
CUS05992,2025-08-31,0,0.31232351064682007
CUS06516,2025-09-30,0,0.31232136487960815
CUS01669,2025-09-30,1,0.3123079538345337
CUS00392,2025-09-30,1,0.31226789951324463
CUS01277,2025-08-31,0,0.31224754452705383
CUS01084,2025-08-31,0,0.312239408493042
CUS01473,2025-07-31,0,0.3122287392616272
CUS05969,2025-09-30,0,0.3121296167373657
CUS04914,2025-07-31,1,0.31207889318466187
CUS06336,2025-08-31,1,0.31206196546554565
CUS02759,2025-07-31,0,0.31204861402511597
CUS04204,2025-08-31,1,0.31203019618988037
CUS04459,2025-09-30,1,0.31197813153266907
CUS04236,2025-09-30,0,0.31193894147872925
CUS03289,2025-08-31,1,0.31192371249198914
CUS04449,2025-09-30,0,0.311835914850235
CUS03135,2025-07-31,0,0.3118191957473755
CUS05731,2025-07-31,1,0.3117982745170593
CUS00898,2025-07-31,1,0.3116837441921234
CUS03355,2025-08-31,0,0.3116549253463745
CUS05460,2025-07-31,0,0.3116264045238495
CUS05485,2025-09-30,0,0.3116177022457123
CUS05178,2025-07-31,0,0.3116028904914856
CUS05552,2025-08-31,0,0.31159400939941406
CUS03407,2025-08-31,0,0.3115934431552887
CUS00889,2025-08-31,0,0.31156063079833984
CUS04193,2025-09-30,0,0.31151339411735535
CUS06043,2025-08-31,1,0.31150782108306885
CUS01715,2025-09-30,0,0.3115077614784241
CUS03395,2025-07-31,0,0.31149864196777344
CUS01086,2025-07-31,0,0.31149083375930786
CUS01385,2025-07-31,1,0.3114657402038574
CUS03268,2025-07-31,0,0.31144091486930847
CUS01560,2025-08-31,0,0.31143224239349365
CUS04663,2025-08-31,0,0.3114137351512909
CUS01290,2025-09-30,0,0.31141361594200134
CUS02185,2025-07-31,0,0.31140926480293274
CUS01056,2025-07-31,0,0.3114064335823059
CUS04912,2025-07-31,0,0.3113921582698822
CUS05117,2025-09-30,0,0.311358779668808
CUS04294,2025-09-30,1,0.3113454282283783
CUS07918,2025-09-30,1,0.3113105893135071
CUS03692,2025-09-30,0,0.3113096356391907
CUS02745,2025-09-30,1,0.31129395961761475
CUS02105,2025-09-30,1,0.311281681060791
CUS04177,2025-09-30,0,0.3112727701663971
CUS06084,2025-09-30,0,0.3112541437149048
CUS04643,2025-09-30,0,0.31121572852134705
CUS03873,2025-07-31,0,0.31121525168418884
CUS03135,2025-08-31,0,0.3112042546272278
CUS03742,2025-09-30,0,0.31113967299461365
CUS02954,2025-09-30,1,0.31112805008888245
CUS02471,2025-08-31,0,0.3111278712749481
CUS04273,2025-09-30,1,0.3111147880554199
CUS01165,2025-07-31,0,0.3111139237880707
CUS01335,2025-07-31,0,0.3110349774360657
CUS06030,2025-07-31,0,0.3110348582267761
CUS03891,2025-09-30,0,0.3110288679599762
CUS05543,2025-07-31,1,0.3110122084617615
CUS06772,2025-08-31,0,0.31099188327789307
CUS06914,2025-08-31,0,0.31098151206970215
CUS04117,2025-08-31,0,0.3108988404273987
CUS03800,2025-08-31,1,0.3108919560909271
CUS03353,2025-07-31,0,0.31087973713874817
CUS05698,2025-09-30,0,0.31086230278015137
CUS06784,2025-08-31,0,0.3108605742454529
CUS01889,2025-09-30,1,0.310855895280838
CUS04196,2025-07-31,1,0.31082791090011597
CUS00430,2025-08-31,0,0.310818612575531
CUS05714,2025-09-30,0,0.3108105957508087
CUS07431,2025-07-31,0,0.3108058273792267
CUS01464,2025-08-31,0,0.3108035922050476
CUS02939,2025-07-31,1,0.31079772114753723
CUS06772,2025-09-30,0,0.3107953667640686
CUS00647,2025-08-31,0,0.3107924461364746
CUS00851,2025-08-31,0,0.3107803165912628
CUS02299,2025-08-31,0,0.3107708692550659
CUS05482,2025-07-31,0,0.31074032187461853
CUS07485,2025-08-31,1,0.31073105335235596
CUS04925,2025-07-31,0,0.31071850657463074
CUS06314,2025-07-31,1,0.3107103407382965
CUS06907,2025-08-31,0,0.3106444478034973
CUS01852,2025-07-31,0,0.3106357455253601
CUS07597,2025-09-30,0,0.31062859296798706
CUS07959,2025-09-30,0,0.3106224238872528
CUS06487,2025-07-31,0,0.3105853199958801
CUS01966,2025-08-31,0,0.31056156754493713
CUS05667,2025-08-31,0,0.3105580508708954
CUS06306,2025-08-31,0,0.3105543851852417
CUS05662,2025-09-30,1,0.3105420768260956
CUS07469,2025-07-31,1,0.3104877471923828
CUS05673,2025-07-31,1,0.31047147512435913
CUS06874,2025-07-31,0,0.3104494512081146
CUS06573,2025-09-30,0,0.3104344308376312
CUS02956,2025-09-30,0,0.31043124198913574
CUS07754,2025-09-30,0,0.3104299008846283
CUS01257,2025-08-31,1,0.31038832664489746
CUS01179,2025-08-31,0,0.31038665771484375
CUS04122,2025-09-30,0,0.3103727102279663
CUS03941,2025-09-30,0,0.31036049127578735
CUS06814,2025-09-30,0,0.3103310763835907
CUS05906,2025-09-30,0,0.3103169798851013
CUS02440,2025-07-31,0,0.31030288338661194
CUS05970,2025-08-31,0,0.3102814853191376
CUS05609,2025-09-30,0,0.31023162603378296
CUS03210,2025-09-30,0,0.3102198541164398
CUS03605,2025-09-30,0,0.3102020025253296
CUS07564,2025-07-31,1,0.31019845604896545
CUS06570,2025-09-30,0,0.31018444895744324
CUS03816,2025-07-31,1,0.31015583872795105
CUS07637,2025-08-31,0,0.3101534843444824
CUS01169,2025-07-31,0,0.3101307153701782
CUS00191,2025-07-31,0,0.31010761857032776
CUS01966,2025-07-31,0,0.3100951015949249
CUS03735,2025-08-31,0,0.310087651014328
CUS05078,2025-07-31,0,0.3100729286670685
CUS03220,2025-09-30,0,0.3100661635398865
CUS00610,2025-09-30,0,0.310030072927475
CUS03959,2025-07-31,0,0.3099626898765564
CUS04750,2025-09-30,0,0.30994120240211487
CUS02098,2025-08-31,1,0.30991432070732117
CUS04063,2025-09-30,0,0.3098911941051483
CUS07394,2025-08-31,1,0.30987122654914856
CUS05228,2025-09-30,0,0.3098641335964203
CUS00267,2025-07-31,0,0.3098468482494354
CUS03364,2025-08-31,0,0.30984681844711304
CUS03696,2025-07-31,1,0.30982935428619385
CUS04739,2025-09-30,0,0.3098263740539551
CUS05343,2025-09-30,1,0.30979982018470764
CUS02477,2025-07-31,0,0.30974090099334717
CUS06955,2025-08-31,1,0.30970683693885803
CUS00910,2025-09-30,0,0.30968615412712097
CUS07093,2025-08-31,1,0.3096194267272949
CUS07218,2025-08-31,0,0.30959999561309814
CUS07777,2025-09-30,0,0.30958619713783264
CUS06616,2025-09-30,1,0.3095243275165558
CUS04649,2025-08-31,0,0.3095059394836426
CUS04834,2025-08-31,0,0.30948320031166077
CUS03584,2025-07-31,0,0.30948156118392944
CUS05356,2025-09-30,0,0.30938729643821716
CUS05555,2025-09-30,0,0.30934813618659973
CUS04013,2025-09-30,0,0.30934351682662964
CUS02298,2025-08-31,0,0.30930930376052856
CUS06544,2025-09-30,0,0.3092659115791321
CUS02259,2025-09-30,1,0.3091384768486023
CUS07320,2025-07-31,1,0.30906787514686584
CUS07692,2025-07-31,0,0.3090193271636963
CUS05256,2025-07-31,0,0.3090151250362396
CUS04280,2025-08-31,0,0.3089648485183716
CUS05641,2025-08-31,1,0.3089587092399597
CUS04694,2025-07-31,0,0.3089468479156494
CUS04271,2025-09-30,1,0.3089464604854584
CUS01978,2025-07-31,0,0.30893588066101074
CUS01803,2025-09-30,0,0.3088967502117157
CUS04169,2025-09-30,0,0.30888688564300537
CUS05783,2025-07-31,0,0.308878093957901
CUS00163,2025-08-31,0,0.30886372923851013
CUS07618,2025-08-31,0,0.30886051058769226
CUS06539,2025-09-30,0,0.30885469913482666
CUS03735,2025-09-30,0,0.30884048342704773
CUS06668,2025-08-31,0,0.3088364005088806
CUS05433,2025-08-31,1,0.30879926681518555
CUS03414,2025-08-31,0,0.3087863028049469
CUS06062,2025-07-31,0,0.308776319026947
CUS05249,2025-09-30,1,0.30877095460891724
CUS04454,2025-09-30,0,0.30875855684280396
CUS03947,2025-09-30,0,0.3087400794029236
CUS06177,2025-08-31,1,0.3087314963340759
CUS07588,2025-09-30,0,0.3087170720100403
CUS05591,2025-09-30,0,0.3087072968482971
CUS06771,2025-08-31,0,0.3086697459220886
CUS00292,2025-09-30,0,0.30863791704177856
CUS00160,2025-08-31,0,0.3086266815662384
CUS05543,2025-09-30,0,0.30860158801078796
CUS05577,2025-07-31,0,0.30858322978019714
CUS07404,2025-09-30,0,0.30857378244400024
CUS01301,2025-07-31,0,0.30856403708457947
CUS04484,2025-09-30,0,0.30854031443595886
CUS07827,2025-09-30,0,0.30853480100631714
CUS00236,2025-07-31,0,0.3084762990474701
CUS06885,2025-09-30,1,0.30847394466400146
CUS01474,2025-08-31,1,0.3084542453289032
CUS03053,2025-08-31,0,0.3084498643875122
CUS03736,2025-08-31,0,0.3084087371826172
CUS03201,2025-08-31,0,0.3083942234516144
CUS01882,2025-08-31,0,0.3083903193473816
CUS01453,2025-09-30,0,0.3083585500717163
CUS05418,2025-09-30,0,0.3083481788635254
CUS06451,2025-07-31,0,0.30830931663513184
CUS05830,2025-09-30,0,0.3082897365093231
CUS01107,2025-08-31,0,0.30825746059417725
CUS02722,2025-08-31,0,0.30824828147888184
CUS00024,2025-07-31,0,0.30824780464172363
CUS02864,2025-08-31,0,0.30822986364364624
CUS02595,2025-07-31,1,0.30822595953941345
CUS02495,2025-09-30,0,0.30822524428367615
CUS00632,2025-08-31,0,0.3081870377063751
CUS04939,2025-08-31,0,0.30818477272987366
CUS03151,2025-07-31,1,0.3081158697605133
CUS06659,2025-07-31,0,0.30808836221694946
CUS04459,2025-08-31,1,0.30801916122436523
CUS02106,2025-08-31,0,0.30799177289009094
CUS00620,2025-09-30,0,0.3079487085342407
CUS01330,2025-08-31,0,0.30793118476867676
CUS07729,2025-09-30,0,0.3079146146774292
CUS02760,2025-09-30,1,0.3078988492488861
CUS07525,2025-09-30,0,0.30789732933044434
CUS06520,2025-09-30,1,0.30789119005203247
CUS02965,2025-07-31,0,0.3078737258911133
CUS03512,2025-09-30,0,0.30786922574043274
CUS00873,2025-09-30,0,0.3078148663043976
CUS04557,2025-07-31,1,0.30778422951698303
CUS06288,2025-08-31,0,0.30773258209228516
CUS03567,2025-09-30,0,0.30773207545280457
CUS03317,2025-09-30,0,0.3077269196510315
CUS03085,2025-07-31,1,0.3076871335506439
CUS02217,2025-07-31,0,0.3076736629009247
CUS03749,2025-09-30,0,0.30766749382019043
CUS02128,2025-09-30,0,0.30765843391418457
CUS03095,2025-07-31,0,0.3076234757900238
CUS02407,2025-08-31,0,0.30761170387268066
CUS06945,2025-08-31,0,0.30760717391967773
CUS00543,2025-08-31,0,0.30759838223457336
CUS01331,2025-07-31,1,0.3075923025608063
CUS04277,2025-08-31,0,0.3075794279575348
CUS06222,2025-07-31,1,0.30757924914360046
CUS02217,2025-08-31,0,0.3075737953186035
CUS00778,2025-07-31,0,0.30757051706314087
CUS01067,2025-07-31,0,0.3075505793094635
CUS06408,2025-09-30,0,0.3075311481952667
CUS07831,2025-07-31,0,0.30746281147003174
CUS03197,2025-09-30,0,0.30746155977249146
CUS07562,2025-09-30,0,0.3074539601802826
CUS07761,2025-09-30,1,0.30744901299476624
CUS00973,2025-08-31,0,0.3074323534965515
CUS06168,2025-09-30,0,0.30742359161376953
CUS05314,2025-07-31,0,0.30735155940055847
CUS06024,2025-08-31,0,0.30733582377433777
CUS00503,2025-08-31,0,0.3073059916496277
CUS00725,2025-08-31,0,0.3072960674762726
CUS03365,2025-09-30,0,0.30729395151138306
CUS07006,2025-08-31,0,0.307258665561676
CUS05992,2025-07-31,0,0.3072376549243927
CUS05288,2025-07-31,0,0.30723685026168823
CUS01906,2025-09-30,0,0.3072171211242676
CUS00220,2025-09-30,0,0.3071942925453186
CUS06285,2025-07-31,0,0.30713069438934326
CUS06908,2025-09-30,0,0.30712994933128357
CUS06645,2025-07-31,0,0.30709612369537354
CUS00792,2025-09-30,0,0.3070763945579529
CUS03790,2025-07-31,0,0.30706191062927246
CUS02861,2025-09-30,0,0.3070579469203949
CUS02783,2025-08-31,1,0.3070271611213684
CUS07093,2025-09-30,1,0.3069727122783661
CUS06638,2025-09-30,1,0.3069642186164856
CUS00898,2025-08-31,1,0.3069525957107544
CUS05875,2025-07-31,0,0.30693912506103516
CUS00792,2025-07-31,0,0.30675631761550903
CUS07988,2025-09-30,0,0.30674123764038086
CUS06818,2025-09-30,1,0.30673882365226746
CUS04142,2025-07-31,0,0.3067285418510437
CUS04814,2025-07-31,0,0.3067149519920349
CUS01036,2025-08-31,0,0.3067131042480469
CUS00757,2025-07-31,0,0.3067030608654022
CUS05515,2025-09-30,0,0.3066565990447998
CUS00871,2025-07-31,0,0.3066472113132477
CUS05967,2025-07-31,0,0.3066385090351105
CUS00597,2025-07-31,0,0.30660927295684814
CUS03531,2025-07-31,0,0.30660203099250793
CUS01387,2025-09-30,0,0.3065403401851654
CUS06456,2025-09-30,0,0.306524395942688
CUS00112,2025-07-31,1,0.3065159022808075
CUS00776,2025-07-31,0,0.30650588870048523
CUS01573,2025-07-31,0,0.3065038323402405
CUS05594,2025-08-31,1,0.30649223923683167
CUS02444,2025-09-30,0,0.3064876198768616
CUS01134,2025-07-31,0,0.3064872920513153
CUS02649,2025-09-30,0,0.30647194385528564
CUS05080,2025-08-31,0,0.306459903717041
CUS05908,2025-07-31,0,0.30639371275901794
CUS02015,2025-09-30,0,0.3063852787017822
CUS07343,2025-07-31,1,0.30638086795806885
CUS00631,2025-07-31,1,0.30634158849716187
CUS04454,2025-08-31,0,0.30632343888282776
CUS04747,2025-07-31,0,0.3063206076622009
CUS03092,2025-07-31,1,0.3063112497329712
CUS06635,2025-07-31,0,0.3062910735607147
CUS01963,2025-07-31,0,0.3062869608402252
CUS02424,2025-08-31,0,0.30625367164611816
CUS04660,2025-09-30,1,0.3062115013599396
CUS07623,2025-07-31,1,0.30620765686035156
CUS07344,2025-09-30,1,0.3061959445476532
CUS03752,2025-09-30,1,0.3061811029911041
CUS04033,2025-09-30,0,0.3061666786670685
CUS01050,2025-07-31,0,0.30613040924072266
CUS07134,2025-09-30,0,0.3061189651489258
CUS06351,2025-09-30,0,0.3061158061027527
CUS01423,2025-07-31,0,0.30610206723213196
CUS00354,2025-09-30,0,0.3060784339904785
CUS07291,2025-07-31,0,0.3060247302055359
CUS03164,2025-09-30,0,0.30599445104599
CUS07602,2025-08-31,1,0.3059418201446533
CUS00712,2025-09-30,1,0.30589184165000916
CUS02759,2025-09-30,0,0.30586254596710205
CUS06271,2025-07-31,0,0.30584943294525146
CUS05116,2025-08-31,0,0.3058444857597351
CUS05126,2025-09-30,0,0.3058144450187683
CUS01104,2025-08-31,0,0.30572953820228577
CUS04064,2025-09-30,0,0.3057168126106262
CUS03140,2025-09-30,0,0.30569642782211304
CUS06612,2025-09-30,0,0.30568167567253113
CUS01433,2025-08-31,0,0.30566853284835815
CUS06123,2025-07-31,0,0.30566108226776123
CUS01635,2025-09-30,0,0.3056398034095764
CUS06016,2025-09-30,0,0.3055668771266937
CUS03876,2025-08-31,0,0.3055335283279419
CUS02811,2025-07-31,0,0.3054890036582947
CUS06282,2025-08-31,0,0.3054741621017456
CUS04860,2025-07-31,0,0.3054311275482178
CUS01086,2025-09-30,0,0.30534806847572327
CUS03088,2025-09-30,0,0.3053461015224457
CUS03284,2025-07-31,0,0.3053444027900696
CUS04663,2025-09-30,1,0.3053118586540222
CUS05592,2025-08-31,0,0.30528023838996887
CUS06811,2025-09-30,1,0.30527395009994507
CUS00647,2025-09-30,0,0.30526360869407654
CUS04729,2025-07-31,1,0.3052632212638855
CUS00204,2025-07-31,1,0.3052555024623871
CUS03193,2025-09-30,1,0.3052326738834381
CUS00695,2025-07-31,0,0.3051801323890686
CUS06806,2025-07-31,0,0.30517086386680603
CUS01857,2025-08-31,0,0.30516624450683594
CUS05496,2025-09-30,0,0.30512186884880066
CUS06997,2025-07-31,0,0.30505725741386414
CUS06498,2025-07-31,1,0.3050452470779419
CUS06641,2025-07-31,0,0.30504077672958374
CUS02228,2025-07-31,1,0.30503806471824646
CUS01075,2025-07-31,0,0.3050023913383484
CUS01421,2025-07-31,0,0.30500102043151855
CUS00342,2025-08-31,0,0.3049723207950592
CUS02687,2025-09-30,1,0.3049714267253876
CUS02903,2025-07-31,0,0.30493879318237305
CUS04257,2025-07-31,1,0.3049336075782776
CUS05340,2025-09-30,0,0.304910808801651
CUS02265,2025-09-30,0,0.30489251017570496
CUS02245,2025-07-31,1,0.3048913776874542
CUS06379,2025-07-31,1,0.30488574504852295
CUS00579,2025-07-31,0,0.30486512184143066
CUS00317,2025-07-31,0,0.3048396408557892
CUS03414,2025-09-30,0,0.30481523275375366
CUS06689,2025-09-30,0,0.30479755997657776
CUS04456,2025-09-30,0,0.3047797679901123
CUS05465,2025-09-30,0,0.30476462841033936
CUS03751,2025-09-30,1,0.30466902256011963
CUS01326,2025-07-31,0,0.3046521842479706
CUS07697,2025-08-31,0,0.30465054512023926
CUS06719,2025-07-31,0,0.3046474754810333
CUS00687,2025-07-31,0,0.3046383559703827
CUS03696,2025-09-30,1,0.3046342432498932
CUS05745,2025-09-30,0,0.30459368228912354
CUS06671,2025-08-31,0,0.30452874302864075
CUS04136,2025-07-31,0,0.3045109212398529
CUS04710,2025-08-31,0,0.304481565952301
CUS01213,2025-08-31,0,0.3044500946998596
CUS05116,2025-09-30,0,0.30440136790275574
CUS04770,2025-08-31,0,0.30437228083610535
CUS04890,2025-09-30,1,0.30432334542274475
CUS07180,2025-07-31,0,0.3042745888233185
CUS07180,2025-08-31,0,0.3042057156562805
CUS00011,2025-09-30,1,0.30420273542404175
CUS03198,2025-09-30,0,0.3041943907737732
CUS00852,2025-08-31,1,0.3041909337043762
CUS02064,2025-07-31,1,0.30418089032173157
CUS07409,2025-07-31,0,0.30411213636398315
CUS07438,2025-09-30,0,0.3041081130504608
CUS07925,2025-09-30,0,0.30410534143447876
CUS04367,2025-09-30,0,0.30409178137779236
CUS02741,2025-09-30,0,0.3040904998779297
CUS03845,2025-07-31,0,0.3040838837623596
CUS02864,2025-09-30,0,0.30408337712287903
CUS07055,2025-08-31,0,0.30403655767440796
CUS06847,2025-08-31,0,0.30401721596717834
CUS04267,2025-08-31,0,0.3040122091770172
CUS06204,2025-07-31,0,0.30397579073905945
CUS05576,2025-07-31,0,0.3039635419845581
CUS02035,2025-08-31,0,0.3039369583129883
CUS00461,2025-07-31,0,0.3038957715034485
CUS04250,2025-07-31,0,0.3038780689239502
CUS06003,2025-08-31,0,0.3038517236709595
CUS00513,2025-07-31,0,0.3038308322429657
CUS01494,2025-09-30,0,0.3038029372692108
CUS06236,2025-07-31,0,0.3037562370300293
CUS01399,2025-07-31,0,0.3037494421005249
CUS02889,2025-09-30,0,0.3037492632865906
CUS00953,2025-08-31,0,0.30373626947402954
CUS07236,2025-09-30,0,0.3037119209766388
CUS01631,2025-09-30,0,0.30369842052459717
CUS03149,2025-07-31,0,0.30368146300315857
CUS02720,2025-08-31,0,0.3036606013774872
CUS01788,2025-07-31,0,0.30362483859062195
CUS04816,2025-07-31,0,0.30356839299201965
CUS04788,2025-08-31,0,0.30352461338043213
CUS07344,2025-08-31,1,0.30351412296295166
CUS05294,2025-07-31,0,0.3034766912460327
CUS02122,2025-08-31,0,0.3034660816192627
CUS06113,2025-08-31,0,0.30344200134277344
CUS03600,2025-09-30,1,0.3034176230430603
CUS05314,2025-08-31,0,0.303347647190094
CUS00242,2025-09-30,0,0.30333349108695984
CUS01856,2025-07-31,0,0.30328989028930664
CUS05280,2025-09-30,0,0.3032308518886566
CUS01906,2025-07-31,0,0.3031911849975586
CUS05967,2025-08-31,1,0.30318817496299744
CUS06028,2025-09-30,1,0.30318257212638855
CUS05392,2025-09-30,0,0.30315929651260376
CUS02151,2025-08-31,0,0.3031429946422577
CUS07554,2025-09-30,0,0.3031409680843353
CUS07352,2025-09-30,1,0.30311739444732666
CUS03027,2025-07-31,0,0.30309078097343445
CUS02760,2025-07-31,0,0.30308687686920166
CUS01020,2025-09-30,0,0.30307143926620483
CUS02854,2025-08-31,0,0.303005188703537
CUS00546,2025-07-31,0,0.3030034601688385
CUS01755,2025-09-30,0,0.30299168825149536
CUS05002,2025-09-30,0,0.3029642701148987
CUS01154,2025-07-31,1,0.3028758764266968
CUS01076,2025-08-31,0,0.3028496205806732
CUS04145,2025-09-30,0,0.3028281033039093
CUS06539,2025-07-31,0,0.30281662940979004
CUS06783,2025-07-31,0,0.30280888080596924
CUS02631,2025-08-31,0,0.30280163884162903
CUS04173,2025-07-31,0,0.3027532398700714
CUS00780,2025-09-30,0,0.302751749753952
CUS07509,2025-07-31,0,0.30272403359413147
CUS01385,2025-08-31,1,0.30269449949264526
CUS05290,2025-09-30,0,0.30269089341163635
CUS02257,2025-07-31,0,0.302690714597702
CUS01656,2025-08-31,0,0.3025985062122345
CUS06051,2025-08-31,0,0.30258870124816895
CUS04395,2025-09-30,0,0.302577406167984
CUS01998,2025-09-30,0,0.3025580048561096
CUS00955,2025-08-31,0,0.3025354743003845
CUS03414,2025-07-31,0,0.3025217354297638
CUS03017,2025-07-31,0,0.3024938106536865
CUS01761,2025-08-31,0,0.30245307087898254
CUS01336,2025-07-31,0,0.30244553089141846
CUS06961,2025-07-31,0,0.3024344742298126
CUS00769,2025-07-31,0,0.30242300033569336
CUS05036,2025-09-30,0,0.3024083971977234
CUS03973,2025-09-30,0,0.30238544940948486
CUS05943,2025-07-31,1,0.3023742437362671
CUS00714,2025-08-31,0,0.30235961079597473
CUS07578,2025-07-31,0,0.3023221790790558
CUS05565,2025-09-30,0,0.3023133873939514
CUS03782,2025-07-31,0,0.3023127615451813
CUS06874,2025-09-30,0,0.3022972643375397
CUS03588,2025-08-31,0,0.3022877871990204
CUS03180,2025-08-31,0,0.3022797107696533
CUS07440,2025-07-31,0,0.3022729456424713
CUS03347,2025-08-31,0,0.30224525928497314
CUS02637,2025-09-30,0,0.30223363637924194
CUS06554,2025-09-30,0,0.30222320556640625
CUS03871,2025-07-31,0,0.30221834778785706
CUS00660,2025-09-30,0,0.3022128641605377
CUS06032,2025-07-31,0,0.30220848321914673
CUS05232,2025-07-31,0,0.302204966545105
CUS04843,2025-09-30,0,0.30215907096862793
CUS06733,2025-09-30,0,0.30213111639022827
CUS07640,2025-08-31,0,0.3021062910556793
CUS06492,2025-07-31,1,0.3020768463611603
CUS05276,2025-09-30,0,0.3020622730255127
CUS03898,2025-09-30,0,0.3020203411579132
CUS01921,2025-07-31,0,0.30200472474098206
CUS04393,2025-09-30,0,0.3019680082798004
CUS03212,2025-07-31,0,0.3019571304321289
CUS01326,2025-08-31,0,0.30195239186286926
CUS00011,2025-08-31,1,0.3019433319568634
CUS05261,2025-07-31,1,0.3019067943096161
CUS02081,2025-08-31,0,0.30184394121170044
CUS07147,2025-08-31,0,0.3018316626548767
CUS05312,2025-07-31,0,0.3018198609352112
CUS02273,2025-07-31,0,0.3018181025981903
CUS06375,2025-07-31,0,0.30178403854370117
CUS06054,2025-07-31,1,0.30174803733825684
CUS00698,2025-09-30,0,0.3017398416996002
CUS06018,2025-07-31,1,0.30167514085769653
CUS05752,2025-07-31,0,0.3016725182533264
CUS00639,2025-08-31,1,0.301661878824234
CUS07521,2025-07-31,0,0.3016563653945923
CUS06730,2025-09-30,0,0.3016304075717926
CUS00241,2025-09-30,0,0.3015444278717041
CUS00662,2025-07-31,0,0.30151888728141785
CUS02757,2025-07-31,0,0.3014855682849884
CUS05192,2025-08-31,0,0.3014613091945648
CUS01273,2025-07-31,0,0.3014599680900574
CUS00724,2025-08-31,0,0.30141156911849976
CUS03528,2025-08-31,0,0.30137041211128235
CUS05126,2025-08-31,0,0.3013480007648468
CUS07134,2025-08-31,0,0.3013477325439453
CUS04117,2025-09-30,0,0.30121710896492004
CUS03947,2025-08-31,0,0.3012098968029022
CUS03928,2025-08-31,0,0.3011970520019531
CUS03940,2025-09-30,1,0.3011789619922638
CUS06733,2025-08-31,0,0.3011753559112549
CUS07439,2025-07-31,0,0.30112120509147644
CUS05737,2025-07-31,0,0.30111533403396606
CUS04617,2025-09-30,0,0.301082044839859
CUS02339,2025-08-31,1,0.3010592758655548
CUS04741,2025-09-30,0,0.30098581314086914
CUS03710,2025-08-31,1,0.30098116397857666
CUS00614,2025-09-30,0,0.30097782611846924
CUS02091,2025-07-31,1,0.30089059472084045
CUS01504,2025-08-31,0,0.3008897304534912
CUS07477,2025-08-31,0,0.30084341764450073
CUS04144,2025-08-31,0,0.3008055090904236
CUS05356,2025-08-31,0,0.3007890284061432
CUS05024,2025-07-31,0,0.30076661705970764
CUS00170,2025-08-31,0,0.30076417326927185
CUS02712,2025-07-31,1,0.30072933435440063
CUS02440,2025-08-31,0,0.3007064461708069
CUS04248,2025-07-31,0,0.3006834089756012
CUS03326,2025-08-31,0,0.3006228506565094
CUS02953,2025-07-31,1,0.3006094992160797
CUS01050,2025-09-30,0,0.3005851209163666
CUS03088,2025-08-31,0,0.30056697130203247
CUS00714,2025-09-30,0,0.3005616068840027
CUS07100,2025-09-30,0,0.3004993498325348
CUS06658,2025-09-30,0,0.30047184228897095
CUS05914,2025-09-30,0,0.3003637194633484
CUS05362,2025-09-30,0,0.3003544211387634
CUS07997,2025-08-31,0,0.3003530502319336
CUS02678,2025-08-31,0,0.300342857837677
CUS04892,2025-08-31,0,0.3003304898738861
CUS06083,2025-07-31,0,0.3002925217151642
CUS07878,2025-07-31,0,0.300279438495636
CUS05881,2025-08-31,0,0.3002603054046631
CUS05773,2025-07-31,0,0.30024707317352295
CUS04225,2025-09-30,0,0.3002372086048126
CUS02145,2025-07-31,0,0.30018922686576843
CUS06780,2025-07-31,0,0.3001847267150879
CUS04456,2025-08-31,0,0.30015823245048523
CUS04676,2025-07-31,0,0.3001307547092438
CUS05970,2025-09-30,0,0.30009984970092773
CUS07622,2025-08-31,0,0.3000778257846832
CUS04013,2025-07-31,0,0.30001574754714966
CUS03825,2025-08-31,0,0.29995056986808777
CUS05051,2025-07-31,0,0.29993489384651184
CUS00153,2025-07-31,0,0.2999345362186432
CUS03394,2025-08-31,1,0.2998129427433014
CUS06929,2025-09-30,0,0.2998118996620178
CUS04835,2025-08-31,0,0.2998105585575104
CUS05192,2025-09-30,0,0.29979273676872253
CUS03858,2025-09-30,0,0.29976320266723633
CUS05163,2025-08-31,0,0.2997598648071289
CUS02424,2025-07-31,0,0.29974812269210815
CUS03365,2025-07-31,0,0.29966554045677185
CUS06846,2025-09-30,0,0.29964709281921387
CUS06228,2025-09-30,0,0.2996462881565094
CUS05511,2025-09-30,0,0.29964572191238403
CUS07657,2025-09-30,0,0.2996348738670349
CUS07265,2025-07-31,0,0.2996174693107605
CUS05504,2025-09-30,0,0.2996058464050293
CUS02146,2025-07-31,1,0.29959264397621155
CUS04075,2025-09-30,0,0.2995665669441223
CUS06053,2025-09-30,1,0.2995644807815552
CUS02929,2025-08-31,0,0.29952511191368103
CUS05466,2025-08-31,0,0.2994176149368286
CUS06276,2025-07-31,0,0.29938820004463196
CUS07691,2025-08-31,0,0.29936888813972473
CUS03640,2025-07-31,0,0.2993675470352173
CUS00900,2025-08-31,0,0.29936352372169495
CUS05556,2025-08-31,0,0.2991516590118408
CUS01541,2025-07-31,0,0.29914453625679016
CUS04609,2025-07-31,0,0.29914242029190063
CUS07855,2025-08-31,0,0.2991369366645813
CUS06470,2025-09-30,0,0.2991172671318054
CUS05564,2025-09-30,1,0.29907387495040894
CUS05911,2025-09-30,1,0.29907140135765076
CUS04323,2025-08-31,0,0.299049973487854
CUS04035,2025-08-31,0,0.298931747674942
CUS04700,2025-07-31,0,0.29892218112945557
CUS07882,2025-09-30,0,0.29887598752975464
CUS02940,2025-08-31,0,0.29887303709983826
CUS07838,2025-09-30,0,0.2988414168357849
CUS02384,2025-08-31,0,0.2988407611846924
CUS03329,2025-07-31,0,0.29882287979125977
CUS04072,2025-07-31,0,0.2988138198852539
CUS05951,2025-07-31,0,0.2988000810146332
CUS03109,2025-08-31,0,0.29879218339920044
CUS04991,2025-07-31,0,0.2987641990184784
CUS05768,2025-07-31,0,0.29869017004966736
CUS02037,2025-07-31,0,0.29867586493492126
CUS06374,2025-07-31,1,0.29866328835487366
CUS02220,2025-09-30,1,0.29865407943725586
CUS02335,2025-07-31,1,0.29864540696144104
CUS06127,2025-07-31,0,0.2986389398574829
CUS02230,2025-07-31,0,0.29858070611953735
CUS07082,2025-09-30,1,0.2985689342021942
CUS07057,2025-08-31,0,0.29854804277420044
CUS05153,2025-08-31,0,0.29854315519332886
CUS06158,2025-09-30,0,0.2985422909259796
CUS01390,2025-09-30,0,0.2985387146472931
CUS00639,2025-07-31,1,0.2985088527202606
CUS07621,2025-08-31,0,0.2984955906867981
CUS06534,2025-07-31,0,0.2984618842601776
CUS03831,2025-08-31,0,0.29846033453941345
CUS06771,2025-09-30,0,0.2984530031681061
CUS00032,2025-08-31,0,0.29844433069229126
CUS06920,2025-07-31,0,0.298442542552948
CUS05888,2025-08-31,0,0.2984417974948883
CUS02184,2025-07-31,0,0.2983935475349426
CUS05975,2025-09-30,0,0.2983832061290741
CUS04844,2025-09-30,0,0.2983648478984833
CUS06638,2025-08-31,1,0.2983522415161133
CUS01280,2025-07-31,0,0.298298180103302
CUS03437,2025-07-31,0,0.2982166111469269
CUS03523,2025-07-31,0,0.2982024848461151
CUS00219,2025-07-31,0,0.29819434881210327
CUS05920,2025-09-30,0,0.2981606721878052
CUS01554,2025-07-31,0,0.29815176129341125
CUS02854,2025-09-30,0,0.2981506586074829
CUS07831,2025-08-31,0,0.29812246561050415
CUS02997,2025-09-30,1,0.29811516404151917
CUS07199,2025-09-30,0,0.29809820652008057
CUS05967,2025-09-30,1,0.29808613657951355
CUS06894,2025-07-31,0,0.29807227849960327
CUS00771,2025-07-31,0,0.2980690896511078
CUS06124,2025-09-30,0,0.2980303466320038
CUS02760,2025-08-31,0,0.29796504974365234
CUS02816,2025-08-31,1,0.2979421317577362
CUS04921,2025-08-31,0,0.29792100191116333
CUS01213,2025-07-31,0,0.2979205548763275
CUS05317,2025-09-30,0,0.2979089617729187
CUS04496,2025-09-30,0,0.2979007363319397
CUS01382,2025-08-31,0,0.2978971302509308
CUS02015,2025-07-31,0,0.2978563904762268
CUS05368,2025-09-30,0,0.29780229926109314
CUS01618,2025-07-31,0,0.2977485656738281
CUS04920,2025-07-31,1,0.2977277338504791
CUS00944,2025-07-31,1,0.29772689938545227
CUS05546,2025-07-31,1,0.29771530628204346
CUS01649,2025-08-31,0,0.2977118194103241
CUS02169,2025-07-31,1,0.2977100908756256
CUS01936,2025-07-31,0,0.29769167304039
CUS01524,2025-09-30,0,0.2976177930831909
CUS01855,2025-08-31,0,0.29761242866516113
CUS04215,2025-08-31,0,0.29757800698280334
CUS02535,2025-08-31,0,0.29755866527557373
CUS05494,2025-09-30,0,0.29755860567092896
CUS02274,2025-07-31,1,0.2975545823574066
CUS07559,2025-09-30,0,0.2975160479545593
CUS04383,2025-09-30,0,0.2975073754787445
CUS03957,2025-09-30,1,0.2974664270877838
CUS04977,2025-07-31,0,0.29743653535842896
CUS02194,2025-09-30,0,0.29741814732551575
CUS02919,2025-09-30,0,0.29737189412117004
CUS02829,2025-09-30,0,0.2973591387271881
CUS00880,2025-07-31,0,0.29731485247612
CUS01212,2025-09-30,0,0.2973082363605499
CUS07324,2025-09-30,0,0.2972590923309326
CUS05482,2025-08-31,0,0.2972361743450165
CUS03863,2025-08-31,0,0.2972032129764557
CUS01050,2025-08-31,0,0.29717937111854553
CUS02351,2025-09-30,1,0.2971668541431427
CUS01007,2025-09-30,0,0.2971371114253998
CUS06220,2025-09-30,0,0.2970585823059082
CUS04424,2025-08-31,0,0.2970103323459625
CUS02337,2025-09-30,1,0.2969726622104645
CUS00137,2025-07-31,0,0.2969585359096527
CUS05519,2025-07-31,1,0.2969388961791992
CUS00489,2025-08-31,0,0.2969312369823456
CUS05152,2025-07-31,1,0.2969006299972534
CUS07752,2025-09-30,0,0.296869158744812
CUS02953,2025-08-31,0,0.29685911536216736
CUS05074,2025-07-31,1,0.2968581020832062
CUS04746,2025-07-31,0,0.29677507281303406
CUS05027,2025-09-30,0,0.29674533009529114
CUS06998,2025-07-31,0,0.29673516750335693
CUS05784,2025-07-31,0,0.29673418402671814
CUS07518,2025-07-31,0,0.2967248260974884
CUS02329,2025-08-31,0,0.2967003285884857
CUS01379,2025-08-31,0,0.296683132648468
CUS05858,2025-07-31,0,0.2966764271259308
CUS02697,2025-09-30,0,0.29667139053344727
CUS06652,2025-09-30,1,0.29665976762771606
CUS01461,2025-09-30,0,0.2966579496860504
CUS05783,2025-08-31,0,0.2966097891330719
CUS05639,2025-07-31,0,0.29659491777420044
CUS00081,2025-08-31,0,0.29658904671669006
CUS01421,2025-09-30,0,0.2965763211250305
CUS04922,2025-09-30,0,0.2965603768825531
CUS06929,2025-08-31,1,0.2965344190597534
CUS05042,2025-08-31,1,0.2965264916419983
CUS05228,2025-08-31,0,0.2964755594730377
CUS06236,2025-09-30,0,0.29646414518356323
CUS05100,2025-08-31,1,0.29645779728889465
CUS03379,2025-08-31,0,0.29645559191703796
CUS06736,2025-08-31,1,0.2964509427547455
CUS02025,2025-08-31,0,0.2964465022087097
CUS01415,2025-07-31,0,0.29641833901405334
CUS04044,2025-08-31,0,0.29641419649124146
CUS07685,2025-07-31,0,0.2963917553424835
CUS05973,2025-07-31,0,0.29629573225975037
CUS03632,2025-08-31,1,0.29629069566726685
CUS00779,2025-09-30,0,0.2962487041950226
CUS05700,2025-07-31,0,0.2962484061717987
CUS04913,2025-07-31,0,0.29622381925582886
CUS03677,2025-09-30,1,0.29618075489997864
CUS04849,2025-08-31,1,0.29611948132514954
CUS07598,2025-09-30,0,0.2961035668849945
CUS05068,2025-09-30,0,0.2960827350616455
CUS02744,2025-09-30,0,0.2960277199745178
CUS02277,2025-09-30,1,0.29593798518180847
CUS05314,2025-09-30,0,0.2959331274032593
CUS03377,2025-09-30,0,0.2959216833114624
CUS07349,2025-08-31,1,0.2959093153476715
CUS06736,2025-07-31,1,0.2959043085575104
CUS04001,2025-07-31,0,0.2958664894104004
CUS03596,2025-08-31,1,0.29585447907447815
CUS07724,2025-07-31,1,0.2958531975746155
CUS05875,2025-08-31,0,0.29581502079963684
CUS07161,2025-08-31,0,0.29580938816070557
CUS05637,2025-07-31,0,0.29580554366111755
CUS01961,2025-07-31,0,0.29580020904541016
CUS06434,2025-08-31,1,0.29575812816619873
CUS05100,2025-07-31,1,0.2957567274570465
CUS04447,2025-09-30,0,0.2957324981689453
CUS04364,2025-09-30,0,0.2957249879837036
CUS07548,2025-08-31,0,0.29569369554519653
CUS04069,2025-09-30,0,0.29565557837486267
CUS00715,2025-09-30,0,0.2956302762031555
CUS04207,2025-07-31,0,0.2956203818321228
CUS04117,2025-07-31,1,0.2955422103404999
CUS05533,2025-07-31,0,0.29550817608833313
CUS04504,2025-07-31,0,0.29549816250801086
CUS04860,2025-08-31,0,0.29547372460365295
CUS07931,2025-08-31,0,0.29541414976119995
CUS05881,2025-09-30,0,0.29540130496025085
CUS05048,2025-07-31,0,0.2953748404979706
CUS05074,2025-09-30,1,0.2953542172908783
CUS00291,2025-08-31,0,0.295309841632843
CUS05588,2025-07-31,0,0.2952432334423065
CUS00616,2025-08-31,0,0.29517829418182373
CUS00784,2025-07-31,0,0.2951394319534302
CUS01513,2025-07-31,0,0.295137882232666
CUS05709,2025-09-30,0,0.2951359450817108
CUS07508,2025-09-30,0,0.29513105750083923
CUS06251,2025-09-30,0,0.2951093018054962
CUS01524,2025-08-31,0,0.29510825872421265
CUS01732,2025-09-30,1,0.2950899004936218
CUS01529,2025-08-31,0,0.2950793504714966
CUS05610,2025-09-30,0,0.29503440856933594
CUS02495,2025-08-31,0,0.294983446598053
CUS03512,2025-08-31,0,0.294973224401474
CUS07772,2025-09-30,0,0.2949633002281189
CUS01928,2025-07-31,0,0.29496076703071594
CUS00616,2025-07-31,0,0.2949460446834564
CUS03333,2025-07-31,0,0.29480665922164917
CUS00959,2025-08-31,0,0.2947971820831299
CUS02105,2025-08-31,1,0.2947770357131958
CUS01710,2025-07-31,0,0.29477643966674805
CUS00890,2025-09-30,0,0.2947525680065155
CUS03775,2025-08-31,1,0.2947496473789215
CUS06891,2025-09-30,0,0.29469457268714905
CUS03433,2025-09-30,0,0.294625848531723
CUS07964,2025-09-30,0,0.29461655020713806
CUS06221,2025-08-31,0,0.2945978343486786
CUS05927,2025-08-31,0,0.2945641279220581
CUS00515,2025-07-31,0,0.2945525348186493
CUS07454,2025-09-30,0,0.29451045393943787
CUS06113,2025-09-30,0,0.2944931387901306
CUS07254,2025-08-31,1,0.294455885887146
CUS04010,2025-07-31,0,0.29440242052078247
CUS00048,2025-09-30,0,0.294353723526001
CUS06093,2025-07-31,0,0.29433703422546387
CUS01977,2025-08-31,0,0.2943364679813385
CUS05128,2025-09-30,0,0.29432210326194763
CUS00835,2025-08-31,0,0.29429081082344055
CUS06443,2025-09-30,0,0.29428765177726746
CUS04596,2025-09-30,0,0.2942832410335541
CUS02919,2025-08-31,0,0.2942832112312317
CUS07415,2025-07-31,0,0.29428255558013916
CUS04987,2025-09-30,0,0.2942783236503601
CUS02184,2025-08-31,0,0.2942778468132019
CUS00390,2025-08-31,1,0.29426851868629456
CUS03528,2025-07-31,0,0.2941683828830719
CUS04026,2025-07-31,0,0.2941412031650543
CUS03781,2025-07-31,0,0.2940840721130371
CUS03220,2025-08-31,0,0.29406073689460754
CUS04300,2025-07-31,0,0.2940606474876404
CUS06792,2025-09-30,0,0.2940589487552643
CUS06054,2025-08-31,0,0.2940536439418793
CUS04496,2025-08-31,0,0.2940357029438019
CUS04710,2025-09-30,0,0.2939852178096771
CUS05363,2025-08-31,0,0.2939806282520294
CUS00418,2025-07-31,0,0.2939610481262207
CUS03208,2025-09-30,1,0.2938300669193268
CUS07081,2025-08-31,0,0.2938128709793091
CUS06562,2025-08-31,0,0.2938036620616913
CUS03138,2025-08-31,0,0.29379716515541077
CUS04694,2025-08-31,0,0.2937954366207123
CUS05293,2025-07-31,0,0.2937878668308258
CUS05697,2025-09-30,0,0.2937585711479187
CUS01950,2025-07-31,0,0.29374951124191284
CUS05394,2025-09-30,0,0.2937467396259308
CUS02393,2025-07-31,1,0.2937439978122711
CUS00089,2025-07-31,0,0.2936299741268158
CUS03131,2025-09-30,1,0.29358935356140137
CUS03433,2025-07-31,0,0.29358774423599243
CUS01977,2025-09-30,0,0.2935618460178375
CUS04703,2025-08-31,0,0.2935218811035156
CUS05257,2025-08-31,0,0.2935049831867218
CUS05939,2025-08-31,1,0.2934935390949249
CUS07882,2025-08-31,1,0.29348981380462646
CUS02228,2025-08-31,1,0.2934872806072235
CUS01614,2025-08-31,0,0.2934297025203705
CUS02929,2025-07-31,0,0.29340431094169617
CUS00088,2025-07-31,0,0.29339540004730225
CUS03441,2025-08-31,1,0.29337653517723083
CUS05007,2025-07-31,0,0.29337599873542786
CUS05524,2025-07-31,1,0.2933585047721863
CUS05556,2025-09-30,0,0.29332730174064636
CUS02753,2025-08-31,0,0.2933008372783661
CUS07254,2025-07-31,1,0.2932911813259125
CUS02487,2025-07-31,0,0.29325923323631287
CUS04059,2025-08-31,0,0.2932588458061218
CUS00263,2025-07-31,0,0.29322388768196106
CUS03582,2025-07-31,1,0.2932092249393463
CUS00478,2025-08-31,0,0.2931903302669525
CUS07084,2025-08-31,0,0.29317885637283325
CUS02128,2025-08-31,1,0.29314467310905457
CUS04996,2025-09-30,0,0.2931361794471741
CUS04420,2025-08-31,0,0.2931157052516937
CUS01329,2025-07-31,1,0.2930876612663269
CUS07653,2025-07-31,0,0.29304778575897217
CUS04310,2025-09-30,0,0.2930417060852051
CUS06759,2025-07-31,0,0.29304036498069763
CUS03586,2025-07-31,0,0.29303961992263794
CUS03521,2025-08-31,1,0.29301705956459045
CUS00402,2025-08-31,0,0.2929767072200775
CUS06053,2025-08-31,1,0.2929728627204895
CUS02309,2025-09-30,0,0.29297032952308655
CUS02600,2025-07-31,1,0.29294514656066895
CUS05605,2025-09-30,0,0.29287445545196533
CUS07764,2025-08-31,0,0.2928122282028198
CUS06441,2025-07-31,0,0.2927859425544739
CUS05085,2025-08-31,0,0.2927701771259308
CUS07170,2025-08-31,0,0.29276570677757263
CUS05350,2025-08-31,0,0.2927314043045044
CUS02138,2025-09-30,0,0.2926984131336212
CUS02299,2025-09-30,0,0.29269424080848694
CUS07766,2025-07-31,1,0.29267483949661255
CUS05576,2025-08-31,0,0.2926297187805176
CUS06267,2025-09-30,1,0.29261714220046997
CUS00298,2025-07-31,0,0.29256919026374817
CUS04063,2025-07-31,1,0.292559951543808
CUS03054,2025-08-31,0,0.29251357913017273
CUS03836,2025-08-31,0,0.2924705147743225
CUS03229,2025-08-31,1,0.2924688458442688
CUS04377,2025-08-31,1,0.29246193170547485
CUS03857,2025-09-30,1,0.29240506887435913
CUS03689,2025-09-30,0,0.2923116683959961
CUS02244,2025-09-30,0,0.2922361493110657
CUS07009,2025-08-31,0,0.2922104597091675
CUS05415,2025-08-31,0,0.29220667481422424
CUS03758,2025-07-31,0,0.29211941361427307
CUS04784,2025-09-30,0,0.2921140193939209
CUS05959,2025-09-30,1,0.2920840084552765
CUS04951,2025-07-31,1,0.29206907749176025
CUS05257,2025-09-30,0,0.29204851388931274
CUS00071,2025-09-30,1,0.292006254196167
CUS07308,2025-08-31,0,0.2919396758079529
CUS07180,2025-09-30,0,0.29192686080932617
CUS07265,2025-08-31,0,0.29185017943382263
CUS00617,2025-09-30,0,0.29179948568344116
CUS03071,2025-08-31,0,0.2917934060096741
CUS06560,2025-08-31,0,0.2917783856391907
CUS07153,2025-07-31,0,0.2917745113372803
CUS03093,2025-09-30,0,0.29176846146583557
CUS01616,2025-09-30,1,0.29176637530326843
CUS00992,2025-07-31,1,0.2917066812515259
CUS06959,2025-08-31,0,0.2916807532310486
CUS06051,2025-09-30,0,0.291635662317276
CUS03550,2025-09-30,0,0.29160234332084656
CUS04071,2025-07-31,0,0.2915254235267639
CUS01020,2025-08-31,0,0.2914954125881195
CUS05039,2025-09-30,0,0.29146870970726013
CUS07921,2025-08-31,0,0.2914356589317322
CUS02934,2025-08-31,0,0.2913191616535187
CUS05741,2025-09-30,0,0.2913186848163605
CUS05482,2025-09-30,0,0.29131630063056946
CUS07588,2025-07-31,0,0.29131001234054565
CUS03110,2025-07-31,0,0.29127901792526245
CUS01980,2025-09-30,1,0.29125869274139404
CUS01774,2025-08-31,0,0.29123565554618835
CUS03404,2025-07-31,0,0.2911795973777771
CUS04004,2025-08-31,0,0.2911430597305298
CUS00890,2025-07-31,0,0.29107487201690674
CUS05599,2025-09-30,1,0.29106369614601135
CUS04702,2025-09-30,0,0.29106026887893677
CUS04300,2025-09-30,0,0.29105404019355774
CUS06000,2025-07-31,0,0.29105374217033386
CUS04367,2025-07-31,0,0.29096147418022156
CUS04779,2025-08-31,0,0.29093894362449646
CUS02145,2025-09-30,0,0.29091814160346985
CUS07075,2025-08-31,0,0.2908698618412018
CUS01192,2025-07-31,0,0.29081153869628906
CUS02954,2025-07-31,0,0.2907986044883728
CUS04406,2025-08-31,0,0.2907645106315613
CUS02155,2025-08-31,0,0.29075920581817627
CUS01201,2025-09-30,0,0.2907346487045288
CUS02044,2025-09-30,0,0.2907072901725769
CUS02304,2025-08-31,1,0.2906525731086731
CUS00506,2025-09-30,1,0.2906425893306732
CUS04250,2025-08-31,0,0.2906397879123688
CUS07520,2025-08-31,1,0.29062753915786743
CUS06768,2025-07-31,0,0.2905832529067993
CUS02128,2025-07-31,0,0.29057618975639343
CUS06806,2025-09-30,0,0.2905425727367401
CUS06463,2025-07-31,0,0.2905280292034149
CUS01491,2025-08-31,0,0.2905160188674927
CUS06573,2025-08-31,1,0.2904869019985199
CUS00051,2025-09-30,0,0.29044920206069946
CUS01614,2025-07-31,0,0.2904442846775055
CUS00836,2025-07-31,0,0.2904307246208191
CUS05879,2025-08-31,1,0.29041680693626404
CUS01061,2025-08-31,0,0.29041603207588196
CUS01325,2025-07-31,0,0.29040801525115967
CUS06432,2025-09-30,0,0.2903934717178345
CUS06803,2025-09-30,0,0.2903854250907898
CUS05714,2025-07-31,0,0.29036474227905273
CUS03353,2025-08-31,0,0.2903406620025635
CUS02384,2025-07-31,1,0.29032811522483826
CUS04987,2025-08-31,0,0.2903280556201935
CUS04012,2025-07-31,0,0.29028263688087463
CUS01836,2025-08-31,0,0.2902683615684509
CUS06534,2025-08-31,0,0.29026246070861816
CUS06356,2025-08-31,0,0.2902468144893646
CUS00064,2025-09-30,1,0.2902039587497711
CUS00352,2025-07-31,0,0.2900839149951935
CUS00520,2025-07-31,1,0.29008084535598755
CUS05263,2025-07-31,0,0.2900537848472595
CUS03201,2025-09-30,0,0.29003506898880005
CUS03971,2025-07-31,0,0.2900259792804718
CUS04554,2025-07-31,0,0.2900247871875763
CUS06597,2025-07-31,1,0.28999900817871094
CUS02411,2025-09-30,0,0.28999897837638855
CUS02443,2025-08-31,1,0.2899881899356842
CUS02907,2025-07-31,0,0.2899804711341858
CUS04496,2025-07-31,0,0.28997763991355896
CUS00694,2025-07-31,0,0.2898726165294647
CUS05543,2025-08-31,1,0.28984367847442627
CUS00139,2025-07-31,0,0.2898212671279907
CUS00617,2025-08-31,0,0.28981244564056396
CUS02061,2025-08-31,0,0.2898118495941162
CUS03289,2025-09-30,1,0.2897868752479553
CUS06324,2025-09-30,1,0.2897722125053406
CUS03906,2025-08-31,0,0.2897677421569824
CUS01040,2025-08-31,0,0.28976088762283325
CUS07813,2025-08-31,0,0.28975042700767517
CUS00519,2025-08-31,0,0.2897196114063263
CUS01703,2025-08-31,0,0.2897106111049652
CUS04535,2025-07-31,0,0.28968843817710876
CUS04160,2025-09-30,1,0.28966832160949707
CUS04427,2025-08-31,0,0.2896396219730377
CUS04685,2025-09-30,0,0.28957638144493103
CUS07227,2025-08-31,1,0.28956887125968933
CUS04972,2025-09-30,0,0.28955674171447754
CUS03441,2025-07-31,0,0.289556086063385
CUS04067,2025-07-31,1,0.2895236015319824
CUS03514,2025-09-30,0,0.2895052433013916
CUS02569,2025-07-31,0,0.2894630432128906
CUS03657,2025-09-30,0,0.28939324617385864
CUS07954,2025-07-31,1,0.28939029574394226
CUS02988,2025-09-30,0,0.28938600420951843
CUS02538,2025-07-31,0,0.2893669307231903
CUS00634,2025-07-31,0,0.28935936093330383
CUS03161,2025-09-30,0,0.28930461406707764
CUS05728,2025-09-30,0,0.28924861550331116
CUS00231,2025-07-31,1,0.28921711444854736
CUS03067,2025-09-30,0,0.2891882359981537
CUS02801,2025-08-31,0,0.28917452692985535
CUS04914,2025-09-30,1,0.28915828466415405
CUS01452,2025-09-30,1,0.2891521453857422
CUS02816,2025-07-31,1,0.2891383767127991
CUS03129,2025-07-31,0,0.2891016900539398
CUS04339,2025-08-31,0,0.28908413648605347
CUS06539,2025-08-31,0,0.2890503704547882
CUS00669,2025-08-31,0,0.289041131734848
CUS02202,2025-07-31,1,0.2890380024909973
CUS06803,2025-08-31,0,0.28903356194496155
CUS04743,2025-08-31,0,0.28902584314346313
CUS02025,2025-07-31,0,0.2890204191207886
CUS06514,2025-08-31,1,0.2890085279941559
CUS07653,2025-09-30,0,0.28900444507598877
CUS05941,2025-09-30,1,0.2889883518218994
CUS07084,2025-07-31,0,0.288949191570282
CUS03023,2025-07-31,1,0.28893399238586426
CUS06761,2025-09-30,0,0.2888511121273041
CUS05674,2025-08-31,0,0.2888500392436981
CUS02009,2025-07-31,0,0.2888237535953522
CUS04944,2025-09-30,0,0.288799911737442
CUS05413,2025-08-31,0,0.28879037499427795
CUS06921,2025-08-31,0,0.28876057267189026
CUS07157,2025-07-31,0,0.288727730512619
CUS02482,2025-09-30,0,0.2887214124202728
CUS07301,2025-08-31,0,0.2886630892753601
CUS02105,2025-07-31,1,0.2886565327644348
CUS04282,2025-07-31,0,0.28864437341690063
CUS03549,2025-09-30,0,0.28859034180641174
CUS01877,2025-08-31,0,0.28858378529548645
CUS06870,2025-09-30,0,0.2885723114013672
CUS02745,2025-08-31,1,0.28852975368499756
CUS01948,2025-08-31,0,0.2885116934776306
CUS03198,2025-07-31,0,0.2884915769100189
CUS02923,2025-07-31,0,0.2884743809700012
CUS04490,2025-08-31,0,0.288455992937088
CUS00032,2025-07-31,0,0.2884508967399597
CUS03813,2025-08-31,0,0.2884463369846344
CUS01316,2025-07-31,0,0.2884393036365509
CUS00320,2025-08-31,0,0.2884352505207062
CUS07213,2025-09-30,1,0.2884155511856079
CUS00712,2025-08-31,1,0.2883985638618469
CUS02023,2025-07-31,0,0.28835785388946533
CUS07036,2025-08-31,0,0.288299024105072
CUS07528,2025-09-30,0,0.28829818964004517
CUS03660,2025-08-31,0,0.2882859408855438
CUS00953,2025-07-31,1,0.2882859408855438
CUS05340,2025-08-31,0,0.28828391432762146
CUS00966,2025-07-31,0,0.288274884223938
CUS03775,2025-09-30,1,0.28826549649238586
CUS03803,2025-08-31,0,0.28824755549430847
CUS06176,2025-08-31,0,0.28821200132369995
CUS07404,2025-07-31,0,0.2882084250450134
CUS01382,2025-09-30,0,0.2882038652896881
CUS00827,2025-08-31,1,0.28816384077072144
CUS05963,2025-07-31,0,0.2881622910499573
CUS01885,2025-08-31,1,0.28807780146598816
CUS06842,2025-09-30,0,0.2880633771419525
CUS00778,2025-08-31,1,0.2880580723285675
CUS01076,2025-09-30,0,0.2879635691642761
CUS04992,2025-07-31,0,0.28792616724967957
CUS06320,2025-07-31,0,0.28791579604148865
CUS01585,2025-09-30,0,0.2878640592098236
CUS05580,2025-09-30,0,0.2877742350101471
CUS05830,2025-08-31,0,0.28773024678230286
CUS02977,2025-09-30,0,0.28771424293518066
CUS06110,2025-08-31,0,0.28770387172698975
CUS00784,2025-08-31,0,0.287686824798584
CUS06733,2025-07-31,0,0.287670761346817
CUS07730,2025-08-31,0,0.2876150906085968
CUS01158,2025-07-31,0,0.28759896755218506
CUS00957,2025-08-31,0,0.28759855031967163
CUS04081,2025-07-31,1,0.28755974769592285
CUS04276,2025-07-31,0,0.28755635023117065
CUS06562,2025-09-30,0,0.2875269055366516
CUS06310,2025-08-31,0,0.2875133752822876
CUS02329,2025-09-30,0,0.2875002324581146
CUS05137,2025-09-30,0,0.287494421005249
CUS01871,2025-07-31,0,0.2873972952365875
CUS00903,2025-07-31,0,0.28737929463386536
CUS02997,2025-07-31,0,0.2873683273792267
CUS01503,2025-07-31,0,0.28731995820999146
CUS04454,2025-07-31,0,0.28730931878089905
CUS06271,2025-09-30,1,0.2872532308101654
CUS02461,2025-08-31,1,0.28717947006225586
CUS07168,2025-09-30,0,0.28716570138931274
CUS00590,2025-07-31,1,0.2871561646461487
CUS04227,2025-07-31,0,0.2871510982513428
CUS04478,2025-07-31,0,0.2871500253677368
CUS00197,2025-07-31,0,0.2871474623680115
CUS04742,2025-08-31,1,0.2871224284172058
CUS06229,2025-09-30,1,0.28710293769836426
CUS01679,2025-07-31,0,0.2870922386646271
CUS00234,2025-07-31,0,0.2870401442050934
CUS05247,2025-09-30,1,0.28703761100769043
CUS02182,2025-09-30,0,0.2870144248008728
CUS04776,2025-07-31,1,0.28700530529022217
CUS00631,2025-08-31,1,0.28699368238449097
CUS06914,2025-09-30,0,0.28699299693107605
CUS03103,2025-07-31,1,0.2869832515716553
CUS03700,2025-08-31,0,0.286969393491745
CUS05153,2025-09-30,0,0.28694915771484375
CUS07173,2025-09-30,0,0.2869414985179901
CUS03108,2025-09-30,1,0.28692400455474854
CUS05478,2025-08-31,0,0.28686442971229553
CUS02114,2025-09-30,0,0.2868519723415375
CUS05622,2025-08-31,0,0.2868413031101227
CUS07154,2025-09-30,0,0.2868036925792694
CUS01136,2025-07-31,0,0.2867690920829773
CUS06690,2025-08-31,0,0.28676894307136536
CUS06185,2025-09-30,1,0.2867358922958374
CUS07959,2025-08-31,0,0.28670692443847656
CUS02524,2025-07-31,0,0.2866874635219574
CUS06238,2025-09-30,1,0.2866809666156769
CUS00867,2025-08-31,0,0.28662291169166565
CUS06082,2025-08-31,0,0.28656819462776184
CUS02715,2025-09-30,0,0.2865535318851471
CUS00585,2025-07-31,0,0.28655341267585754
CUS00909,2025-08-31,1,0.28655028343200684
CUS02887,2025-07-31,0,0.2865317165851593
CUS03344,2025-08-31,0,0.2865121066570282
CUS04118,2025-08-31,0,0.28651079535484314
CUS02912,2025-09-30,0,0.2864791750907898
CUS01491,2025-07-31,0,0.28647440671920776
CUS02757,2025-08-31,0,0.2864672541618347
CUS07640,2025-07-31,0,0.2863099277019501
CUS04038,2025-07-31,0,0.2863045930862427
CUS01906,2025-08-31,0,0.28625771403312683
CUS01036,2025-07-31,0,0.2862485945224762
CUS04609,2025-08-31,0,0.2862462103366852
CUS04991,2025-08-31,0,0.28621813654899597
CUS03433,2025-08-31,0,0.28621020913124084
CUS04674,2025-08-31,0,0.28620976209640503
CUS07793,2025-07-31,1,0.2861863374710083
CUS06600,2025-08-31,0,0.28617677092552185
CUS01240,2025-07-31,0,0.2861674427986145
CUS02677,2025-08-31,0,0.2860957086086273
CUS07743,2025-08-31,0,0.2860482633113861
CUS00631,2025-09-30,1,0.28603628277778625
CUS06551,2025-07-31,0,0.28596171736717224
CUS03365,2025-08-31,0,0.28592413663864136
CUS00430,2025-09-30,0,0.28586748242378235
CUS06904,2025-09-30,0,0.28586459159851074
CUS03228,2025-07-31,0,0.2858588695526123
CUS04741,2025-08-31,1,0.28578850626945496
CUS03540,2025-07-31,0,0.28574004769325256
CUS06294,2025-08-31,0,0.285739928483963
CUS01224,2025-09-30,0,0.2857309877872467
CUS02790,2025-09-30,0,0.2856915295124054
CUS00089,2025-08-31,0,0.28564345836639404
CUS05363,2025-09-30,0,0.28563401103019714
CUS03767,2025-09-30,0,0.2856045365333557
CUS04971,2025-08-31,0,0.28550443053245544
CUS00391,2025-07-31,0,0.28546467423439026
CUS04550,2025-07-31,0,0.28529661893844604
CUS04871,2025-07-31,0,0.28528904914855957
CUS01800,2025-09-30,0,0.28523892164230347
CUS02157,2025-08-31,0,0.28518474102020264
CUS05806,2025-07-31,1,0.2851751446723938
CUS07486,2025-08-31,1,0.2851736545562744
CUS01257,2025-09-30,1,0.2850765585899353
CUS04383,2025-08-31,0,0.28505152463912964
CUS02465,2025-07-31,0,0.2849850058555603
CUS06363,2025-09-30,0,0.2848447263240814
CUS00270,2025-08-31,0,0.2847917675971985
CUS01761,2025-07-31,0,0.2847824692726135
CUS00084,2025-09-30,0,0.28477948904037476
CUS04498,2025-07-31,0,0.2847643792629242
CUS00813,2025-09-30,0,0.28474318981170654
CUS06652,2025-08-31,1,0.28472962975502014
CUS00286,2025-09-30,0,0.2846730053424835
CUS03117,2025-07-31,0,0.2846600115299225
CUS03216,2025-09-30,1,0.28463995456695557
CUS03421,2025-07-31,1,0.28463199734687805
CUS01067,2025-09-30,0,0.2846049666404724
CUS00043,2025-07-31,0,0.28460320830345154
CUS01022,2025-07-31,0,0.28457069396972656
CUS05920,2025-07-31,0,0.2845640480518341
CUS05875,2025-09-30,0,0.2845543920993805
CUS07049,2025-09-30,0,0.28452029824256897
CUS03932,2025-09-30,0,0.28450125455856323
CUS00453,2025-07-31,0,0.28444889187812805
CUS06604,2025-09-30,0,0.28443869948387146
CUS05552,2025-07-31,0,0.2844368517398834
CUS01529,2025-07-31,0,0.28442928194999695
CUS07438,2025-08-31,0,0.2844264507293701
CUS05386,2025-09-30,0,0.28435349464416504
CUS01259,2025-08-31,0,0.2843322157859802
CUS06083,2025-09-30,1,0.28429633378982544
CUS03516,2025-07-31,0,0.28427445888519287
CUS00035,2025-08-31,0,0.2842295169830322
CUS01944,2025-07-31,0,0.2842034101486206
CUS05943,2025-08-31,1,0.2841435372829437
CUS04951,2025-09-30,1,0.2840668261051178
CUS04063,2025-08-31,0,0.2840666174888611
CUS05761,2025-07-31,0,0.28405866026878357
CUS00901,2025-08-31,0,0.2840508222579956
CUS01554,2025-09-30,1,0.28398415446281433
CUS05894,2025-07-31,0,0.2839755713939667
CUS06657,2025-08-31,1,0.28391990065574646
CUS07154,2025-07-31,0,0.283915638923645
CUS05797,2025-09-30,1,0.2838653326034546
CUS04994,2025-07-31,1,0.28386127948760986
CUS01760,2025-09-30,0,0.2838153839111328
CUS04925,2025-08-31,0,0.2838112413883209
CUS07486,2025-09-30,0,0.2837826609611511
CUS00901,2025-09-30,0,0.28377825021743774
CUS03521,2025-07-31,1,0.28373613953590393
CUS01067,2025-08-31,0,0.28371506929397583
CUS03973,2025-08-31,0,0.28368598222732544
CUS05806,2025-08-31,1,0.28365638852119446
CUS04099,2025-07-31,0,0.28364816308021545
CUS00074,2025-09-30,0,0.28362178802490234
CUS06084,2025-08-31,0,0.28357043862342834
CUS02817,2025-09-30,1,0.28356239199638367
CUS00073,2025-08-31,0,0.28347355127334595
CUS04964,2025-08-31,0,0.2833532691001892
CUS00170,2025-07-31,0,0.28331872820854187
CUS01381,2025-08-31,0,0.2833089828491211
CUS07336,2025-07-31,0,0.2832907438278198
CUS00912,2025-08-31,0,0.28326064348220825
CUS07931,2025-09-30,0,0.28324317932128906
CUS07363,2025-09-30,0,0.28314656019210815
CUS05490,2025-09-30,0,0.2830900549888611
CUS01101,2025-08-31,0,0.28299808502197266
CUS00869,2025-08-31,1,0.28298670053482056
CUS01879,2025-08-31,0,0.2829563021659851
CUS05491,2025-09-30,1,0.2829505205154419
CUS00120,2025-09-30,0,0.28288954496383667
CUS01624,2025-08-31,0,0.28287482261657715
CUS06443,2025-07-31,0,0.282858282327652
CUS01468,2025-08-31,0,0.2828430235385895
CUS03012,2025-08-31,0,0.2828404903411865
CUS04423,2025-09-30,1,0.28281450271606445
CUS03803,2025-07-31,0,0.28278955817222595
CUS05579,2025-09-30,0,0.2827737033367157
CUS07458,2025-08-31,0,0.28275251388549805
CUS06208,2025-08-31,0,0.282701313495636
CUS02393,2025-08-31,0,0.2826913297176361
CUS06114,2025-09-30,1,0.28264501690864563
CUS01846,2025-09-30,0,0.282622367143631
CUS03230,2025-09-30,0,0.28260764479637146
CUS01174,2025-08-31,0,0.2825769782066345
CUS06668,2025-07-31,0,0.2825694978237152
CUS06639,2025-09-30,1,0.28250977396965027
CUS04684,2025-09-30,0,0.2824521064758301
CUS06320,2025-08-31,0,0.2824469208717346
CUS01772,2025-07-31,0,0.28238677978515625
CUS03853,2025-09-30,0,0.2823479473590851
CUS02548,2025-07-31,0,0.28224697709083557
CUS00869,2025-07-31,1,0.2822265028953552
CUS02827,2025-08-31,0,0.2822239398956299
CUS03366,2025-08-31,0,0.2822200655937195
CUS02791,2025-09-30,1,0.2822082042694092
CUS04932,2025-08-31,1,0.2821984887123108
CUS07575,2025-09-30,0,0.2821705639362335
CUS02443,2025-09-30,0,0.28213533759117126
CUS04338,2025-08-31,1,0.2821280360221863
CUS02917,2025-07-31,0,0.28209298849105835
CUS04938,2025-07-31,1,0.28209254145622253
CUS07602,2025-07-31,0,0.28208404779434204
CUS02755,2025-09-30,0,0.2820517122745514
CUS06050,2025-08-31,0,0.2819792628288269
CUS02263,2025-07-31,0,0.28196823596954346
CUS06889,2025-09-30,0,0.2819649875164032
CUS00995,2025-07-31,0,0.2819623351097107
CUS00342,2025-07-31,0,0.2819577753543854
CUS00317,2025-08-31,0,0.28185513615608215
CUS01491,2025-09-30,0,0.2818480432033539
CUS01181,2025-09-30,1,0.28184783458709717
CUS04778,2025-07-31,0,0.28179728984832764
CUS07676,2025-09-30,0,0.28174468874931335
CUS04271,2025-08-31,0,0.2817386984825134
CUS04277,2025-07-31,0,0.2817147672176361
CUS04377,2025-07-31,1,0.2817003130912781
CUS01119,2025-08-31,0,0.28168347477912903
CUS02145,2025-08-31,0,0.28165921568870544
CUS04849,2025-07-31,1,0.2816431522369385
CUS03959,2025-09-30,0,0.2815277576446533
CUS03023,2025-08-31,1,0.2815141975879669
CUS01541,2025-09-30,0,0.2814755439758301
CUS05624,2025-09-30,0,0.28145453333854675
CUS05797,2025-08-31,1,0.2814350426197052
CUS05216,2025-09-30,0,0.2814338505268097
CUS03210,2025-08-31,0,0.281429260969162
CUS06288,2025-07-31,0,0.281421035528183
CUS00769,2025-09-30,0,0.28139638900756836
CUS07482,2025-08-31,0,0.2813929617404938
CUS02503,2025-08-31,1,0.2813882827758789
CUS04144,2025-09-30,0,0.2813835144042969
CUS01971,2025-08-31,1,0.2813681662082672
CUS05202,2025-08-31,0,0.28136327862739563
CUS04016,2025-09-30,0,0.2813231945037842
CUS06904,2025-08-31,0,0.2813020646572113
CUS05639,2025-08-31,0,0.2812962830066681
CUS04038,2025-08-31,0,0.281284898519516
CUS03837,2025-07-31,1,0.28127431869506836
CUS02151,2025-09-30,0,0.28124168515205383
CUS00900,2025-09-30,0,0.2811424136161804
CUS05811,2025-07-31,1,0.28105613589286804
CUS01316,2025-08-31,0,0.2810380160808563
CUS00351,2025-07-31,0,0.2810365557670593
CUS00965,2025-08-31,0,0.2810286581516266
CUS06262,2025-08-31,0,0.2809940278530121
CUS06925,2025-09-30,1,0.2809731066226959
CUS06466,2025-09-30,0,0.28090962767601013
CUS01819,2025-09-30,0,0.2808911204338074
CUS02569,2025-09-30,0,0.2808879613876343
CUS06545,2025-09-30,0,0.28086376190185547
CUS00478,2025-09-30,0,0.28084617853164673
CUS01320,2025-09-30,0,0.2807970345020294
CUS04798,2025-09-30,0,0.2807680368423462
CUS01347,2025-09-30,0,0.2807353734970093
CUS04332,2025-07-31,0,0.28071945905685425
CUS03574,2025-07-31,0,0.28071701526641846
CUS03280,2025-08-31,0,0.2806762456893921
CUS04472,2025-07-31,0,0.28065159916877747
CUS03853,2025-08-31,0,0.280616819858551
CUS01384,2025-08-31,0,0.28055816888809204
CUS02752,2025-09-30,0,0.2805488705635071
CUS05501,2025-08-31,0,0.2805348336696625
CUS06616,2025-07-31,0,0.2805309593677521
CUS01573,2025-08-31,0,0.2805015444755554
CUS00197,2025-09-30,1,0.2804483473300934
CUS05876,2025-07-31,0,0.28043705224990845
CUS00021,2025-07-31,1,0.2803998291492462
CUS01009,2025-09-30,0,0.2803649604320526
CUS03633,2025-08-31,0,0.2803340256214142
CUS04067,2025-08-31,0,0.2803305685520172
CUS05965,2025-08-31,0,0.28030335903167725
CUS04836,2025-07-31,1,0.2802921235561371
CUS04551,2025-07-31,0,0.2801722586154938
CUS03093,2025-07-31,0,0.28014519810676575
CUS01918,2025-07-31,0,0.28014421463012695
CUS04852,2025-08-31,0,0.2801111936569214
CUS05330,2025-09-30,0,0.2800769507884979
CUS04482,2025-07-31,0,0.2800259292125702
CUS06014,2025-08-31,0,0.2800191342830658
CUS00298,2025-09-30,0,0.28001081943511963
CUS00220,2025-08-31,0,0.2799951732158661
CUS04566,2025-09-30,0,0.27991700172424316
CUS04852,2025-09-30,0,0.2799051105976105
CUS03051,2025-07-31,1,0.27989768981933594
CUS07954,2025-08-31,0,0.2798326313495636
CUS06404,2025-07-31,1,0.27980026602745056
CUS07149,2025-09-30,0,0.27979570627212524
CUS02935,2025-09-30,0,0.2797932028770447
CUS03160,2025-09-30,0,0.27974799275398254
CUS07299,2025-08-31,0,0.2797313928604126
CUS03130,2025-07-31,1,0.2796803116798401
CUS00920,2025-07-31,0,0.2795933783054352
CUS03741,2025-09-30,0,0.2795603275299072
CUS01713,2025-07-31,0,0.2795273959636688
CUS07108,2025-07-31,0,0.2795228958129883
CUS07064,2025-07-31,0,0.27948832511901855
CUS01753,2025-07-31,0,0.27945879101753235
CUS01679,2025-09-30,0,0.27943024039268494
CUS04598,2025-07-31,1,0.27941039204597473
CUS06262,2025-09-30,0,0.2793935537338257
CUS05725,2025-08-31,0,0.2793797552585602
CUS07336,2025-08-31,0,0.2793016731739044
CUS03087,2025-07-31,0,0.2793002426624298
CUS07104,2025-08-31,0,0.2792082726955414
CUS03230,2025-08-31,0,0.2791931629180908
CUS02465,2025-08-31,0,0.27916720509529114
CUS01022,2025-08-31,0,0.27909550070762634
CUS04201,2025-09-30,0,0.2790045142173767
CUS05504,2025-08-31,0,0.2789900004863739
CUS06657,2025-07-31,0,0.27898216247558594
CUS00778,2025-09-30,1,0.2789773643016815
CUS03871,2025-09-30,0,0.2789408266544342
CUS03777,2025-09-30,0,0.2789211869239807
CUS06549,2025-07-31,0,0.27882421016693115
CUS04788,2025-09-30,0,0.27874860167503357
CUS06177,2025-09-30,1,0.27869513630867004
CUS06319,2025-09-30,0,0.27862197160720825
CUS01765,2025-09-30,0,0.2785952389240265
CUS05881,2025-07-31,0,0.27857542037963867
CUS07104,2025-09-30,0,0.2785714566707611
CUS04356,2025-07-31,1,0.2785540819168091
CUS02220,2025-08-31,1,0.27852320671081543
CUS00634,2025-09-30,0,0.27847668528556824
CUS06285,2025-09-30,0,0.2784557044506073
CUS00537,2025-08-31,1,0.27843114733695984
CUS04986,2025-09-30,0,0.27841389179229736
CUS01619,2025-07-31,0,0.2783963978290558
CUS07645,2025-08-31,0,0.27835792303085327
CUS03359,2025-07-31,0,0.2783481180667877
CUS06336,2025-09-30,1,0.27832362055778503
CUS06351,2025-07-31,0,0.2783205807209015
CUS06997,2025-09-30,0,0.2782767713069916
CUS07959,2025-07-31,0,0.27824750542640686
CUS03988,2025-07-31,0,0.27823007106781006
CUS07886,2025-08-31,0,0.2782132029533386
CUS05027,2025-08-31,0,0.27818137407302856
CUS04605,2025-07-31,0,0.27817925810813904
CUS03585,2025-08-31,0,0.278158962726593
CUS03591,2025-08-31,0,0.2781330347061157
CUS01921,2025-08-31,0,0.27812913060188293
CUS07171,2025-09-30,0,0.2780320644378662
CUS06072,2025-09-30,1,0.2779967784881592
CUS06426,2025-07-31,0,0.2779756784439087
CUS03613,2025-07-31,1,0.2779732048511505
CUS06293,2025-07-31,0,0.27793067693710327
CUS02125,2025-08-31,0,0.2778588831424713
CUS06580,2025-08-31,0,0.27784445881843567
CUS03649,2025-07-31,0,0.2778071463108063
CUS06463,2025-08-31,0,0.2777283787727356
CUS05025,2025-09-30,0,0.2777234613895416
CUS01251,2025-08-31,0,0.2776978313922882
CUS05860,2025-09-30,0,0.2775091230869293
CUS07100,2025-08-31,1,0.2774890065193176
CUS06290,2025-08-31,0,0.2774752080440521
CUS04016,2025-08-31,0,0.27744796872138977
CUS03026,2025-09-30,0,0.2774476706981659
CUS03862,2025-07-31,0,0.27743732929229736
CUS02720,2025-07-31,0,0.27743715047836304
CUS02151,2025-07-31,0,0.27743542194366455
CUS00054,2025-08-31,0,0.2774331271648407
CUS00049,2025-08-31,0,0.27741456031799316
CUS06782,2025-07-31,1,0.2773594558238983
CUS06573,2025-07-31,0,0.27733126282691956
CUS07552,2025-08-31,0,0.27730000019073486
CUS04328,2025-09-30,0,0.27724918723106384
CUS01473,2025-08-31,0,0.2772360146045685
CUS02327,2025-09-30,0,0.277228444814682
CUS07146,2025-09-30,0,0.2771947681903839
CUS02503,2025-07-31,1,0.27715975046157837
CUS00241,2025-08-31,0,0.27715378999710083
CUS04686,2025-07-31,0,0.2771399915218353
CUS04992,2025-09-30,0,0.27711498737335205
CUS01761,2025-09-30,0,0.2771119177341461
CUS06059,2025-07-31,0,0.27704834938049316
CUS04620,2025-09-30,1,0.27704671025276184
CUS03271,2025-08-31,1,0.27704057097435
CUS02923,2025-08-31,0,0.27701425552368164
CUS06294,2025-09-30,0,0.2770127058029175
CUS07049,2025-07-31,0,0.2769838273525238
CUS04277,2025-09-30,0,0.2769656181335449
CUS04736,2025-08-31,1,0.2769073247909546
CUS07439,2025-09-30,0,0.27690428495407104
CUS01921,2025-09-30,0,0.27684128284454346
CUS07599,2025-08-31,1,0.2767671048641205
CUS06282,2025-09-30,1,0.2767409682273865
CUS06816,2025-07-31,0,0.2767222821712494
CUS01560,2025-09-30,0,0.27666497230529785
CUS04932,2025-09-30,0,0.27666208148002625
CUS00073,2025-07-31,1,0.2766571044921875
CUS02286,2025-09-30,1,0.27662691473960876
CUS05461,2025-09-30,0,0.27660828828811646
CUS05639,2025-09-30,0,0.27658575773239136
CUS05184,2025-09-30,0,0.276574969291687
CUS00634,2025-08-31,0,0.27655526995658875
CUS00715,2025-08-31,0,0.27653801441192627
CUS01656,2025-09-30,1,0.27652671933174133
CUS04199,2025-07-31,0,0.2764957845211029
CUS04778,2025-08-31,1,0.27648642659187317
CUS07161,2025-07-31,0,0.2764838635921478
CUS00244,2025-08-31,1,0.2764769494533539
CUS07900,2025-07-31,0,0.2764397859573364
CUS07759,2025-08-31,1,0.27643337845802307
CUS07097,2025-07-31,0,0.2764277756214142
CUS06642,2025-08-31,0,0.27641209959983826
CUS03813,2025-07-31,0,0.2764071822166443
CUS02607,2025-08-31,0,0.27633434534072876
CUS07488,2025-07-31,0,0.2762545347213745
CUS02304,2025-07-31,1,0.2762099802494049
CUS05074,2025-08-31,1,0.2761516571044922
CUS05965,2025-09-30,0,0.2761453092098236
CUS03803,2025-09-30,0,0.27613213658332825
CUS05930,2025-09-30,0,0.27610698342323303
CUS04332,2025-08-31,1,0.27609875798225403
CUS05419,2025-08-31,1,0.27609729766845703
CUS02255,2025-07-31,1,0.27608224749565125
CUS04864,2025-07-31,1,0.2760683298110962
CUS00331,2025-09-30,0,0.2760356366634369
CUS00139,2025-08-31,0,0.27600783109664917
CUS05860,2025-07-31,0,0.2759424149990082
CUS07513,2025-07-31,0,0.27594155073165894
CUS07547,2025-09-30,0,0.2759013772010803
CUS02244,2025-07-31,0,0.2758137285709381
CUS05018,2025-09-30,0,0.2758048176765442
CUS06599,2025-08-31,0,0.2756640613079071
CUS01490,2025-07-31,1,0.27560874819755554
CUS04944,2025-08-31,0,0.27558934688568115
CUS06583,2025-09-30,0,0.2754305303096771
CUS07621,2025-07-31,0,0.27541154623031616
CUS01175,2025-09-30,0,0.2753356695175171
CUS05622,2025-07-31,0,0.27533432841300964
CUS07175,2025-09-30,0,0.27529221773147583
CUS07621,2025-09-30,0,0.27528834342956543
CUS05384,2025-07-31,0,0.2752574682235718
CUS03264,2025-08-31,0,0.27522149682044983
CUS03564,2025-08-31,0,0.2752099633216858
CUS02219,2025-07-31,0,0.2751961648464203
CUS00043,2025-08-31,0,0.27514126896858215
CUS05669,2025-08-31,0,0.2751374840736389
CUS02599,2025-09-30,0,0.2751323878765106
CUS03320,2025-09-30,0,0.27507445216178894
CUS07324,2025-08-31,0,0.27506202459335327
CUS04480,2025-08-31,0,0.2750009000301361
CUS04510,2025-08-31,1,0.2749590575695038
CUS04099,2025-09-30,0,0.2749554514884949
CUS06671,2025-07-31,0,0.27490949630737305
CUS01294,2025-09-30,0,0.27482566237449646
CUS01759,2025-07-31,0,0.27479037642478943
CUS05979,2025-09-30,0,0.27478787302970886
CUS03058,2025-09-30,0,0.2747611999511719
CUS07926,2025-07-31,1,0.27474841475486755
CUS06907,2025-09-30,0,0.27474576234817505
CUS07440,2025-09-30,0,0.2747374176979065
CUS03344,2025-09-30,0,0.2747335433959961
CUS02835,2025-09-30,0,0.27470624446868896
CUS03077,2025-09-30,0,0.274694561958313
CUS04461,2025-08-31,0,0.27466973662376404
CUS04548,2025-07-31,0,0.274636447429657
CUS07454,2025-08-31,0,0.27463316917419434
CUS04438,2025-09-30,1,0.27461734414100647
CUS07964,2025-08-31,0,0.2746073305606842
CUS02524,2025-09-30,0,0.2745916247367859
CUS06514,2025-07-31,1,0.27456897497177124
CUS00537,2025-07-31,1,0.2745406925678253
CUS07488,2025-08-31,0,0.27451929450035095
CUS05711,2025-07-31,0,0.27449890971183777
CUS07743,2025-09-30,0,0.2744779884815216
CUS07793,2025-08-31,0,0.27447575330734253
CUS05894,2025-08-31,1,0.2744637727737427
CUS07285,2025-09-30,1,0.2744251787662506
CUS03931,2025-07-31,1,0.2744179666042328
CUS06676,2025-07-31,1,0.2744002342224121
CUS04004,2025-07-31,0,0.27432411909103394
CUS05068,2025-08-31,0,0.2742675244808197
CUS00738,2025-08-31,0,0.27422791719436646
CUS02114,2025-08-31,0,0.2742260694503784
CUS05882,2025-07-31,1,0.274194598197937
CUS00354,2025-08-31,1,0.274191290140152
CUS03742,2025-08-31,0,0.2741501033306122
CUS05689,2025-09-30,1,0.27412211894989014
CUS00456,2025-07-31,1,0.2740221917629242
CUS03058,2025-07-31,0,0.27399685978889465
CUS04957,2025-08-31,1,0.2739936411380768
CUS03640,2025-08-31,0,0.2739884853363037
CUS02184,2025-09-30,0,0.27398037910461426
CUS04596,2025-08-31,0,0.2739698588848114
CUS00342,2025-09-30,0,0.27393168210983276
CUS02461,2025-07-31,1,0.2739308476448059
CUS01225,2025-08-31,0,0.2739250063896179
CUS07763,2025-07-31,0,0.2738916277885437
CUS04570,2025-08-31,0,0.2738132178783417
CUS02365,2025-07-31,1,0.27379775047302246
CUS04655,2025-08-31,0,0.2737903594970703
CUS00513,2025-09-30,0,0.27377986907958984
CUS07638,2025-08-31,0,0.27377092838287354
CUS01851,2025-09-30,0,0.2737564742565155
CUS05007,2025-08-31,0,0.2737559676170349
CUS04533,2025-07-31,0,0.2737259566783905
CUS06484,2025-08-31,0,0.2737223207950592
CUS04990,2025-09-30,0,0.2737128436565399
CUS01655,2025-09-30,0,0.2736610472202301
CUS05577,2025-09-30,0,0.27363669872283936
CUS03501,2025-07-31,1,0.2736360430717468
CUS02308,2025-08-31,0,0.27360087633132935
CUS03266,2025-07-31,0,0.2735973596572876
CUS01946,2025-09-30,0,0.27358415722846985
CUS02597,2025-08-31,1,0.27356618642807007
CUS04548,2025-08-31,0,0.2735484838485718
CUS02070,2025-08-31,0,0.2735289931297302
CUS04750,2025-08-31,0,0.2734948694705963
CUS00163,2025-07-31,1,0.27347779273986816
CUS06283,2025-09-30,0,0.2734774649143219
CUS00219,2025-08-31,0,0.2734716534614563
CUS04174,2025-08-31,1,0.2734248638153076
CUS06886,2025-09-30,0,0.2734057903289795
CUS06256,2025-08-31,0,0.27337032556533813
CUS03802,2025-07-31,0,0.273354709148407
CUS03640,2025-09-30,0,0.27334779500961304
CUS07919,2025-08-31,0,0.27323776483535767
CUS06846,2025-07-31,0,0.27319544553756714
CUS02777,2025-07-31,0,0.2731383740901947
CUS07712,2025-08-31,0,0.27310383319854736
CUS02918,2025-08-31,1,0.2730790376663208
CUS06531,2025-09-30,0,0.2729932963848114
CUS04871,2025-09-30,1,0.272970974445343
CUS01607,2025-08-31,0,0.2729065716266632
CUS00994,2025-08-31,1,0.27286142110824585
CUS06223,2025-08-31,1,0.27283984422683716
CUS00969,2025-07-31,0,0.2727322280406952
CUS04410,2025-08-31,0,0.27268949151039124
CUS01748,2025-09-30,0,0.272680401802063
CUS04522,2025-07-31,0,0.27266940474510193
CUS07668,2025-07-31,1,0.2726680636405945
CUS05316,2025-09-30,0,0.27265414595603943
CUS05434,2025-07-31,1,0.2726503312587738
CUS03191,2025-07-31,0,0.27263131737709045
CUS04146,2025-08-31,0,0.2725927233695984
CUS06356,2025-07-31,0,0.2725852131843567
CUS03379,2025-09-30,0,0.27251604199409485
CUS03611,2025-08-31,0,0.272514283657074
CUS02309,2025-07-31,0,0.27246996760368347
CUS07579,2025-09-30,0,0.2724239230155945
CUS04275,2025-07-31,0,0.2723742127418518
CUS06397,2025-08-31,0,0.27235108613967896
CUS06124,2025-08-31,0,0.2723311185836792
CUS06600,2025-09-30,0,0.2723293900489807
CUS05911,2025-08-31,1,0.27232062816619873
CUS05417,2025-08-31,1,0.272264301776886
CUS07168,2025-08-31,0,0.2721652686595917
CUS06639,2025-08-31,1,0.2721235752105713
CUS01274,2025-08-31,1,0.2721187472343445
CUS06762,2025-07-31,0,0.27207255363464355
CUS01953,2025-07-31,0,0.27200040221214294
CUS05396,2025-07-31,0,0.27199694514274597
CUS03854,2025-07-31,0,0.27191653847694397
CUS00573,2025-07-31,0,0.2718968689441681
CUS03198,2025-08-31,0,0.2718958556652069
CUS02569,2025-08-31,0,0.27187347412109375
CUS01317,2025-09-30,0,0.27184104919433594
CUS04604,2025-08-31,0,0.2717893123626709
CUS00900,2025-07-31,0,0.27176323533058167
CUS01165,2025-09-30,0,0.2717392146587372
CUS03071,2025-09-30,0,0.27173253893852234
CUS07544,2025-07-31,0,0.27172771096229553
CUS06383,2025-09-30,0,0.27162256836891174
CUS05384,2025-08-31,0,0.27157825231552124
CUS07533,2025-07-31,0,0.2715630531311035
CUS05637,2025-08-31,0,0.27154359221458435
CUS04428,2025-07-31,1,0.2715408504009247
CUS06124,2025-07-31,1,0.27145132422447205
CUS06484,2025-07-31,0,0.2713871896266937
CUS04095,2025-08-31,0,0.27137476205825806
CUS03020,2025-07-31,0,0.27135732769966125
CUS05779,2025-07-31,0,0.2713462710380554
CUS04157,2025-07-31,0,0.271338552236557
CUS06607,2025-09-30,0,0.2713262140750885
CUS04499,2025-07-31,0,0.27129384875297546
CUS01941,2025-07-31,1,0.2712651193141937
CUS02143,2025-09-30,0,0.27125656604766846
CUS06612,2025-07-31,0,0.2712423801422119
CUS01513,2025-08-31,0,0.27119317650794983
CUS07275,2025-09-30,0,0.27118077874183655
CUS03799,2025-09-30,0,0.2711603045463562
CUS00104,2025-07-31,0,0.27115368843078613
CUS03121,2025-09-30,0,0.2710697650909424
CUS02637,2025-08-31,0,0.27105724811553955
CUS00695,2025-08-31,1,0.2710267901420593
CUS05149,2025-07-31,0,0.271013468503952
CUS07378,2025-08-31,0,0.2710123062133789
CUS06997,2025-08-31,0,0.27099937200546265
CUS03184,2025-07-31,0,0.27086853981018066
CUS02432,2025-09-30,1,0.27084946632385254
CUS05876,2025-09-30,0,0.2708025872707367
CUS00656,2025-09-30,0,0.270798921585083
CUS02060,2025-08-31,0,0.27076438069343567
CUS05184,2025-07-31,0,0.270743727684021
CUS02920,2025-07-31,0,0.270733118057251
CUS07101,2025-09-30,0,0.2707114517688751
CUS00918,2025-07-31,0,0.27062803506851196
CUS06208,2025-07-31,0,0.2706206738948822
CUS05703,2025-08-31,0,0.27061179280281067
CUS03531,2025-08-31,0,0.270540326833725
CUS07033,2025-07-31,0,0.2705080807209015
CUS02427,2025-07-31,0,0.27046269178390503
CUS03407,2025-09-30,0,0.27045902609825134
CUS05354,2025-08-31,0,0.2704557180404663
CUS01240,2025-08-31,0,0.27045103907585144
CUS01753,2025-09-30,0,0.2704223394393921
CUS01279,2025-09-30,0,0.2704181671142578
CUS02594,2025-09-30,1,0.27039456367492676
CUS03748,2025-08-31,1,0.27037397027015686
CUS06379,2025-08-31,1,0.2703710198402405
CUS05784,2025-08-31,0,0.2703632414340973
CUS01879,2025-09-30,0,0.2703520357608795
CUS02511,2025-07-31,1,0.270307719707489
CUS04271,2025-07-31,0,0.27022743225097656
CUS03975,2025-07-31,1,0.2702268660068512
CUS03802,2025-08-31,0,0.27020373940467834
CUS05174,2025-07-31,0,0.2701791524887085
CUS03229,2025-09-30,0,0.27013176679611206
CUS02669,2025-07-31,0,0.27010172605514526
CUS04207,2025-08-31,0,0.2700780928134918
CUS03549,2025-07-31,0,0.2700483500957489
CUS07928,2025-08-31,1,0.2700297236442566
CUS07523,2025-07-31,0,0.2700238525867462
CUS05918,2025-07-31,1,0.27001723647117615
CUS05489,2025-09-30,0,0.2700112462043762
CUS06960,2025-07-31,0,0.26998451352119446
CUS00671,2025-08-31,0,0.26998084783554077
CUS06988,2025-09-30,1,0.26997971534729004
CUS06306,2025-09-30,0,0.2699519097805023
CUS03781,2025-09-30,0,0.26993313431739807
CUS04832,2025-07-31,0,0.26992568373680115
CUS04548,2025-09-30,0,0.26989078521728516
CUS03909,2025-08-31,0,0.26985543966293335
CUS03074,2025-09-30,0,0.2698124647140503
CUS00287,2025-07-31,0,0.2697594165802002
CUS02599,2025-07-31,0,0.26970741152763367
CUS04338,2025-07-31,0,0.2697017192840576
CUS05750,2025-08-31,1,0.26968029141426086
CUS02711,2025-09-30,0,0.2696790397167206
CUS06983,2025-09-30,1,0.2695923447608948
CUS05444,2025-09-30,1,0.2695711851119995
CUS00501,2025-07-31,0,0.26946648955345154
CUS04832,2025-09-30,0,0.26944154500961304
CUS03395,2025-09-30,0,0.26943328976631165
CUS00851,2025-09-30,0,0.26939651370048523
CUS01766,2025-09-30,1,0.2693744897842407
CUS05042,2025-09-30,1,0.26930612325668335
CUS02656,2025-09-30,0,0.269248902797699
CUS01267,2025-09-30,1,0.2692464590072632
CUS00134,2025-08-31,0,0.2692341208457947
CUS07763,2025-08-31,0,0.2692125737667084
CUS00035,2025-07-31,1,0.26918017864227295
CUS06893,2025-09-30,0,0.26916927099227905
CUS07160,2025-09-30,0,0.26912689208984375
CUS07092,2025-07-31,1,0.26907724142074585
CUS05099,2025-09-30,1,0.26903584599494934
CUS07813,2025-09-30,0,0.26898670196533203
CUS05202,2025-07-31,0,0.26898229122161865
CUS00939,2025-09-30,0,0.2689703404903412
CUS05930,2025-08-31,0,0.26896098256111145
CUS02394,2025-09-30,0,0.26895421743392944
CUS00943,2025-07-31,0,0.2689131200313568
CUS02954,2025-08-31,1,0.268894225358963
CUS00226,2025-07-31,0,0.26874542236328125
CUS05672,2025-08-31,0,0.26870277523994446
CUS00179,2025-08-31,1,0.2686823308467865
CUS04951,2025-08-31,1,0.26864689588546753
CUS01421,2025-08-31,1,0.268497109413147
CUS02715,2025-08-31,0,0.26849305629730225
CUS07378,2025-09-30,0,0.2684386372566223
CUS06569,2025-07-31,0,0.26840001344680786
CUS00867,2025-07-31,0,0.2683948576450348
CUS05699,2025-07-31,0,0.26838093996047974
CUS05716,2025-08-31,0,0.26833850145339966
CUS07617,2025-08-31,0,0.2683000862598419
CUS00068,2025-07-31,0,0.2682773470878601
CUS03487,2025-08-31,0,0.2682725489139557
CUS03063,2025-08-31,0,0.268259197473526
CUS07919,2025-07-31,1,0.2682545483112335
CUS04638,2025-08-31,0,0.26816388964653015
CUS01839,2025-07-31,1,0.26808905601501465
CUS02927,2025-08-31,0,0.2680119276046753
CUS06635,2025-08-31,0,0.26800933480262756
CUS00137,2025-09-30,0,0.2679824233055115
CUS00272,2025-07-31,0,0.26795709133148193
CUS05241,2025-09-30,1,0.26788291335105896
CUS00270,2025-09-30,0,0.2678827941417694
CUS06076,2025-07-31,1,0.2678804397583008
CUS04250,2025-09-30,0,0.2678773105144501
CUS03710,2025-09-30,1,0.26785364747047424
CUS00260,2025-09-30,0,0.2678263485431671
CUS00934,2025-08-31,0,0.2678072452545166
CUS03712,2025-08-31,0,0.26772698760032654
CUS02997,2025-08-31,0,0.26772481203079224
CUS02937,2025-07-31,0,0.26772233843803406
CUS07988,2025-07-31,0,0.2676682472229004
CUS06006,2025-09-30,0,0.2676161527633667
CUS06300,2025-08-31,0,0.26760223507881165
CUS07790,2025-08-31,0,0.2675970196723938
CUS07830,2025-08-31,0,0.26758772134780884
CUS06271,2025-08-31,0,0.26755422353744507
CUS04970,2025-09-30,0,0.26748013496398926
CUS02141,2025-07-31,0,0.2674407362937927
CUS00259,2025-09-30,1,0.26739582419395447
CUS07265,2025-09-30,0,0.26732707023620605
CUS03810,2025-07-31,0,0.2673216164112091
CUS05610,2025-08-31,0,0.26730263233184814
CUS02522,2025-07-31,0,0.2673019766807556
CUS00214,2025-09-30,0,0.26728954911231995
CUS00170,2025-09-30,0,0.26727768778800964
CUS03567,2025-07-31,1,0.26721134781837463
CUS04888,2025-09-30,0,0.26721078157424927
CUS05456,2025-09-30,0,0.26706618070602417
CUS01919,2025-09-30,0,0.26705700159072876
CUS06955,2025-07-31,0,0.26705098152160645
CUS03928,2025-09-30,0,0.2670304477214813
CUS01316,2025-09-30,1,0.2670235335826874
CUS01765,2025-08-31,0,0.26702064275741577
CUS05889,2025-07-31,0,0.2670009732246399
CUS04977,2025-08-31,0,0.2669813632965088
CUS01760,2025-07-31,0,0.2669312655925751
CUS04118,2025-09-30,1,0.26691851019859314
CUS01747,2025-07-31,1,0.26689276099205017
CUS06433,2025-08-31,0,0.2668875753879547
CUS07513,2025-09-30,0,0.26686033606529236
CUS02970,2025-09-30,0,0.26683223247528076
CUS03790,2025-08-31,0,0.266818642616272
CUS02963,2025-08-31,0,0.266783207654953
CUS00197,2025-08-31,0,0.26677510142326355
CUS07877,2025-09-30,1,0.26677343249320984
CUS06728,2025-08-31,0,0.26668334007263184
CUS01504,2025-09-30,0,0.2665405571460724
CUS07882,2025-07-31,1,0.2664702832698822
CUS07181,2025-07-31,0,0.26642152667045593
CUS02427,2025-08-31,0,0.26640406250953674
CUS06089,2025-09-30,1,0.26637208461761475
CUS03394,2025-07-31,1,0.26636797189712524
CUS07354,2025-09-30,1,0.26634082198143005
CUS06160,2025-07-31,0,0.266332745552063
CUS04967,2025-09-30,0,0.2663215100765228
CUS06239,2025-07-31,1,0.2663094401359558
CUS00797,2025-08-31,0,0.26626715064048767
CUS07256,2025-08-31,0,0.26624560356140137
CUS05528,2025-09-30,1,0.2662045955657959
CUS04922,2025-08-31,0,0.2661639153957367
CUS07676,2025-08-31,0,0.26615092158317566
CUS00295,2025-07-31,0,0.266144335269928
CUS01495,2025-07-31,0,0.2661375105381012
CUS06310,2025-09-30,0,0.2661319971084595
CUS07084,2025-09-30,0,0.26611846685409546
CUS02836,2025-07-31,0,0.2661132216453552
CUS02241,2025-09-30,0,0.2661009132862091
CUS05474,2025-08-31,0,0.266091525554657
CUS07091,2025-07-31,1,0.26608285307884216
CUS04036,2025-08-31,1,0.26591965556144714
CUS00085,2025-08-31,0,0.26591232419013977
CUS02835,2025-08-31,0,0.2658875584602356
CUS00432,2025-09-30,0,0.2658325433731079
CUS01390,2025-08-31,0,0.26579153537750244
CUS07379,2025-09-30,0,0.2657761573791504
CUS07240,2025-09-30,0,0.26569318771362305
CUS02538,2025-08-31,0,0.2655278146266937
CUS05579,2025-08-31,0,0.2655111849308014
CUS01500,2025-08-31,0,0.2654910087585449
CUS01980,2025-08-31,0,0.26545098423957825
CUS02303,2025-09-30,0,0.26544415950775146
CUS07162,2025-09-30,0,0.265426367521286
CUS00960,2025-07-31,0,0.2654050886631012
CUS01225,2025-07-31,0,0.26536259055137634
CUS07320,2025-08-31,1,0.2653592526912689
CUS00352,2025-08-31,1,0.26535850763320923
CUS06866,2025-07-31,0,0.2653428614139557
CUS04655,2025-09-30,0,0.26530921459198
CUS01953,2025-08-31,0,0.2652864158153534
CUS05363,2025-07-31,0,0.26526951789855957
CUS05717,2025-09-30,0,0.2652658224105835
CUS07012,2025-09-30,0,0.26512882113456726
CUS05338,2025-08-31,0,0.2651180922985077
CUS02336,2025-07-31,0,0.2651112675666809
CUS01648,2025-07-31,0,0.2650368809700012
CUS00668,2025-07-31,0,0.26498937606811523
CUS05887,2025-07-31,0,0.26496726274490356
CUS01369,2025-08-31,0,0.2649671137332916
CUS05716,2025-09-30,0,0.2648791968822479
CUS04476,2025-09-30,1,0.2648746967315674
CUS06602,2025-09-30,0,0.26485148072242737
CUS06016,2025-07-31,0,0.2648429274559021
CUS02040,2025-08-31,0,0.2648252844810486
CUS03845,2025-08-31,0,0.26474058628082275
CUS06739,2025-08-31,0,0.2646843492984772
CUS03836,2025-09-30,0,0.26464414596557617
CUS04036,2025-07-31,0,0.2646000385284424
CUS05015,2025-09-30,0,0.26456931233406067
CUS00068,2025-09-30,0,0.26456400752067566
CUS03969,2025-09-30,0,0.264549195766449
CUS02927,2025-07-31,0,0.26452893018722534
CUS06599,2025-07-31,0,0.2644975185394287
CUS04631,2025-07-31,1,0.2644968628883362
CUS01255,2025-09-30,1,0.2644863426685333
CUS06319,2025-08-31,0,0.2644788920879364
CUS00049,2025-07-31,0,0.264455109834671
CUS05394,2025-08-31,0,0.2644208073616028
CUS04967,2025-08-31,0,0.2644151747226715
CUS03674,2025-08-31,0,0.26438871026039124
CUS03567,2025-08-31,1,0.2643868625164032
CUS00627,2025-09-30,1,0.2643430531024933
CUS07678,2025-07-31,1,0.2643200159072876
CUS07482,2025-09-30,0,0.2643192708492279
CUS06531,2025-07-31,0,0.264316588640213
CUS02932,2025-09-30,0,0.2642550468444824
CUS01021,2025-09-30,1,0.2642517387866974
CUS04617,2025-08-31,0,0.2641976773738861
CUS00861,2025-08-31,0,0.26419565081596375
CUS03137,2025-07-31,1,0.26418477296829224
CUS06402,2025-09-30,0,0.26415956020355225
CUS01433,2025-07-31,0,0.2641412913799286
CUS05674,2025-09-30,0,0.2641048729419708
CUS07864,2025-09-30,0,0.26405492424964905
CUS00287,2025-08-31,0,0.26404526829719543
CUS01304,2025-07-31,0,0.264011025428772
CUS03108,2025-08-31,1,0.2639673352241516
CUS00725,2025-07-31,0,0.26396045088768005
CUS06670,2025-07-31,1,0.2639475464820862
CUS02080,2025-07-31,1,0.26393601298332214
CUS06394,2025-07-31,1,0.26387864351272583
CUS02776,2025-07-31,1,0.26383674144744873
CUS06384,2025-08-31,0,0.26376640796661377
CUS06612,2025-08-31,0,0.2637559175491333
CUS04986,2025-08-31,0,0.2637139856815338
CUS03523,2025-08-31,0,0.263683557510376
CUS00993,2025-09-30,0,0.2636229991912842
CUS03501,2025-08-31,0,0.2636181712150574
CUS03053,2025-07-31,0,0.2636127471923828
CUS06610,2025-08-31,1,0.26350724697113037
CUS06351,2025-08-31,0,0.26349785923957825
CUS02461,2025-09-30,1,0.2634314000606537
CUS06731,2025-07-31,1,0.2633856534957886
CUS03689,2025-08-31,0,0.26335737109184265
CUS05485,2025-08-31,0,0.26333990693092346
CUS00506,2025-08-31,0,0.2632574737071991
CUS01755,2025-07-31,0,0.2631928324699402
CUS04957,2025-09-30,0,0.26317018270492554
CUS05024,2025-09-30,0,0.26316362619400024
CUS02747,2025-07-31,1,0.2630971670150757
CUS02234,2025-07-31,0,0.2630656659603119
CUS02406,2025-07-31,1,0.26297852396965027
CUS00202,2025-09-30,0,0.2629658579826355
CUS00662,2025-08-31,0,0.26293766498565674
CUS05642,2025-09-30,0,0.26289868354797363
CUS05667,2025-07-31,1,0.2627808451652527
CUS06383,2025-08-31,0,0.26274603605270386
CUS06156,2025-08-31,1,0.2627315819263458
CUS00293,2025-09-30,0,0.2627306878566742
CUS00454,2025-08-31,0,0.2627003788948059
CUS06582,2025-07-31,0,0.2626801133155823
CUS01807,2025-09-30,0,0.2626490294933319
CUS07618,2025-09-30,0,0.2626398503780365
CUS07202,2025-09-30,0,0.2625693678855896
CUS01877,2025-07-31,0,0.2625105679035187
CUS03172,2025-07-31,0,0.2625043988227844
CUS01569,2025-09-30,0,0.2624938488006592
CUS00166,2025-08-31,1,0.2624934911727905
CUS05338,2025-09-30,0,0.2624778151512146
CUS05295,2025-07-31,0,0.2624680995941162
CUS05109,2025-09-30,1,0.2624293863773346
CUS06434,2025-09-30,0,0.2623506784439087
CUS00695,2025-09-30,1,0.26231715083122253
CUS00815,2025-09-30,1,0.26231515407562256
CUS05010,2025-08-31,0,0.2622027099132538
CUS06035,2025-09-30,0,0.26214584708213806
CUS05342,2025-07-31,0,0.26214200258255005
CUS01755,2025-08-31,0,0.2620767652988434
CUS03586,2025-09-30,0,0.262070894241333
CUS01709,2025-08-31,0,0.2620662450790405
CUS02194,2025-08-31,0,0.26192358136177063
CUS07994,2025-09-30,1,0.2619154155254364
CUS04095,2025-09-30,0,0.2618916630744934
CUS00408,2025-09-30,1,0.26184573769569397
CUS04487,2025-09-30,0,0.26184144616127014
CUS04328,2025-08-31,0,0.26183828711509705
CUS06320,2025-09-30,1,0.2617877125740051
CUS02255,2025-08-31,1,0.26177772879600525
CUS03660,2025-07-31,0,0.26175805926322937
CUS00720,2025-07-31,0,0.2617567181587219
CUS01387,2025-08-31,0,0.26174381375312805
CUS00824,2025-08-31,0,0.2617168426513672
CUS01777,2025-07-31,1,0.2616107761859894
CUS07691,2025-09-30,0,0.26158881187438965
CUS03404,2025-08-31,0,0.2615829408168793
CUS03810,2025-09-30,0,0.2615726888179779
CUS00171,2025-09-30,1,0.2615397870540619
CUS01109,2025-09-30,0,0.2614944577217102
CUS05788,2025-09-30,0,0.26146644353866577
CUS03043,2025-09-30,0,0.2614465653896332
CUS03584,2025-08-31,0,0.26144251227378845
CUS03550,2025-07-31,0,0.2614379823207855
CUS04146,2025-07-31,0,0.2614377439022064
CUS01188,2025-08-31,0,0.26137909293174744
CUS00270,2025-07-31,0,0.2613588571548462
CUS01796,2025-09-30,1,0.261334091424942
CUS01924,2025-07-31,0,0.2612374424934387
CUS04864,2025-08-31,0,0.2610912024974823
CUS01855,2025-09-30,0,0.26101741194725037
CUS02496,2025-09-30,0,0.2610046863555908
CUS00442,2025-08-31,0,0.2609878182411194
CUS02169,2025-08-31,0,0.26098117232322693
CUS05574,2025-09-30,0,0.26094672083854675
CUS00019,2025-09-30,0,0.26093563437461853
CUS00543,2025-07-31,0,0.2608978748321533
CUS00506,2025-07-31,0,0.2608484923839569
CUS01676,2025-08-31,1,0.26083803176879883
CUS07052,2025-09-30,0,0.26077306270599365
CUS01994,2025-09-30,0,0.2607727348804474
CUS07786,2025-09-30,0,0.26076945662498474
CUS05497,2025-08-31,0,0.26076221466064453
CUS03706,2025-07-31,0,0.2607614994049072
CUS07162,2025-08-31,0,0.2607397139072418
CUS03838,2025-08-31,0,0.26068878173828125
CUS00914,2025-09-30,0,0.2606663405895233
CUS07924,2025-09-30,1,0.2606242001056671
CUS01351,2025-09-30,0,0.2606024444103241
CUS01192,2025-08-31,0,0.2605859935283661
CUS06383,2025-07-31,0,0.2605525553226471
CUS04336,2025-08-31,1,0.26051855087280273
CUS04510,2025-09-30,0,0.2605108618736267
CUS02776,2025-08-31,1,0.26050740480422974
CUS01624,2025-07-31,1,0.2604977786540985
CUS07985,2025-09-30,0,0.2604951560497284
CUS02843,2025-08-31,0,0.2604776620864868
CUS06531,2025-08-31,0,0.2604665458202362
CUS07659,2025-07-31,1,0.26045969128608704
CUS00969,2025-08-31,0,0.2604525089263916
CUS00515,2025-08-31,1,0.2604316174983978
CUS07012,2025-08-31,0,0.2604314386844635
CUS04991,2025-09-30,0,0.26036396622657776
CUS02903,2025-09-30,0,0.26027724146842957
CUS07878,2025-08-31,0,0.2602435052394867
CUS06759,2025-09-30,0,0.2601793706417084
CUS03026,2025-08-31,0,0.26011350750923157
CUS03611,2025-09-30,0,0.26009565591812134
CUS01003,2025-09-30,0,0.2600695490837097
CUS02253,2025-08-31,0,0.26006463170051575
CUS07364,2025-08-31,0,0.2600260078907013
CUS02070,2025-09-30,0,0.2599644362926483
CUS01276,2025-08-31,0,0.25994858145713806
CUS02093,2025-07-31,1,0.25992241501808167
CUS06658,2025-08-31,1,0.2599047124385834
CUS06549,2025-08-31,0,0.2598928213119507
CUS07712,2025-07-31,1,0.2598787248134613
CUS06965,2025-08-31,1,0.25984901189804077
CUS03712,2025-09-30,0,0.2598297595977783
CUS05979,2025-08-31,0,0.2597728371620178
CUS06276,2025-08-31,0,0.25974780321121216
CUS01709,2025-07-31,0,0.25970715284347534
CUS06419,2025-08-31,0,0.25970301032066345
CUS07903,2025-07-31,1,0.2596645951271057
CUS00837,2025-08-31,0,0.25963056087493896
CUS04037,2025-08-31,0,0.2596295177936554
CUS03586,2025-08-31,0,0.25961190462112427
CUS07154,2025-08-31,0,0.2595832943916321
CUS03459,2025-09-30,1,0.2595656216144562
CUS02432,2025-08-31,0,0.2595176696777344
CUS00903,2025-09-30,0,0.25945618748664856
CUS01495,2025-08-31,0,0.2593825161457062
CUS03765,2025-07-31,0,0.25938093662261963
CUS06551,2025-08-31,0,0.2593555748462677
CUS04566,2025-08-31,0,0.2593464255332947
CUS02538,2025-09-30,0,0.25932878255844116
CUS06288,2025-09-30,0,0.25924772024154663
CUS04816,2025-09-30,0,0.25922951102256775
CUS02015,2025-08-31,0,0.2592204213142395
CUS04174,2025-07-31,1,0.25917619466781616
CUS05879,2025-07-31,1,0.2591659426689148
CUS00665,2025-08-31,1,0.25915026664733887
CUS00955,2025-07-31,0,0.25907737016677856
CUS04083,2025-07-31,0,0.2590200901031494
CUS00843,2025-09-30,0,0.2590199112892151
CUS05286,2025-09-30,0,0.25893092155456543
CUS04000,2025-09-30,0,0.25886210799217224
CUS02899,2025-09-30,0,0.2588514983654022
CUS04926,2025-07-31,0,0.2588404715061188
CUS01980,2025-07-31,0,0.2587599456310272
CUS01751,2025-09-30,1,0.2587047815322876
CUS03531,2025-09-30,0,0.25865212082862854
CUS06234,2025-07-31,1,0.25861281156539917
CUS01312,2025-09-30,1,0.2585199177265167
CUS03540,2025-08-31,0,0.25846508145332336
CUS01119,2025-07-31,0,0.2584474980831146
CUS07052,2025-08-31,0,0.2583886981010437
CUS04310,2025-07-31,1,0.25836607813835144
CUS06420,2025-09-30,0,0.2583545744419098
CUS04971,2025-09-30,0,0.25832387804985046
CUS02739,2025-09-30,1,0.25832033157348633
CUS00545,2025-08-31,1,0.2582150995731354
CUS07872,2025-09-30,0,0.25820690393447876
CUS02266,2025-07-31,0,0.2581685185432434
CUS07548,2025-07-31,1,0.2581149637699127
CUS07323,2025-07-31,0,0.2579047679901123
CUS01134,2025-08-31,1,0.25789377093315125
CUS03694,2025-07-31,0,0.2578284442424774
CUS00160,2025-09-30,1,0.2578200399875641
CUS04796,2025-09-30,0,0.25778645277023315
CUS05755,2025-09-30,0,0.2576921880245209
CUS00399,2025-08-31,0,0.2576175332069397
CUS02971,2025-07-31,0,0.2576022446155548
CUS00783,2025-08-31,1,0.2575632929801941
CUS06568,2025-08-31,0,0.257556289434433
CUS07916,2025-07-31,1,0.25754469633102417
CUS01473,2025-09-30,0,0.25745972990989685
CUS06616,2025-08-31,1,0.25739794969558716
CUS06495,2025-08-31,0,0.2573903799057007
CUS00714,2025-07-31,0,0.2572747766971588
CUS04404,2025-08-31,0,0.25720179080963135
CUS05087,2025-07-31,1,0.2571863830089569
CUS06443,2025-08-31,0,0.2571820914745331
CUS06549,2025-09-30,0,0.2571719288825989
CUS03025,2025-07-31,0,0.25714489817619324
CUS00173,2025-08-31,0,0.2570626437664032
CUS05206,2025-07-31,0,0.25702282786369324
CUS07256,2025-07-31,0,0.25701797008514404
CUS04700,2025-09-30,0,0.25699707865715027
CUS05792,2025-07-31,0,0.25687167048454285
CUS02585,2025-09-30,0,0.2568511962890625
CUS01703,2025-09-30,0,0.25680240988731384
CUS00481,2025-07-31,0,0.256784588098526
CUS07032,2025-07-31,1,0.25671693682670593
CUS07832,2025-08-31,1,0.2566896080970764
CUS02451,2025-08-31,0,0.25665736198425293
CUS01268,2025-07-31,1,0.25663289427757263
CUS01461,2025-07-31,0,0.25659826397895813
CUS02183,2025-09-30,0,0.2565343379974365
CUS03767,2025-08-31,1,0.2564527690410614
CUS07400,2025-08-31,0,0.25643256306648254
CUS07936,2025-09-30,0,0.25641360878944397
CUS05783,2025-09-30,0,0.2563622295856476
CUS03120,2025-07-31,0,0.2563214600086212
CUS00213,2025-07-31,0,0.2562895119190216
CUS06239,2025-08-31,0,0.2562389671802521
CUS05962,2025-09-30,0,0.25604936480522156
CUS04863,2025-09-30,0,0.25602632761001587
CUS07404,2025-08-31,0,0.25601714849472046
CUS07633,2025-08-31,0,0.2559926211833954
CUS03184,2025-08-31,0,0.2559477686882019
CUS01483,2025-09-30,0,0.2559164762496948
CUS01751,2025-07-31,0,0.2558977007865906
CUS06869,2025-09-30,0,0.25589650869369507
CUS02767,2025-08-31,0,0.25584790110588074
CUS00009,2025-09-30,0,0.25579074025154114
CUS04126,2025-09-30,0,0.25577133893966675
CUS00560,2025-09-30,0,0.255683034658432
CUS04831,2025-07-31,0,0.2556118965148926
CUS05490,2025-07-31,0,0.25553977489471436
CUS02783,2025-09-30,0,0.2555309534072876
CUS07401,2025-09-30,0,0.25551390647888184
CUS00934,2025-07-31,0,0.25549420714378357
CUS06634,2025-09-30,0,0.2553614675998688
CUS07900,2025-08-31,1,0.25536027550697327
CUS02185,2025-09-30,1,0.2553471624851227
CUS05381,2025-09-30,0,0.25534430146217346
CUS01825,2025-09-30,0,0.25534215569496155
CUS03210,2025-07-31,0,0.2553349435329437
CUS06639,2025-07-31,1,0.25531911849975586
CUS07680,2025-09-30,0,0.25531214475631714
CUS04361,2025-08-31,0,0.2553083002567291
CUS05354,2025-07-31,0,0.25530117750167847
CUS02876,2025-07-31,1,0.25529465079307556
CUS00129,2025-08-31,0,0.25525733828544617
CUS04423,2025-08-31,1,0.2552529275417328
CUS00180,2025-09-30,1,0.2552146315574646
CUS02567,2025-07-31,0,0.255196213722229
CUS07256,2025-09-30,0,0.2551448941230774
CUS07031,2025-09-30,1,0.25509849190711975
CUS05863,2025-09-30,1,0.2550770044326782
CUS07253,2025-07-31,1,0.2550303637981415
CUS01436,2025-07-31,0,0.2549654543399811
CUS00085,2025-07-31,0,0.2549441456794739
CUS04173,2025-08-31,1,0.2549309730529785
CUS07306,2025-07-31,0,0.2549301087856293
CUS05415,2025-09-30,0,0.2549079656600952
CUS04000,2025-07-31,0,0.2548697292804718
CUS04543,2025-08-31,0,0.25476205348968506
CUS00588,2025-07-31,0,0.25472891330718994
CUS02106,2025-09-30,0,0.254690557718277
CUS00589,2025-08-31,0,0.254690021276474
CUS04118,2025-07-31,0,0.2546273171901703
CUS05143,2025-09-30,0,0.2544907331466675
CUS02903,2025-08-31,0,0.2544421851634979
CUS03611,2025-07-31,0,0.25443610548973083
CUS06965,2025-09-30,0,0.2544057369232178
CUS05637,2025-09-30,0,0.2543550133705139
CUS04328,2025-07-31,1,0.25433874130249023
CUS07979,2025-09-30,0,0.25431492924690247
CUS07528,2025-07-31,0,0.25426384806632996
CUS06494,2025-07-31,0,0.25425663590431213
CUS05281,2025-08-31,1,0.25422367453575134
CUS02554,2025-07-31,0,0.25416120886802673
CUS05751,2025-08-31,1,0.2541363835334778
CUS04326,2025-08-31,0,0.25400301814079285
CUS06059,2025-08-31,0,0.2539452016353607
CUS04289,2025-09-30,0,0.25390806794166565
CUS04684,2025-07-31,0,0.25385093688964844
CUS04964,2025-09-30,0,0.25372204184532166
CUS01709,2025-09-30,0,0.25363650918006897
CUS03228,2025-09-30,0,0.25363051891326904
CUS01919,2025-08-31,0,0.2535932958126068
CUS04686,2025-08-31,0,0.2535690665245056
CUS03549,2025-08-31,0,0.2535688281059265
CUS00940,2025-08-31,0,0.25354549288749695
CUS00545,2025-09-30,1,0.2535208463668823
CUS04724,2025-07-31,0,0.25351694226264954
CUS07272,2025-09-30,0,0.2533998489379883
CUS07832,2025-07-31,0,0.2533665895462036
CUS04660,2025-08-31,0,0.25330132246017456
CUS01504,2025-07-31,0,0.25327715277671814
CUS06029,2025-09-30,0,0.25309550762176514
CUS04673,2025-09-30,0,0.2529955506324768
CUS00928,2025-08-31,0,0.2529760003089905
CUS00783,2025-09-30,0,0.2529476583003998
CUS04597,2025-09-30,0,0.2528536319732666
CUS00363,2025-07-31,0,0.25281384587287903
CUS01646,2025-09-30,0,0.25274741649627686
CUS00284,2025-08-31,0,0.25270870327949524
CUS05138,2025-07-31,0,0.25264981389045715
CUS00196,2025-09-30,0,0.2526196539402008
CUS04266,2025-09-30,0,0.2526109516620636
CUS00861,2025-09-30,0,0.2525768280029297
CUS06506,2025-07-31,0,0.2525385618209839
CUS07538,2025-09-30,0,0.2525234818458557
CUS04566,2025-07-31,0,0.25251030921936035
CUS02481,2025-07-31,0,0.25245314836502075
CUS03627,2025-07-31,0,0.2524069845676422
CUS05497,2025-07-31,0,0.2523512542247772
CUS04437,2025-07-31,0,0.25229406356811523
CUS02917,2025-09-30,0,0.2521284818649292
CUS04339,2025-07-31,0,0.25202158093452454
CUS00134,2025-07-31,1,0.2520145773887634
CUS00969,2025-09-30,0,0.2519986033439636
CUS01158,2025-08-31,0,0.2519775629043579
CUS05504,2025-07-31,1,0.2519451081752777
CUS00401,2025-09-30,0,0.25184500217437744
CUS01374,2025-07-31,0,0.251831591129303
CUS04283,2025-09-30,0,0.25182509422302246
CUS00824,2025-07-31,1,0.25182098150253296
CUS03615,2025-07-31,0,0.25172969698905945
CUS03802,2025-09-30,0,0.2516424357891083
CUS00947,2025-08-31,0,0.251639723777771
CUS00627,2025-08-31,1,0.2516385614871979
CUS06040,2025-08-31,0,0.2515823245048523
CUS00644,2025-09-30,1,0.2514263391494751
CUS00069,2025-09-30,0,0.2514217793941498
CUS07638,2025-09-30,1,0.25140580534935
CUS00259,2025-08-31,0,0.2513463497161865
CUS04535,2025-08-31,0,0.2513081431388855
CUS01036,2025-09-30,0,0.251287043094635
CUS04427,2025-07-31,0,0.2512374520301819
CUS03748,2025-07-31,1,0.25120866298675537
CUS03906,2025-07-31,0,0.25111040472984314
CUS01852,2025-09-30,0,0.25107231736183167
CUS01895,2025-09-30,0,0.251029908657074
CUS05138,2025-09-30,0,0.25102218985557556
CUS04778,2025-09-30,1,0.2510145306587219
CUS06345,2025-09-30,0,0.2509818971157074
CUS07151,2025-08-31,0,0.2509765625
CUS00624,2025-07-31,0,0.2509654760360718
CUS06002,2025-07-31,0,0.25089403986930847
CUS06533,2025-08-31,0,0.25087395310401917
CUS01010,2025-08-31,0,0.2508738934993744
CUS03810,2025-08-31,0,0.25074610114097595
CUS01461,2025-08-31,0,0.250714510679245
CUS02993,2025-09-30,0,0.2506951689720154
CUS02899,2025-08-31,0,0.25064030289649963
CUS03838,2025-07-31,1,0.25060707330703735
CUS00601,2025-08-31,0,0.25052517652511597
CUS04479,2025-07-31,0,0.2504523694515228
CUS00763,2025-09-30,1,0.25045153498649597
CUS02212,2025-09-30,0,0.2504461705684662
CUS01887,2025-08-31,0,0.25039103627204895
CUS00260,2025-08-31,0,0.2503449320793152
CUS06783,2025-09-30,0,0.250171035528183
CUS06891,2025-08-31,0,0.25015562772750854
CUS06690,2025-09-30,0,0.2501017451286316
CUS02550,2025-09-30,0,0.25003358721733093
CUS02567,2025-08-31,0,0.2500261962413788
CUS04157,2025-09-30,0,0.2500186860561371
CUS03855,2025-09-30,0,0.2500079572200775
CUS06298,2025-07-31,0,0.24999743700027466
CUS02149,2025-07-31,0,0.24989740550518036
CUS06582,2025-08-31,0,0.24989275634288788
CUS05451,2025-09-30,0,0.24986423552036285
CUS00731,2025-09-30,0,0.24981947243213654
CUS07101,2025-07-31,1,0.24975597858428955
CUS07101,2025-08-31,0,0.24975323677062988
CUS00965,2025-09-30,0,0.24958589673042297
CUS06567,2025-09-30,1,0.24956148862838745
CUS04133,2025-07-31,0,0.24953265488147736
CUS07400,2025-07-31,0,0.2494833767414093
CUS03109,2025-09-30,0,0.2493782341480255
CUS02677,2025-09-30,1,0.24934211373329163
CUS04281,2025-07-31,0,0.2492733895778656
CUS07801,2025-08-31,0,0.24925345182418823
CUS07344,2025-07-31,1,0.24924655258655548
CUS06545,2025-08-31,0,0.2492232620716095
CUS00665,2025-07-31,1,0.2491944283246994
CUS01317,2025-07-31,0,0.24915854632854462
CUS05362,2025-08-31,0,0.24913950264453888
CUS06083,2025-08-31,0,0.24907903373241425
CUS07699,2025-07-31,0,0.24903634190559387
CUS02678,2025-09-30,0,0.24897922575473785
CUS01770,2025-07-31,1,0.24894411861896515
CUS03386,2025-09-30,1,0.24891947209835052
CUS04591,2025-09-30,1,0.2489069104194641
CUS04620,2025-08-31,0,0.24889512360095978
CUS06572,2025-09-30,0,0.24884137511253357
CUS02988,2025-08-31,0,0.24884061515331268
CUS07039,2025-08-31,1,0.24870061874389648
CUS00733,2025-08-31,0,0.24867483973503113
CUS01034,2025-09-30,1,0.2486283779144287
CUS07400,2025-09-30,0,0.24852578341960907
CUS06890,2025-07-31,0,0.24851205945014954
CUS00671,2025-07-31,1,0.24841609597206116
CUS04663,2025-07-31,0,0.24833030998706818
CUS05576,2025-09-30,0,0.24832402169704437
CUS07170,2025-07-31,0,0.24829429388046265
CUS07764,2025-09-30,0,0.24819830060005188
CUS07695,2025-09-30,0,0.24819301068782806
CUS04419,2025-07-31,0,0.24817512929439545
CUS04531,2025-07-31,0,0.2481488436460495
CUS07218,2025-09-30,0,0.2481239140033722
CUS00672,2025-07-31,0,0.2480853796005249
CUS03272,2025-07-31,0,0.24782946705818176
CUS02567,2025-09-30,0,0.24780453741550446
CUS05920,2025-08-31,0,0.24780216813087463
CUS07916,2025-08-31,1,0.24775050580501556
CUS02169,2025-09-30,0,0.24757051467895508
CUS00964,2025-08-31,0,0.24747124314308167
CUS06777,2025-07-31,0,0.24727585911750793
CUS04703,2025-07-31,0,0.24715226888656616
CUS05110,2025-07-31,0,0.24712181091308594
CUS02965,2025-08-31,0,0.2470657080411911
CUS03366,2025-07-31,0,0.24700473248958588
CUS03893,2025-07-31,0,0.24694110453128815
CUS04419,2025-08-31,0,0.2469157725572586
CUS05161,2025-07-31,0,0.2468833029270172
CUS04933,2025-07-31,0,0.24684768915176392
CUS02161,2025-08-31,0,0.24677735567092896
CUS03969,2025-08-31,0,0.24675124883651733
CUS06487,2025-09-30,0,0.2466460019350052
CUS05658,2025-08-31,0,0.24659046530723572
CUS01240,2025-09-30,0,0.24656404554843903
CUS01075,2025-08-31,0,0.24654793739318848
CUS01335,2025-09-30,0,0.24652840197086334
CUS04620,2025-07-31,0,0.246525377035141
CUS04950,2025-07-31,1,0.2465028464794159
CUS04307,2025-07-31,0,0.2464466392993927
CUS01438,2025-08-31,0,0.24643740057945251
CUS07518,2025-09-30,0,0.24641698598861694
CUS04329,2025-08-31,1,0.24639950692653656
CUS06236,2025-08-31,0,0.246317520737648
CUS06581,2025-09-30,0,0.24619464576244354
CUS04673,2025-08-31,0,0.24616464972496033
CUS03674,2025-07-31,0,0.24612171947956085
CUS03909,2025-07-31,0,0.24611414968967438
CUS04263,2025-08-31,0,0.2460470199584961
CUS00063,2025-07-31,1,0.24593737721443176
CUS05770,2025-08-31,1,0.24593105912208557
CUS02089,2025-09-30,1,0.2459213137626648
CUS02777,2025-08-31,0,0.24580371379852295
CUS05465,2025-08-31,0,0.24578820168972015
CUS02408,2025-08-31,0,0.24577991664409637
CUS03272,2025-08-31,0,0.2457444816827774
CUS07075,2025-09-30,0,0.2457301765680313
CUS05294,2025-09-30,1,0.2457142025232315
CUS03185,2025-07-31,0,0.2456871122121811
CUS06697,2025-07-31,0,0.24563580751419067
CUS04871,2025-08-31,0,0.2456238567829132
CUS06397,2025-09-30,0,0.2455827295780182
CUS06455,2025-08-31,0,0.24556033313274384
CUS03972,2025-07-31,0,0.24553456902503967
CUS05301,2025-08-31,0,0.24545001983642578
CUS02965,2025-09-30,1,0.24543678760528564
CUS06540,2025-08-31,0,0.24540837109088898
CUS01807,2025-08-31,0,0.2454041838645935
CUS07033,2025-08-31,0,0.24540013074874878
CUS01565,2025-09-30,0,0.24524490535259247
CUS06506,2025-08-31,0,0.24509760737419128
CUS01648,2025-08-31,0,0.24508658051490784
CUS04406,2025-09-30,1,0.2450331449508667
CUS05389,2025-09-30,0,0.24496270716190338
CUS05574,2025-08-31,0,0.24486906826496124
CUS01751,2025-08-31,1,0.2447684109210968
CUS01330,2025-09-30,0,0.24465884268283844
CUS05788,2025-08-31,0,0.2446315586566925
CUS03636,2025-09-30,0,0.2445933222770691
CUS05232,2025-08-31,1,0.24458564817905426
CUS02619,2025-09-30,0,0.24456340074539185
CUS03874,2025-07-31,0,0.24455271661281586
CUS06345,2025-08-31,0,0.2445516586303711
CUS02585,2025-07-31,0,0.244501531124115
CUS06487,2025-08-31,0,0.24447910487651825
CUS05687,2025-08-31,0,0.24445118010044098
CUS02445,2025-07-31,0,0.24429883062839508
CUS03404,2025-09-30,1,0.24428695440292358
CUS01007,2025-08-31,0,0.24427305161952972
CUS02575,2025-09-30,0,0.24424336850643158
CUS03028,2025-07-31,0,0.24416662752628326
CUS02471,2025-07-31,0,0.24414819478988647
CUS04765,2025-07-31,0,0.24410182237625122
CUS00020,2025-09-30,1,0.24408699572086334
CUS07202,2025-07-31,0,0.24406233429908752
CUS00771,2025-09-30,0,0.24405255913734436
CUS05018,2025-07-31,1,0.2440234273672104
CUS02557,2025-08-31,0,0.24401582777500153
CUS06540,2025-07-31,0,0.2440071851015091
CUS04201,2025-07-31,0,0.243871808052063
CUS07982,2025-08-31,0,0.24386925995349884
CUS04750,2025-07-31,0,0.24383169412612915
CUS01887,2025-07-31,1,0.24373601377010345
CUS02882,2025-09-30,0,0.243709534406662
CUS07064,2025-08-31,0,0.24363453686237335
CUS02731,2025-08-31,0,0.24363243579864502
CUS04746,2025-09-30,0,0.2435758411884308
CUS06116,2025-09-30,0,0.24354413151741028
CUS02161,2025-09-30,0,0.2435384839773178
CUS06472,2025-07-31,1,0.24350513517856598
CUS00424,2025-09-30,0,0.24349841475486755
CUS03957,2025-08-31,1,0.24345527589321136
CUS06572,2025-08-31,0,0.24325895309448242
CUS05770,2025-09-30,1,0.24324430525302887
CUS02575,2025-07-31,0,0.24319763481616974
CUS06688,2025-08-31,0,0.2431970089673996
CUS05580,2025-08-31,0,0.2431538701057434
CUS06859,2025-09-30,0,0.24295994639396667
CUS06652,2025-07-31,1,0.24282002449035645
CUS01500,2025-09-30,0,0.24279798567295074
CUS06945,2025-09-30,0,0.2427874654531479
CUS00399,2025-09-30,1,0.2427465170621872
CUS02000,2025-07-31,0,0.24265863001346588
CUS03252,2025-07-31,0,0.24259193241596222
CUS04674,2025-07-31,0,0.24247968196868896
CUS04419,2025-09-30,0,0.24237582087516785
CUS00729,2025-08-31,0,0.242338627576828
CUS02337,2025-08-31,0,0.24219326674938202
CUS04673,2025-07-31,0,0.24214570224285126
CUS07568,2025-07-31,0,0.24213756620883942
CUS06560,2025-09-30,0,0.24213118851184845
CUS03228,2025-08-31,1,0.24212844669818878
CUS00228,2025-08-31,0,0.24209468066692352
CUS03420,2025-07-31,0,0.24204109609127045
CUS04263,2025-07-31,0,0.24197570979595184
CUS05039,2025-07-31,0,0.2419622838497162
CUS02709,2025-09-30,1,0.2419387251138687
CUS07633,2025-07-31,0,0.2419002801179886
CUS05979,2025-07-31,0,0.2417830228805542
CUS00482,2025-08-31,0,0.2417282611131668
CUS07137,2025-07-31,0,0.2416709065437317
CUS02963,2025-07-31,0,0.24164283275604248
CUS05858,2025-08-31,0,0.2416236251592636
CUS03367,2025-08-31,0,0.24156685173511505
CUS00360,2025-07-31,1,0.24154141545295715
CUS05589,2025-08-31,0,0.24142827093601227
CUS01399,2025-08-31,0,0.24127040803432465
CUS03790,2025-09-30,0,0.2412075400352478
CUS04044,2025-09-30,1,0.24120038747787476
CUS00854,2025-09-30,1,0.24116267263889313
CUS03633,2025-09-30,1,0.24115678668022156
CUS07513,2025-08-31,0,0.24113698303699493
CUS00079,2025-07-31,0,0.24112363159656525
CUS05658,2025-07-31,0,0.24103732407093048
CUS02451,2025-07-31,0,0.24097990989685059
CUS00903,2025-08-31,0,0.2409425675868988
CUS07582,2025-09-30,0,0.2409149408340454
CUS01201,2025-08-31,0,0.24075059592723846
CUS06545,2025-07-31,0,0.24071915447711945
CUS01928,2025-09-30,0,0.24070951342582703
CUS01759,2025-09-30,0,0.24056997895240784
CUS05975,2025-07-31,1,0.24051187932491302
CUS01212,2025-08-31,0,0.24050059914588928
CUS03468,2025-08-31,1,0.2403496354818344
CUS06871,2025-09-30,1,0.24033646285533905
CUS07152,2025-09-30,0,0.24030382931232452
CUS04570,2025-07-31,1,0.24029596149921417
CUS07552,2025-07-31,0,0.24022968113422394
CUS01573,2025-09-30,0,0.24021781980991364
CUS06688,2025-07-31,0,0.24020147323608398
CUS05646,2025-07-31,0,0.24019624292850494
CUS04308,2025-09-30,0,0.24006493389606476
CUS02343,2025-09-30,0,0.24001310765743256
CUS05480,2025-08-31,0,0.23999254405498505
CUS00545,2025-07-31,0,0.23997586965560913
CUS03425,2025-07-31,1,0.23992963135242462
CUS05444,2025-08-31,1,0.2398396134376526
CUS06457,2025-08-31,0,0.23969517648220062
CUS01938,2025-08-31,0,0.2396875023841858
CUS05294,2025-08-31,1,0.23960013687610626
CUS02525,2025-07-31,0,0.23958410322666168
CUS06082,2025-07-31,0,0.23958131670951843
CUS02236,2025-08-31,0,0.2395612746477127
CUS01158,2025-09-30,0,0.23948435485363007
CUS03305,2025-07-31,1,0.23946061730384827
CUS00482,2025-07-31,0,0.23945924639701843
CUS07435,2025-07-31,0,0.23945339024066925
CUS02821,2025-08-31,0,0.23943111300468445
CUS00733,2025-07-31,0,0.23940490186214447
CUS06861,2025-08-31,0,0.2392502874135971
CUS06394,2025-08-31,1,0.2391723394393921
CUS00668,2025-08-31,0,0.23913638293743134
CUS03463,2025-07-31,0,0.2390698939561844
CUS06610,2025-09-30,0,0.23901887238025665
CUS04157,2025-08-31,0,0.23900318145751953
CUS02111,2025-08-31,0,0.23894494771957397
CUS04364,2025-07-31,1,0.23881064355373383
CUS05648,2025-08-31,0,0.23880822956562042
CUS00213,2025-09-30,0,0.23877394199371338
CUS00173,2025-09-30,0,0.2387707382440567
CUS06319,2025-07-31,0,0.23874050378799438
CUS03464,2025-08-31,0,0.23872947692871094
CUS06679,2025-08-31,1,0.23868665099143982
CUS02288,2025-07-31,0,0.2386586219072342
CUS04282,2025-09-30,1,0.2385319620370865
CUS03468,2025-07-31,1,0.23850934207439423
CUS03599,2025-08-31,0,0.23850201070308685
CUS01994,2025-07-31,0,0.23843102157115936
CUS06877,2025-07-31,0,0.23820428550243378
CUS04516,2025-07-31,0,0.23817193508148193
CUS01512,2025-09-30,1,0.23802872002124786
CUS06040,2025-09-30,0,0.23798868060112
CUS02451,2025-09-30,0,0.23787984251976013
CUS07036,2025-07-31,0,0.2378593385219574
CUS00771,2025-08-31,0,0.23781153559684753
CUS07568,2025-08-31,0,0.2375204861164093
CUS03420,2025-08-31,0,0.23749546706676483
CUS03932,2025-08-31,0,0.23729684948921204
CUS05342,2025-09-30,0,0.23726880550384521
CUS07975,2025-07-31,0,0.23726271092891693
CUS07349,2025-09-30,1,0.23726138472557068
CUS07685,2025-08-31,0,0.23720572888851166
CUS02259,2025-07-31,1,0.23703794181346893
CUS04816,2025-08-31,0,0.2370280921459198
CUS00905,2025-09-30,0,0.23699937760829926
CUS05018,2025-08-31,0,0.23698590695858002
CUS05541,2025-08-31,0,0.23696796596050262
CUS01292,2025-09-30,0,0.23689042031764984
CUS05886,2025-09-30,0,0.23688040673732758
CUS03712,2025-07-31,0,0.2368658035993576
CUS06823,2025-08-31,0,0.23644296824932098
CUS07554,2025-08-31,0,0.23637190461158752
CUS07579,2025-08-31,0,0.2363671064376831
CUS05118,2025-09-30,0,0.23633429408073425
CUS05206,2025-08-31,1,0.23625409603118896
CUS06324,2025-08-31,1,0.2360958456993103
CUS06760,2025-07-31,0,0.23580555617809296
CUS03596,2025-07-31,1,0.2357243150472641
CUS06132,2025-09-30,0,0.2356727570295334
CUS07433,2025-07-31,0,0.2356613427400589
CUS07533,2025-09-30,0,0.23562057316303253
CUS07636,2025-08-31,0,0.23558835685253143
CUS06958,2025-09-30,0,0.23556941747665405
CUS04142,2025-09-30,0,0.2355060875415802
CUS07476,2025-08-31,0,0.23547208309173584
CUS01400,2025-08-31,0,0.2353161871433258
CUS04554,2025-08-31,0,0.23530586063861847
CUS05720,2025-08-31,0,0.23522642254829407
CUS00588,2025-08-31,0,0.2352106273174286
CUS06300,2025-09-30,0,0.23490650951862335
CUS05520,2025-07-31,1,0.23480087518692017
CUS01619,2025-09-30,1,0.234684556722641
CUS07855,2025-09-30,0,0.23459088802337646
CUS03359,2025-08-31,1,0.23453998565673828
CUS00621,2025-07-31,0,0.23434382677078247
CUS05720,2025-07-31,0,0.23430235683918
CUS03401,2025-08-31,0,0.23429365456104279
CUS04310,2025-08-31,0,0.23424814641475677
CUS02265,2025-08-31,1,0.2341492921113968
CUS04573,2025-09-30,0,0.23414063453674316
CUS04543,2025-09-30,0,0.23411953449249268
CUS03731,2025-08-31,0,0.23406869173049927
CUS02777,2025-09-30,0,0.23404225707054138
CUS03624,2025-08-31,0,0.23401984572410583
CUS07869,2025-07-31,0,0.23399926722049713
CUS01788,2025-08-31,0,0.23391439020633698
CUS06484,2025-09-30,0,0.23383554816246033
CUS02185,2025-08-31,0,0.2337435483932495
CUS02753,2025-09-30,1,0.23374128341674805
CUS00621,2025-08-31,0,0.23367439210414886
CUS06398,2025-08-31,0,0.23365142941474915
CUS07569,2025-08-31,0,0.23354898393154144
CUS00588,2025-09-30,0,0.23339979350566864
CUS01201,2025-07-31,0,0.23336388170719147
CUS03626,2025-09-30,1,0.23329585790634155
CUS04012,2025-09-30,0,0.23323506116867065
CUS05416,2025-07-31,0,0.2332296520471573
CUS02432,2025-07-31,0,0.23318524658679962
CUS02100,2025-07-31,0,0.23305262625217438
CUS06568,2025-07-31,0,0.2329389899969101
CUS01064,2025-07-31,0,0.2327788919210434
CUS06608,2025-09-30,0,0.23273210227489471
CUS00457,2025-09-30,1,0.23272794485092163
CUS04530,2025-09-30,0,0.23272353410720825
CUS00596,2025-08-31,0,0.23272015154361725
CUS07006,2025-07-31,0,0.23271526396274567
CUS00687,2025-08-31,0,0.23265260457992554
CUS06201,2025-08-31,0,0.2326299250125885
CUS07790,2025-09-30,0,0.23259983956813812
CUS05664,2025-08-31,0,0.23257550597190857
CUS05835,2025-07-31,0,0.23245733976364136
CUS00024,2025-09-30,0,0.23244871199131012
CUS00020,2025-08-31,1,0.23241014778614044
CUS06050,2025-09-30,1,0.2323254942893982
CUS04428,2025-09-30,0,0.2322908490896225
CUS00256,2025-08-31,1,0.2322137951850891
CUS02111,2025-09-30,0,0.23218972980976105
CUS03779,2025-09-30,0,0.23218217492103577
CUS06567,2025-07-31,0,0.23215754330158234
CUS00483,2025-07-31,0,0.23214654624462128
CUS07757,2025-07-31,1,0.2320949286222458
CUS07188,2025-09-30,0,0.23206423223018646
CUS06910,2025-08-31,0,0.23205171525478363
CUS00213,2025-08-31,0,0.23202326893806458
CUS04921,2025-09-30,0,0.23196841776371002
CUS00759,2025-08-31,1,0.23194019496440887
CUS06823,2025-09-30,0,0.23192350566387177
CUS03519,2025-07-31,1,0.23192304372787476
CUS04364,2025-08-31,0,0.23190996050834656
CUS01317,2025-08-31,0,0.23186549544334412
CUS06692,2025-07-31,0,0.23181366920471191
CUS02934,2025-09-30,0,0.23175060749053955
CUS06214,2025-08-31,0,0.23155434429645538
CUS06582,2025-09-30,0,0.23155152797698975
CUS02843,2025-09-30,0,0.23153278231620789
CUS03117,2025-09-30,0,0.23141621053218842
CUS02599,2025-08-31,0,0.23128002882003784
CUS00538,2025-09-30,0,0.23120036721229553
CUS05320,2025-07-31,0,0.23110300302505493
CUS02266,2025-09-30,0,0.23108120262622833
CUS03686,2025-08-31,0,0.23106525838375092
CUS02809,2025-07-31,0,0.23102021217346191
CUS07886,2025-07-31,1,0.2309580296278
CUS02487,2025-08-31,0,0.2309577763080597
CUS05391,2025-07-31,1,0.2308851033449173
CUS01121,2025-09-30,1,0.23084980249404907
CUS05137,2025-07-31,0,0.23084191977977753
CUS01389,2025-07-31,0,0.23075076937675476
CUS03599,2025-09-30,0,0.2307339608669281
CUS04612,2025-09-30,0,0.2307087779045105
CUS07618,2025-07-31,0,0.23064838349819183
CUS00729,2025-07-31,0,0.23063646256923676
CUS07028,2025-09-30,0,0.23061586916446686
CUS01480,2025-07-31,1,0.2304951697587967
CUS05281,2025-07-31,1,0.23049013316631317
CUS07936,2025-07-31,0,0.23042364418506622
CUS07275,2025-08-31,0,0.2303907722234726
CUS00881,2025-08-31,0,0.23026038706302643
CUS01395,2025-09-30,0,0.23023338615894318
CUS04444,2025-08-31,0,0.22998027503490448
CUS05456,2025-08-31,0,0.22987689077854156
CUS05356,2025-07-31,0,0.22980624437332153
CUS05676,2025-07-31,0,0.22976641356945038
CUS07401,2025-08-31,0,0.2296503633260727
CUS04428,2025-08-31,1,0.22964870929718018
CUS03731,2025-09-30,0,0.22964076697826385
CUS06792,2025-08-31,0,0.22960661351680756
CUS04437,2025-08-31,0,0.22953185439109802
CUS04975,2025-09-30,0,0.2294866442680359
CUS00153,2025-08-31,0,0.22929778695106506
CUS00769,2025-08-31,0,0.22913779318332672
CUS04866,2025-08-31,0,0.22911600768566132
CUS03401,2025-09-30,0,0.22910429537296295
CUS06861,2025-07-31,0,0.2289925515651703
CUS07460,2025-07-31,0,0.2289537787437439
CUS00219,2025-09-30,0,0.2289009988307953
CUS01096,2025-07-31,0,0.2286611944437027
CUS01218,2025-09-30,0,0.22863177955150604
CUS03072,2025-07-31,0,0.22857168316841125
CUS01019,2025-09-30,0,0.22851566970348358
CUS00020,2025-07-31,0,0.2284921407699585
CUS02207,2025-07-31,1,0.22840794920921326
CUS00818,2025-09-30,0,0.22828887403011322
CUS00964,2025-09-30,0,0.22826571762561798
CUS01439,2025-07-31,0,0.2282014787197113
CUS06619,2025-07-31,0,0.22818583250045776
CUS04765,2025-09-30,1,0.22814637422561646
CUS06613,2025-09-30,0,0.2281304895877838
CUS03005,2025-09-30,0,0.22812286019325256
CUS00983,2025-09-30,0,0.22805988788604736
CUS03550,2025-08-31,0,0.22795690596103668
CUS00896,2025-09-30,0,0.22794991731643677
CUS04718,2025-09-30,1,0.22793444991111755
CUS01809,2025-07-31,1,0.22774893045425415
CUS01518,2025-07-31,0,0.22771766781806946
CUS01400,2025-09-30,0,0.22771428525447845
CUS03971,2025-09-30,0,0.22768338024616241
CUS03360,2025-07-31,0,0.22763748466968536
CUS06608,2025-08-31,0,0.22759117186069489
CUS02557,2025-07-31,1,0.22754745185375214
CUS03513,2025-08-31,0,0.22749577462673187
CUS03522,2025-09-30,0,0.22740037739276886
CUS00724,2025-09-30,0,0.22735728323459625
CUS04296,2025-07-31,1,0.22716452181339264
CUS03437,2025-09-30,0,0.22704194486141205
CUS01619,2025-08-31,1,0.22701594233512878
CUS05451,2025-07-31,0,0.22696076333522797
CUS05788,2025-07-31,0,0.22682875394821167
CUS04148,2025-09-30,1,0.22680720686912537
CUS06617,2025-09-30,0,0.22678469121456146
CUS07175,2025-08-31,0,0.2267293632030487
CUS01968,2025-07-31,0,0.22670535743236542
CUS02988,2025-07-31,0,0.22668549418449402
CUS05138,2025-08-31,0,0.22665533423423767
CUS00201,2025-08-31,0,0.22659003734588623
CUS07864,2025-07-31,0,0.22653183341026306
CUS04521,2025-09-30,1,0.22640211880207062
CUS05413,2025-07-31,0,0.22633600234985352
CUS05986,2025-09-30,0,0.22632144391536713
CUS05350,2025-09-30,0,0.2263062596321106
CUS04742,2025-09-30,0,0.22625479102134705
CUS00121,2025-09-30,0,0.2261187583208084
CUS05340,2025-07-31,0,0.22602947056293488
CUS03252,2025-08-31,0,0.22599735856056213
CUS06337,2025-09-30,0,0.22588197886943817
CUS03779,2025-08-31,0,0.22582466900348663
CUS00960,2025-09-30,0,0.22580626606941223
CUS06457,2025-09-30,0,0.22580479085445404
CUS03686,2025-07-31,0,0.22568771243095398
CUS00448,2025-08-31,0,0.22561661899089813
CUS02259,2025-08-31,1,0.22535206377506256
CUS02743,2025-07-31,0,0.22526296973228455
CUS07415,2025-09-30,0,0.22516193985939026
CUS03303,2025-09-30,0,0.22506451606750488
CUS00662,2025-09-30,0,0.22504951059818268
CUS01205,2025-07-31,0,0.2249515801668167
CUS02574,2025-09-30,1,0.22489604353904724
CUS00166,2025-07-31,1,0.22483019530773163
CUS04741,2025-07-31,0,0.22478193044662476
CUS00534,2025-09-30,1,0.22467385232448578
CUS07401,2025-07-31,0,0.22433693706989288
CUS06567,2025-08-31,1,0.22426123917102814
CUS05889,2025-09-30,0,0.22421002388000488
CUS04058,2025-09-30,0,0.2241869568824768
CUS00995,2025-08-31,1,0.22411414980888367
CUS02219,2025-09-30,0,0.22396090626716614
CUS02525,2025-08-31,0,0.2239389568567276
CUS01637,2025-07-31,1,0.22385215759277344
CUS01211,2025-09-30,0,0.2238505631685257
CUS07323,2025-08-31,1,0.22383449971675873
CUS00280,2025-09-30,0,0.2238093465566635
CUS00261,2025-09-30,0,0.22379393875598907
CUS06958,2025-08-31,0,0.22367502748966217
CUS02406,2025-08-31,0,0.22366967797279358
CUS06337,2025-08-31,0,0.22362865507602692
CUS03523,2025-09-30,0,0.22362054884433746
CUS07528,2025-08-31,0,0.22355929017066956
CUS00476,2025-08-31,1,0.22355540096759796
CUS06866,2025-09-30,0,0.22348295152187347
CUS05792,2025-09-30,1,0.22326606512069702
CUS06277,2025-09-30,0,0.22319453954696655
CUS01439,2025-08-31,0,0.22318029403686523
CUS07426,2025-07-31,0,0.22307687997817993
CUS07267,2025-07-31,0,0.22262650728225708
CUS07892,2025-07-31,0,0.22253887355327606
CUS06029,2025-08-31,0,0.22243686020374298
CUS01781,2025-07-31,0,0.22241725027561188
CUS02696,2025-07-31,0,0.22218374907970428
CUS03940,2025-08-31,1,0.22214797139167786
CUS04207,2025-09-30,1,0.22209039330482483
CUS05010,2025-07-31,0,0.22206176817417145
CUS02266,2025-08-31,0,0.22199136018753052
CUS02236,2025-09-30,0,0.22197958827018738
CUS05751,2025-07-31,1,0.22192110121250153
CUS07203,2025-08-31,0,0.22181400656700134
CUS04115,2025-09-30,1,0.22166530787944794
CUS02548,2025-09-30,0,0.22157900035381317
CUS04586,2025-07-31,0,0.22152961790561676
CUS00589,2025-07-31,0,0.22149670124053955
CUS01788,2025-09-30,0,0.22144286334514618
CUS07695,2025-08-31,0,0.22139325737953186
CUS00228,2025-07-31,0,0.2212250828742981
CUS05962,2025-07-31,0,0.2211567461490631
CUS02000,2025-08-31,0,0.22104746103286743
CUS02535,2025-09-30,0,0.22096902132034302
CUS00579,2025-09-30,1,0.2209537923336029
CUS07892,2025-08-31,0,0.22094202041625977
CUS05466,2025-09-30,0,0.22085341811180115
CUS07633,2025-09-30,0,0.22082927823066711
CUS01350,2025-08-31,0,0.22066889703273773
CUS07982,2025-09-30,0,0.22050489485263824
CUS03373,2025-09-30,0,0.2204444706439972
CUS03062,2025-09-30,1,0.22044171392917633
CUS01617,2025-09-30,1,0.2204267680644989
CUS03012,2025-09-30,1,0.2202610820531845
CUS07676,2025-07-31,0,0.2201537936925888
CUS07759,2025-07-31,1,0.22012606263160706
CUS07500,2025-09-30,0,0.22009186446666718
CUS01210,2025-09-30,0,0.22007519006729126
CUS02565,2025-09-30,0,0.2200145125389099
CUS02318,2025-09-30,0,0.21988768875598907
CUS04280,2025-09-30,1,0.2196243405342102
CUS00162,2025-08-31,0,0.2196064442396164
CUS07777,2025-08-31,0,0.21956151723861694
CUS02858,2025-08-31,0,0.21950310468673706
CUS04258,2025-08-31,1,0.21921853721141815
CUS00230,2025-09-30,0,0.21917547285556793
CUS02923,2025-09-30,0,0.219119593501091
CUS07186,2025-07-31,1,0.21905459463596344
CUS05687,2025-09-30,1,0.21896614134311676
CUS05286,2025-08-31,0,0.21883250772953033
CUS07840,2025-07-31,1,0.21880914270877838
CUS00720,2025-08-31,1,0.2187972515821457
CUS03711,2025-07-31,0,0.21875032782554626
CUS06569,2025-09-30,0,0.21866926550865173
CUS07175,2025-07-31,0,0.21853476762771606
CUS05895,2025-07-31,0,0.21848730742931366
CUS01485,2025-08-31,0,0.21837817132472992
CUS02327,2025-07-31,0,0.21818096935749054
CUS05288,2025-09-30,0,0.2181805670261383
CUS04142,2025-08-31,0,0.21816331148147583
CUS01553,2025-08-31,0,0.21815064549446106
CUS03801,2025-09-30,0,0.2181381732225418
CUS03836,2025-07-31,0,0.21793435513973236
CUS01212,2025-07-31,0,0.21788126230239868
CUS02374,2025-07-31,0,0.2177988737821579
CUS03347,2025-09-30,0,0.21779242157936096
CUS06277,2025-08-31,0,0.21749427914619446
CUS05618,2025-09-30,0,0.21735316514968872
CUS05962,2025-08-31,0,0.2172572910785675
CUS01400,2025-07-31,0,0.21717678010463715
CUS00786,2025-07-31,1,0.2170807123184204
CUS04258,2025-09-30,1,0.2170487493276596
CUS01251,2025-07-31,0,0.21702167391777039
CUS04064,2025-07-31,0,0.21691960096359253
CUS00201,2025-09-30,0,0.21687793731689453
CUS07203,2025-09-30,0,0.21687135100364685
CUS03813,2025-09-30,0,0.21679292619228363
CUS00401,2025-07-31,0,0.21671447157859802
CUS00644,2025-08-31,0,0.21664385497570038
CUS00573,2025-08-31,0,0.21659962832927704
CUS04986,2025-07-31,0,0.21650011837482452
CUS06152,2025-07-31,0,0.2164953351020813
CUS00820,2025-07-31,0,0.21648919582366943
CUS07840,2025-08-31,0,0.21637342870235443
CUS01218,2025-07-31,0,0.21631769835948944
CUS00882,2025-08-31,0,0.21631376445293427
CUS04367,2025-08-31,0,0.21610137820243835
CUS07440,2025-08-31,0,0.2160826325416565
CUS07461,2025-09-30,0,0.21604616940021515
CUS02327,2025-08-31,1,0.21593303978443146
CUS03066,2025-08-31,0,0.21579337120056152
CUS01370,2025-08-31,0,0.21566398441791534
CUS06734,2025-09-30,0,0.21558763086795807
CUS00081,2025-07-31,0,0.21551260352134705
CUS05451,2025-08-31,0,0.2154439389705658
CUS05175,2025-07-31,0,0.21513701975345612
CUS03825,2025-09-30,0,0.21507389843463898
CUS03008,2025-07-31,0,0.21489322185516357
CUS06983,2025-08-31,0,0.21485073864459991
CUS00574,2025-07-31,0,0.2148129642009735
CUS06456,2025-08-31,0,0.21475867927074432
CUS05720,2025-09-30,0,0.21466690301895142
CUS06859,2025-08-31,0,0.21456564962863922
CUS04659,2025-07-31,0,0.21442316472530365
CUS07272,2025-08-31,0,0.21437901258468628
CUS05986,2025-08-31,0,0.21437165141105652
CUS03117,2025-08-31,0,0.21418598294258118
CUS03361,2025-08-31,0,0.2138957530260086
CUS05761,2025-08-31,0,0.21385557949543
CUS03711,2025-08-31,0,0.21382589638233185
CUS03191,2025-08-31,0,0.21380646526813507
CUS00409,2025-07-31,0,0.21373826265335083
CUS05554,2025-09-30,0,0.21370258927345276
CUS00843,2025-08-31,0,0.21358077228069305
CUS03028,2025-09-30,0,0.21355979144573212
CUS02731,2025-07-31,0,0.2135496586561203
CUS06048,2025-09-30,0,0.2135419100522995
CUS05982,2025-08-31,0,0.21352650225162506
CUS00994,2025-07-31,1,0.2134741097688675
CUS01700,2025-09-30,0,0.21343998610973358
CUS01768,2025-07-31,1,0.21343190968036652
CUS05746,2025-07-31,1,0.21339698135852814
CUS04992,2025-08-31,0,0.2133730798959732
CUS04326,2025-07-31,1,0.2131217122077942
CUS07186,2025-08-31,1,0.21289478242397308
CUS00881,2025-09-30,0,0.21277879178524017
CUS04208,2025-09-30,0,0.2127058058977127
CUS07151,2025-07-31,0,0.21260496973991394
CUS00129,2025-07-31,0,0.21255281567573547
CUS04825,2025-07-31,0,0.21241271495819092
CUS03326,2025-09-30,0,0.21233752369880676
CUS03974,2025-07-31,0,0.21222153306007385
CUS02709,2025-08-31,0,0.2122146189212799
CUS06214,2025-09-30,0,0.21220143139362335
CUS02578,2025-08-31,0,0.21213197708129883
CUS04115,2025-07-31,0,0.21206161379814148
CUS01394,2025-08-31,0,0.21181924641132355
CUS05666,2025-09-30,0,0.21181698143482208
CUS03266,2025-09-30,0,0.21159987151622772
CUS07149,2025-08-31,0,0.21148307621479034
CUS05124,2025-08-31,0,0.21143539249897003
CUS03093,2025-08-31,0,0.21140746772289276
CUS07936,2025-08-31,0,0.21130715310573578
CUS00137,2025-08-31,0,0.2111840695142746
CUS01676,2025-07-31,1,0.21101759374141693
CUS07947,2025-07-31,0,0.2109929770231247
CUS04541,2025-07-31,0,0.21078570187091827
CUS06110,2025-07-31,0,0.2107187658548355
CUS07380,2025-08-31,0,0.2105383276939392
CUS06290,2025-09-30,0,0.2105361670255661
CUS02406,2025-09-30,0,0.21046480536460876
CUS03465,2025-08-31,0,0.21045668423175812
CUS00960,2025-08-31,0,0.210287943482399
CUS01394,2025-07-31,0,0.21028174459934235
CUS00656,2025-07-31,0,0.21020503342151642
CUS03732,2025-07-31,0,0.21015067398548126
CUS01367,2025-08-31,0,0.2100222259759903
CUS06006,2025-07-31,0,0.20995955169200897
CUS01094,2025-08-31,0,0.2097347527742386
CUS07306,2025-08-31,0,0.20971935987472534
CUS04072,2025-09-30,0,0.2097092717885971
CUS02263,2025-08-31,1,0.20967787504196167
CUS07446,2025-09-30,0,0.20962250232696533
CUS07152,2025-07-31,0,0.2095167189836502
CUS00534,2025-08-31,1,0.20947237312793732
CUS00128,2025-07-31,0,0.20930561423301697
CUS00406,2025-09-30,1,0.2092265784740448
CUS00486,2025-08-31,0,0.20908568799495697
CUS02040,2025-09-30,1,0.20901478826999664
CUS00589,2025-09-30,0,0.20872226357460022
CUS01389,2025-09-30,0,0.2086649090051651
CUS01040,2025-07-31,0,0.20857596397399902
CUS06201,2025-09-30,0,0.20853108167648315
CUS06255,2025-09-30,0,0.20845231413841248
CUS00873,2025-07-31,0,0.2083977460861206
CUS04518,2025-09-30,0,0.2083754688501358
CUS05342,2025-08-31,0,0.20835652947425842
CUS06420,2025-07-31,0,0.2083391547203064
CUS01247,2025-09-30,0,0.20827357470989227
CUS02395,2025-07-31,0,0.2080472707748413
CUS04282,2025-08-31,1,0.208022803068161
CUS07785,2025-07-31,0,0.20801109075546265
CUS05020,2025-08-31,0,0.20800615847110748
CUS04323,2025-07-31,0,0.2079685479402542
CUS04694,2025-09-30,0,0.2078961431980133
CUS02192,2025-07-31,0,0.20769938826560974
CUS04684,2025-08-31,1,0.20769791305065155
CUS02858,2025-09-30,0,0.20764705538749695
CUS06251,2025-08-31,1,0.20743075013160706
CUS03517,2025-07-31,0,0.20741476118564606
CUS04052,2025-07-31,0,0.20740754902362823
CUS07568,2025-09-30,0,0.20735418796539307
CUS03303,2025-08-31,0,0.20732764899730682
CUS00102,2025-09-30,0,0.2073037028312683
CUS05725,2025-07-31,0,0.20721134543418884
CUS04913,2025-08-31,0,0.20716945827007294
CUS06006,2025-08-31,0,0.20688432455062866
CUS01350,2025-09-30,0,0.20680074393749237
CUS02940,2025-09-30,0,0.20672465860843658
CUS01247,2025-08-31,0,0.20652712881565094
CUS02693,2025-09-30,0,0.20648027956485748
CUS00409,2025-09-30,0,0.20643176138401031
CUS03077,2025-07-31,0,0.20618759095668793
CUS06166,2025-09-30,1,0.20613235235214233
CUS02556,2025-09-30,0,0.20611493289470673
CUS06734,2025-08-31,0,0.2061113864183426
CUS03933,2025-09-30,1,0.2060503512620926
CUS05624,2025-07-31,0,0.20599544048309326
CUS07460,2025-08-31,0,0.2058694213628769
CUS06608,2025-07-31,0,0.20556138455867767
CUS00125,2025-07-31,0,0.2054251879453659
CUS06244,2025-08-31,0,0.20529137551784515
CUS07306,2025-09-30,0,0.20529012382030487
CUS00461,2025-09-30,0,0.20524218678474426
CUS01553,2025-09-30,0,0.20514768362045288
CUS07285,2025-08-31,1,0.2050720751285553
CUS03580,2025-07-31,1,0.2050485461950302
CUS00486,2025-09-30,0,0.2049434632062912
CUS03940,2025-07-31,1,0.20493513345718384
CUS02103,2025-09-30,0,0.20472542941570282
CUS00313,2025-08-31,1,0.2046041041612625
CUS03564,2025-07-31,0,0.20460349321365356
CUS04743,2025-07-31,0,0.20454607903957367
CUS00719,2025-09-30,1,0.20451569557189941
CUS03114,2025-07-31,1,0.2045019567012787
CUS00359,2025-07-31,0,0.20434413850307465
CUS00007,2025-09-30,0,0.20428504049777985
CUS03054,2025-07-31,0,0.20426540076732635
CUS05124,2025-09-30,0,0.20414112508296967
CUS07272,2025-07-31,0,0.2040284425020218
CUS05355,2025-09-30,1,0.20400866866111755
CUS05256,2025-08-31,1,0.20381401479244232
CUS06152,2025-08-31,0,0.20377546548843384
CUS07433,2025-08-31,0,0.20371589064598083
CUS06679,2025-09-30,0,0.20364250242710114
CUS00454,2025-09-30,0,0.20352499186992645
CUS01850,2025-07-31,0,0.20349062979221344
CUS00684,2025-09-30,0,0.20348158478736877
CUS00442,2025-09-30,0,0.20346511900424957
CUS06937,2025-08-31,0,0.20333613455295563
CUS00624,2025-09-30,0,0.2032812535762787
CUS01370,2025-09-30,0,0.2031468152999878
CUS02525,2025-09-30,0,0.20311923325061798
CUS02631,2025-09-30,0,0.2031184434890747
CUS00171,2025-07-31,0,0.20300880074501038
CUS00882,2025-09-30,0,0.2027530074119568
CUS04721,2025-09-30,0,0.20262520015239716
CUS03191,2025-09-30,0,0.20251747965812683
CUS07928,2025-07-31,1,0.2024921476840973
CUS05835,2025-08-31,0,0.20241089165210724
CUS01218,2025-08-31,0,0.20239365100860596
CUS06223,2025-07-31,1,0.20236736536026
CUS05490,2025-08-31,0,0.2023671269416809
CUS06814,2025-08-31,0,0.20235392451286316
CUS00719,2025-08-31,0,0.2023003250360489
CUS04420,2025-07-31,0,0.20201998949050903
CUS06420,2025-08-31,0,0.2019425481557846
CUS05161,2025-08-31,0,0.2019421011209488
CUS04128,2025-09-30,0,0.20191536843776703
CUS07394,2025-07-31,1,0.2018762230873108
CUS04945,2025-07-31,0,0.2018403559923172
CUS05111,2025-09-30,0,0.20180194079875946
CUS02858,2025-07-31,0,0.20177356898784637
CUS06495,2025-07-31,0,0.20171882212162018
CUS00574,2025-09-30,0,0.2016146332025528
CUS04659,2025-09-30,0,0.20160554349422455
CUS05392,2025-07-31,0,0.20158925652503967
CUS02578,2025-09-30,0,0.20157891511917114
CUS07039,2025-09-30,0,0.2015191614627838
CUS02234,2025-08-31,1,0.2014816552400589
CUS00667,2025-09-30,0,0.20146587491035461
CUS00476,2025-07-31,0,0.20138981938362122
CUS00225,2025-09-30,0,0.2012999802827835
CUS04825,2025-09-30,0,0.20101101696491241
CUS00001,2025-09-30,0,0.20081976056098938
CUS02070,2025-07-31,0,0.2006385177373886
CUS05729,2025-07-31,0,0.2006385177373886
CUS01259,2025-07-31,0,0.20036683976650238
CUS01203,2025-09-30,0,0.2003086656332016
CUS06540,2025-09-30,0,0.20028220117092133
CUS06937,2025-09-30,0,0.2002744972705841
CUS06505,2025-07-31,0,0.20026995241641998
CUS04115,2025-08-31,1,0.2001834660768509
CUS01965,2025-08-31,0,0.20014357566833496
CUS06806,2025-08-31,0,0.19997607171535492
CUS01205,2025-08-31,0,0.19982002675533295
CUS03843,2025-07-31,0,0.19977425038814545
CUS00081,2025-09-30,0,0.19973552227020264
CUS03028,2025-08-31,0,0.19971458613872528
CUS06759,2025-08-31,0,0.1996711939573288
CUS06132,2025-07-31,0,0.19953890144824982
CUS02970,2025-08-31,0,0.19941046833992004
CUS03632,2025-07-31,1,0.199396550655365
CUS03971,2025-08-31,0,0.19935807585716248
CUS00815,2025-08-31,0,0.1993122398853302
CUS03465,2025-09-30,0,0.19931063055992126
CUS02715,2025-07-31,0,0.1992967128753662
CUS03395,2025-08-31,1,0.19925762712955475
CUS01094,2025-07-31,0,0.19876688718795776
CUS05577,2025-08-31,0,0.1987546980381012
CUS01677,2025-09-30,0,0.19872839748859406
CUS06697,2025-09-30,0,0.19868071377277374
CUS03959,2025-08-31,0,0.19840405881404877
CUS00405,2025-07-31,0,0.19824008643627167
CUS03522,2025-07-31,0,0.19807107746601105
CUS07003,2025-09-30,0,0.19797056913375854
CUS00153,2025-09-30,0,0.19791550934314728
CUS03924,2025-07-31,0,0.19787545502185822
CUS02594,2025-08-31,1,0.1978115737438202
CUS06746,2025-08-31,0,0.19778120517730713
CUS06127,2025-09-30,0,0.19771628081798553
CUS00555,2025-07-31,0,0.1976497620344162
CUS04472,2025-09-30,0,0.1976270228624344
CUS05624,2025-08-31,0,0.19759708642959595
CUS06871,2025-08-31,1,0.1975119262933731
CUS03974,2025-08-31,0,0.19744479656219482
CUS03262,2025-09-30,0,0.19743134081363678
CUS05111,2025-08-31,0,0.19737884402275085
CUS06895,2025-07-31,1,0.19730401039123535
CUS05563,2025-08-31,1,0.1971306949853897
CUS05699,2025-08-31,0,0.19708935916423798
CUS03062,2025-08-31,0,0.19702254235744476
CUS00896,2025-07-31,0,0.1970149278640747
CUS00873,2025-08-31,0,0.19694118201732635
CUS01328,2025-08-31,0,0.1968674212694168
CUS00920,2025-08-31,0,0.19686393439769745
CUS07170,2025-09-30,0,0.19679148495197296
CUS04297,2025-07-31,0,0.19672280550003052
CUS00461,2025-08-31,0,0.19662977755069733
CUS00173,2025-07-31,0,0.19661498069763184
CUS01518,2025-08-31,0,0.19658908247947693
CUS00121,2025-08-31,0,0.19653663039207458
CUS07582,2025-07-31,0,0.19651779532432556
CUS07081,2025-09-30,0,0.19650930166244507
CUS02408,2025-09-30,0,0.19638027250766754
CUS02487,2025-09-30,0,0.1963738352060318
CUS05563,2025-09-30,1,0.19627444446086884
CUS02288,2025-08-31,0,0.19618961215019226
CUS07697,2025-09-30,1,0.19617238640785217
CUS06533,2025-07-31,0,0.19616834819316864
CUS04768,2025-09-30,0,0.1958632618188858
CUS04233,2025-08-31,0,0.19570276141166687
CUS03344,2025-07-31,0,0.19556455314159393
CUS04212,2025-09-30,0,0.19545817375183105
CUS06036,2025-09-30,0,0.19540362060070038
CUS03513,2025-07-31,0,0.19529590010643005
CUS06251,2025-07-31,0,0.19487445056438446
CUS07518,2025-08-31,0,0.19478371739387512
CUS03437,2025-08-31,0,0.19475579261779785
CUS07246,2025-09-30,0,0.1946146935224533
CUS06003,2025-07-31,0,0.19456885755062103
CUS07622,2025-07-31,1,0.19427867233753204
CUS07301,2025-09-30,0,0.1940651684999466
CUS05567,2025-09-30,0,0.19400809705257416
CUS03988,2025-09-30,0,0.1937962919473648
CUS06958,2025-07-31,0,0.1937224417924881
CUS00928,2025-09-30,0,0.19371004402637482
CUS07202,2025-08-31,0,0.19361457228660583
CUS02234,2025-09-30,1,0.1935926079750061
CUS00476,2025-09-30,1,0.1933988779783249
CUS01328,2025-09-30,0,0.19333313405513763
CUS02597,2025-07-31,1,0.1933295726776123
CUS06036,2025-07-31,0,0.1933087259531021
CUS06384,2025-07-31,0,0.19322539865970612
CUS03517,2025-08-31,0,0.19319607317447662
CUS07236,2025-07-31,0,0.19317039847373962
CUS05611,2025-08-31,0,0.19305743277072906
CUS04933,2025-09-30,0,0.19297738373279572
CUS00448,2025-09-30,0,0.1928822100162506
CUS01010,2025-07-31,1,0.19276224076747894
CUS01516,2025-07-31,0,0.19247132539749146
CUS06282,2025-07-31,0,0.19242438673973083
CUS04784,2025-08-31,0,0.19224752485752106
CUS00007,2025-07-31,0,0.19223223626613617
CUS06416,2025-08-31,0,0.19216637313365936
CUS02548,2025-08-31,0,0.1920020580291748
CUS01389,2025-08-31,0,0.19198401272296906
CUS03540,2025-09-30,0,0.191890686750412
CUS03062,2025-07-31,0,0.19178788363933563
CUS07949,2025-09-30,0,0.19166280329227448
CUS03099,2025-07-31,0,0.19162523746490479
CUS06279,2025-07-31,0,0.19128218293190002
CUS05611,2025-09-30,0,0.1911916583776474
CUS05355,2025-08-31,1,0.1910698115825653
CUS06886,2025-08-31,0,0.19100970029830933
CUS02408,2025-07-31,0,0.1909867227077484
CUS07801,2025-07-31,0,0.19090576469898224
CUS06014,2025-07-31,0,0.19088394939899445
CUS04126,2025-07-31,0,0.1907629817724228
CUS02792,2025-09-30,0,0.19072258472442627
CUS06568,2025-09-30,0,0.19055211544036865
CUS06879,2025-07-31,0,0.19049511849880219
CUS04148,2025-07-31,0,0.1903839260339737
CUS05648,2025-07-31,0,0.19033858180046082
CUS04444,2025-09-30,0,0.19032002985477448
CUS05908,2025-08-31,0,0.19010460376739502
CUS04461,2025-09-30,0,0.19006796181201935
CUS03914,2025-08-31,0,0.1899019181728363
CUS01110,2025-07-31,0,0.1897391974925995
CUS03074,2025-08-31,0,0.18972986936569214
CUS03427,2025-09-30,0,0.18969126045703888
CUS04926,2025-08-31,1,0.18957343697547913
CUS00324,2025-07-31,0,0.18953761458396912
CUS06156,2025-07-31,1,0.1894267499446869
CUS05415,2025-07-31,0,0.18931905925273895
CUS01205,2025-09-30,0,0.18921327590942383
CUS00320,2025-07-31,0,0.18920636177062988
CUS00312,2025-09-30,0,0.18911263346672058
CUS01272,2025-08-31,0,0.18906833231449127
CUS01536,2025-08-31,0,0.18906807899475098
CUS02192,2025-08-31,0,0.1890656054019928
CUS03074,2025-07-31,0,0.18902787566184998
CUS07435,2025-09-30,0,0.1889946013689041
CUS01977,2025-07-31,0,0.18892423808574677
CUS04659,2025-08-31,0,0.18885397911071777
CUS04531,2025-08-31,0,0.1886919140815735
CUS04768,2025-07-31,0,0.18867874145507812
CUS07662,2025-08-31,1,0.18847709894180298
CUS06784,2025-09-30,0,0.1882994920015335
CUS03459,2025-08-31,0,0.18816114962100983
CUS01075,2025-09-30,0,0.18809859454631805
CUS03649,2025-08-31,0,0.18775202333927155
CUS07525,2025-07-31,0,0.1874624639749527
CUS06760,2025-08-31,1,0.18733073770999908
CUS02693,2025-07-31,0,0.1872270107269287
CUS07246,2025-08-31,0,0.18718034029006958
CUS03147,2025-08-31,0,0.18712477385997772
CUS01569,2025-08-31,0,0.1868952363729477
CUS07149,2025-07-31,0,0.18689213693141937
CUS02288,2025-09-30,0,0.18688146770000458
CUS06359,2025-07-31,0,0.18669730424880981
CUS01210,2025-07-31,0,0.18655231595039368
CUS05392,2025-08-31,0,0.1864382028579712
CUS00162,2025-09-30,0,0.18641814589500427
CUS02254,2025-09-30,1,0.18625672161579132
CUS06505,2025-08-31,0,0.1861516237258911
CUS04126,2025-08-31,0,0.1860247403383255
CUS01249,2025-07-31,0,0.18590599298477173
CUS02157,2025-07-31,0,0.18579049408435822
CUS07203,2025-07-31,0,0.18564395606517792
CUS00409,2025-08-31,0,0.18553738296031952
CUS04975,2025-08-31,0,0.18553657829761505
CUS05716,2025-07-31,0,0.18533629179000854
CUS01384,2025-09-30,0,0.18532250821590424
CUS03843,2025-08-31,0,0.18514153361320496
CUS06937,2025-07-31,0,0.1850658804178238
CUS05664,2025-07-31,1,0.18504299223423004
CUS00051,2025-08-31,0,0.18501171469688416
CUS05613,2025-07-31,0,0.18500123918056488
CUS03459,2025-07-31,0,0.18487128615379333
CUS01694,2025-09-30,1,0.18474139273166656
CUS03858,2025-07-31,0,0.18470731377601624
CUS05496,2025-07-31,0,0.18432492017745972
CUS06908,2025-08-31,0,0.1842959225177765
CUS05876,2025-08-31,0,0.18413634598255157
CUS07161,2025-09-30,0,0.18409135937690735
CUS07022,2025-07-31,0,0.1839178055524826
CUS06385,2025-09-30,0,0.1838204562664032
CUS03906,2025-09-30,0,0.18381771445274353
CUS04644,2025-08-31,0,0.18378733098506927
CUS06416,2025-07-31,1,0.18377934396266937
CUS04148,2025-08-31,0,0.18366390466690063
CUS02911,2025-07-31,1,0.183434396982193
CUS07285,2025-07-31,0,0.1831393986940384
CUS01064,2025-09-30,0,0.18313772976398468
CUS06866,2025-08-31,1,0.18307514488697052
CUS04457,2025-07-31,1,0.18302710354328156
CUS01168,2025-07-31,0,0.18286465108394623
CUS04059,2025-09-30,0,0.1827511489391327
CUS04418,2025-08-31,0,0.18272940814495087
CUS01677,2025-08-31,0,0.1827053427696228
CUS06244,2025-09-30,0,0.18269965052604675
CUS05771,2025-08-31,0,0.18266376852989197
CUS01110,2025-08-31,0,0.1826542317867279
CUS02223,2025-09-30,0,0.1825830042362213
CUS03801,2025-07-31,0,0.18257109820842743
CUS07729,2025-08-31,0,0.18250726163387299
CUS01694,2025-08-31,1,0.182462677359581
CUS00528,2025-07-31,0,0.18244405090808868
CUS02720,2025-09-30,0,0.1822965294122696
CUS02550,2025-07-31,0,0.18223147094249725
CUS03988,2025-08-31,0,0.18220208585262299
CUS02156,2025-07-31,0,0.18215054273605347
CUS03138,2025-09-30,0,0.18214504420757294
CUS06398,2025-09-30,0,0.1821444183588028
CUS00779,2025-08-31,0,0.18207184970378876
CUS06897,2025-08-31,0,0.18196551501750946
CUS00312,2025-07-31,0,0.18192026019096375
CUS00632,2025-09-30,0,0.18188227713108063
CUS01336,2025-09-30,0,0.1818668395280838
CUS01439,2025-09-30,0,0.1818515807390213
CUS03933,2025-08-31,1,0.18183764815330505
CUS06385,2025-08-31,0,0.1817196011543274
CUS06600,2025-07-31,0,0.18168218433856964
CUS02244,2025-08-31,0,0.18154916167259216
CUS06818,2025-08-31,1,0.18153983354568481
CUS03427,2025-08-31,0,0.1815257966518402
CUS01210,2025-08-31,0,0.1815154254436493
CUS00896,2025-08-31,0,0.18136633932590485
CUS01524,2025-07-31,0,0.18135568499565125
CUS04644,2025-07-31,0,0.18121220171451569
CUS04887,2025-08-31,0,0.18118326365947723
CUS03114,2025-08-31,0,0.1810988038778305
CUS01211,2025-08-31,0,0.18105581402778625
CUS01717,2025-07-31,0,0.18104135990142822
CUS03025,2025-08-31,0,0.1809130311012268
CUS07669,2025-09-30,0,0.18067140877246857
CUS00920,2025-09-30,0,0.18051812052726746
CUS04933,2025-08-31,0,0.18050120770931244
CUS01168,2025-08-31,0,0.18049386143684387
CUS01474,2025-07-31,1,0.18024539947509766
CUS05986,2025-07-31,0,0.18015971779823303
CUS03914,2025-09-30,0,0.1801569014787674
CUS03025,2025-09-30,0,0.1798558384180069
CUS06897,2025-07-31,0,0.17983855307102203
CUS02223,2025-08-31,1,0.17977087199687958
CUS02619,2025-07-31,0,0.1797383725643158
CUS06569,2025-08-31,0,0.17951276898384094
CUS01468,2025-09-30,0,0.1794326901435852
CUS01384,2025-07-31,0,0.17934103310108185
CUS03588,2025-09-30,0,0.17932488024234772
CUS07938,2025-09-30,0,0.1792440414428711
CUS01516,2025-08-31,0,0.17903456091880798
CUS02132,2025-07-31,0,0.17898517847061157
CUS04779,2025-07-31,0,0.17893251776695251
CUS00230,2025-08-31,0,0.17892009019851685
CUS03043,2025-08-31,0,0.17890413105487823
CUS06697,2025-08-31,0,0.17888666689395905
CUS05190,2025-08-31,0,0.17885926365852356
CUS05771,2025-07-31,0,0.1788320094347
CUS03831,2025-09-30,0,0.17882059514522552
CUS05963,2025-09-30,0,0.17867425084114075
CUS01850,2025-08-31,1,0.17866601049900055
CUS04233,2025-07-31,0,0.17858026921749115
CUS00574,2025-08-31,0,0.17845621705055237
CUS04308,2025-08-31,1,0.17840808629989624
CUS07685,2025-09-30,0,0.17829783260822296
CUS06160,2025-09-30,0,0.17822673916816711
CUS06384,2025-09-30,0,0.17789895832538605
CUS04975,2025-07-31,0,0.17786742746829987
CUS07669,2025-08-31,0,0.1778639703989029
CUS01607,2025-07-31,0,0.17782758176326752
CUS07636,2025-07-31,0,0.1774728000164032
CUS02445,2025-09-30,0,0.17741990089416504
CUS07104,2025-07-31,0,0.17730775475502014
CUS05533,2025-09-30,0,0.17713147401809692
CUS07426,2025-08-31,0,0.17680610716342926
CUS05705,2025-09-30,0,0.17679476737976074
CUS03732,2025-08-31,1,0.17678983509540558
CUS05712,2025-08-31,0,0.17670834064483643
CUS00585,2025-08-31,0,0.1765420138835907
CUS00912,2025-07-31,0,0.17652660608291626
CUS05613,2025-09-30,0,0.17644184827804565
CUS04832,2025-08-31,0,0.17631258070468903
CUS07975,2025-09-30,0,0.17613038420677185
CUS02254,2025-08-31,0,0.17591387033462524
CUS01276,2025-09-30,0,0.17571485042572021
CUS05676,2025-08-31,0,0.17569224536418915
CUS01438,2025-09-30,0,0.1756553202867508
CUS05895,2025-08-31,0,0.1755726933479309
CUS05567,2025-08-31,0,0.17552077770233154
CUS06227,2025-07-31,0,0.17516958713531494
CUS03711,2025-09-30,0,0.1751638501882553
CUS05386,2025-08-31,0,0.17512576282024384
CUS04263,2025-09-30,0,0.1750200390815735
CUS02207,2025-08-31,1,0.17501084506511688
CUS07152,2025-08-31,0,0.17455244064331055
CUS06897,2025-09-30,0,0.1745094656944275
CUS00125,2025-09-30,0,0.17445045709609985
CUS06003,2025-09-30,0,0.17440302670001984
CUS05963,2025-08-31,0,0.17399679124355316
CUS06746,2025-09-30,0,0.1739938110113144
CUS06879,2025-08-31,1,0.1738162338733673
CUS03055,2025-07-31,0,0.17315152287483215
CUS07109,2025-07-31,1,0.17311304807662964
CUS01781,2025-09-30,0,0.17310059070587158
CUS03736,2025-07-31,0,0.1729726642370224
CUS00051,2025-07-31,0,0.1728915572166443
CUS05567,2025-07-31,0,0.17285627126693726
CUS01948,2025-07-31,0,0.17279519140720367
CUS05703,2025-09-30,0,0.17276452481746674
CUS06777,2025-09-30,0,0.1727427989244461
CUS05282,2025-07-31,0,0.17260219156742096
CUS02132,2025-08-31,0,0.17257927358150482
CUS06466,2025-08-31,0,0.1722404658794403
CUS03120,2025-09-30,0,0.1722339689731598
CUS05773,2025-08-31,0,0.17213892936706543
CUS06908,2025-07-31,0,0.17211738228797913
CUS00054,2025-07-31,0,0.17210246622562408
CUS00312,2025-08-31,0,0.17200428247451782
CUS03623,2025-07-31,0,0.17196540534496307
CUS03223,2025-07-31,0,0.17190714180469513
CUS05235,2025-08-31,0,0.17189620435237885
CUS04000,2025-08-31,1,0.17188608646392822
CUS06891,2025-07-31,0,0.17187978327274323
CUS03622,2025-07-31,1,0.17164768278598785
CUS01284,2025-08-31,0,0.17147104442119598
CUS05773,2025-09-30,0,0.17122459411621094
CUS03099,2025-09-30,0,0.17089638113975525
CUS02993,2025-07-31,0,0.1708892434835434
CUS01879,2025-07-31,0,0.1708425134420395
CUS02253,2025-07-31,1,0.17059549689292908
CUS07109,2025-08-31,0,0.1705423891544342
CUS01677,2025-07-31,0,0.17044198513031006
CUS05389,2025-08-31,0,0.17032746970653534
CUS06661,2025-07-31,0,0.17021411657333374
CUS07730,2025-07-31,1,0.1701701432466507
CUS01310,2025-08-31,0,0.17014499008655548
CUS01203,2025-07-31,0,0.17006303369998932
CUS02125,2025-09-30,0,0.1699758768081665
CUS00234,2025-09-30,0,0.16985709965229034
CUS06505,2025-09-30,0,0.16972923278808594
CUS06279,2025-09-30,0,0.1695292741060257
CUS00943,2025-08-31,0,0.16941925883293152
CUS03801,2025-08-31,0,0.16936226189136505
CUS04541,2025-08-31,0,0.16934265196323395
CUS05655,2025-08-31,1,0.16915853321552277
CUS02693,2025-08-31,0,0.16909626126289368
CUS01630,2025-09-30,0,0.16889451444149017
CUS05705,2025-08-31,0,0.16826894879341125
CUS02295,2025-07-31,0,0.1682257205247879
CUS01110,2025-09-30,0,0.16804835200309753
CUS03361,2025-07-31,0,0.1679105907678604
CUS04765,2025-08-31,1,0.16764478385448456
CUS00779,2025-07-31,1,0.16755102574825287
CUS04825,2025-08-31,0,0.1673133224248886
CUS01061,2025-09-30,0,0.16729077696800232
CUS05037,2025-09-30,0,0.16706125438213348
CUS02295,2025-08-31,0,0.1670573502779007
CUS01249,2025-08-31,0,0.16669245064258575
CUS00957,2025-07-31,0,0.16624799370765686
CUS05630,2025-09-30,0,0.16604071855545044
CUS00621,2025-09-30,0,0.16565082967281342
CUS04420,2025-09-30,0,0.16509081423282623
CUS02893,2025-09-30,0,0.1649731695652008
CUS01965,2025-09-30,0,0.16486172378063202
CUS05741,2025-07-31,0,0.16482868790626526
CUS00324,2025-08-31,0,0.16468890011310577
CUS01717,2025-09-30,0,0.16452555358409882
CUS01507,2025-09-30,0,0.164478600025177
CUS00007,2025-08-31,0,0.16443859040737152
CUS05389,2025-07-31,0,0.16440653800964355
CUS06363,2025-07-31,1,0.16415807604789734
CUS01760,2025-08-31,0,0.16393636167049408
CUS07039,2025-07-31,0,0.16388098895549774
CUS03360,2025-08-31,0,0.16387024521827698
CUS01203,2025-08-31,1,0.16351553797721863
CUS00486,2025-07-31,0,0.16344194114208221
CUS07636,2025-09-30,0,0.16326628625392914
CUS05902,2025-07-31,0,0.1632501631975174
CUS06877,2025-09-30,0,0.1632017344236374
CUS00234,2025-08-31,0,0.16316840052604675
CUS05345,2025-09-30,1,0.16312876343727112
CUS00174,2025-09-30,0,0.1631096601486206
CUS04487,2025-08-31,0,0.16297636926174164
CUS04674,2025-09-30,0,0.16281570494174957
CUS02700,2025-07-31,0,0.1627262532711029
CUS05085,2025-07-31,0,0.16271044313907623
CUS03855,2025-07-31,0,0.1625591218471527
CUS00481,2025-08-31,0,0.16234123706817627
CUS00616,2025-09-30,0,0.16153371334075928
CUS00947,2025-09-30,0,0.16150672733783722
CUS00481,2025-09-30,0,0.16132360696792603
CUS03649,2025-09-30,0,0.161288321018219
CUS06746,2025-07-31,0,0.16094397008419037
CUS00162,2025-07-31,0,0.16092436015605927
CUS07525,2025-08-31,0,0.16066527366638184
CUS05282,2025-08-31,0,0.16059239208698273
CUS01284,2025-07-31,0,0.16049246490001678
CUS05085,2025-09-30,0,0.1604699194431305
CUS05501,2025-09-30,0,0.1604602187871933
CUS05982,2025-07-31,0,0.16020852327346802
CUS02535,2025-07-31,0,0.1596623957157135
CUS06877,2025-08-31,0,0.1595781147480011
CUS06433,2025-07-31,1,0.15913403034210205
CUS01394,2025-09-30,0,0.1591278314590454
CUS06777,2025-08-31,0,0.1589844822883606
CUS05676,2025-09-30,0,0.1589631885290146
CUS04887,2025-07-31,0,0.15869255363941193
CUS00454,2025-07-31,0,0.15855829417705536
CUS03147,2025-09-30,0,0.15843436121940613
CUS02619,2025-08-31,0,0.15820959210395813
CUS04098,2025-08-31,0,0.15817536413669586
CUS03782,2025-09-30,0,0.15796193480491638
CUS01272,2025-09-30,0,0.15762166678905487
CUS00656,2025-08-31,0,0.1575293093919754
CUS02700,2025-08-31,1,0.1573311686515808
CUS01715,2025-08-31,0,0.1571759134531021
CUS01174,2025-07-31,0,0.15716828405857086
CUS02007,2025-08-31,0,0.15694865584373474
CUS05729,2025-08-31,0,0.15693503618240356
CUS01717,2025-08-31,0,0.15675579011440277
CUS04531,2025-09-30,0,0.15631987154483795
CUS07864,2025-08-31,0,0.15607668459415436
CUS06345,2025-07-31,0,0.15601922571659088
CUS01211,2025-07-31,0,0.15600375831127167
CUS07533,2025-08-31,0,0.15597651898860931
CUS02607,2025-07-31,1,0.15588241815567017
CUS02893,2025-07-31,0,0.15585803985595703
CUS04604,2025-09-30,0,0.15568289160728455
CUS05613,2025-08-31,0,0.15517544746398926
CUS01064,2025-08-31,0,0.15509623289108276
CUS01336,2025-08-31,0,0.15483248233795166
CUS07842,2025-09-30,1,0.15473288297653198
CUS05729,2025-09-30,0,0.15442392230033875
CUS06279,2025-08-31,0,0.15413880348205566
CUS07842,2025-08-31,1,0.1540917605161667
CUS06142,2025-08-31,1,0.15408307313919067
CUS02792,2025-08-31,0,0.15403397381305695
CUS01367,2025-07-31,0,0.1536121666431427
CUS01750,2025-07-31,0,0.15319867432117462
CUS05496,2025-08-31,0,0.15312355756759644
CUS02743,2025-08-31,0,0.1530791074037552
CUS07426,2025-09-30,0,0.152951180934906
CUS07431,2025-09-30,1,0.1526762843132019
CUS00813,2025-07-31,1,0.15257558226585388
CUS02970,2025-07-31,0,0.15220695734024048
CUS07431,2025-08-31,1,0.1521885246038437
CUS04550,2025-09-30,0,0.15187209844589233
CUS03099,2025-08-31,0,0.1517830789089203
CUS04472,2025-08-31,0,0.1517021805047989
CUS05908,2025-09-30,0,0.15147338807582855
CUS04098,2025-07-31,0,0.15127834677696228
CUS00813,2025-08-31,1,0.15059220790863037
CUS05020,2025-09-30,1,0.1504250168800354
CUS05299,2025-07-31,0,0.15037956833839417
CUS03055,2025-08-31,0,0.15025144815444946
CUS01507,2025-08-31,0,0.15005064010620117
CUS01273,2025-09-30,0,0.14999499917030334
CUS00965,2025-07-31,0,0.14934997260570526
CUS05563,2025-07-31,0,0.14929307997226715
CUS06000,2025-09-30,0,0.1490238904953003
CUS05771,2025-09-30,0,0.1481892317533493
CUS04944,2025-07-31,0,0.14800682663917542
CUS05474,2025-07-31,0,0.1478428989648819
CUS01694,2025-07-31,0,0.14783652126789093
CUS03731,2025-07-31,0,0.1475561112165451
CUS03855,2025-08-31,0,0.14697134494781494
CUS04418,2025-09-30,0,0.1467142403125763
CUS04010,2025-08-31,0,0.14667609333992004
CUS01310,2025-09-30,0,0.14613574743270874
CUS04518,2025-08-31,0,0.145742267370224
CUS06363,2025-08-31,0,0.14560282230377197
CUS05282,2025-09-30,0,0.14549942314624786
CUS05110,2025-08-31,0,0.14521457254886627
CUS01101,2025-09-30,0,0.1450425684452057
CUS05004,2025-08-31,0,0.14482252299785614
CUS00295,2025-09-30,1,0.14435648918151855
CUS02407,2025-07-31,0,0.14394553005695343
CUS02007,2025-07-31,0,0.14385496079921722
CUS03591,2025-07-31,0,0.14382317662239075
CUS05386,2025-07-31,0,0.14380089938640594
CUS03522,2025-08-31,0,0.14365823566913605
CUS04550,2025-08-31,0,0.14284411072731018
CUS00724,2025-07-31,0,0.1428147554397583
CUS00121,2025-07-31,0,0.1425236165523529
CUS05648,2025-09-30,0,0.14246013760566711
CUS01781,2025-08-31,0,0.14190490543842316
CUS01536,2025-09-30,0,0.14061908423900604
CUS00171,2025-08-31,1,0.14056938886642456
CUS04768,2025-08-31,0,0.13952019810676575
CUS01513,2025-09-30,0,0.13850976526737213
CUS00261,2025-07-31,0,0.1384696513414383
CUS05541,2025-09-30,0,0.13829755783081055
CUS05037,2025-08-31,0,0.13747626543045044
CUS06142,2025-09-30,1,0.13721680641174316
CUS00837,2025-09-30,1,0.13714303076267242
CUS05299,2025-08-31,0,0.13702844083309174
CUS03782,2025-08-31,0,0.13700687885284424
CUS03303,2025-07-31,0,0.1366063356399536
CUS05004,2025-09-30,0,0.13636043667793274
CUS01399,2025-09-30,0,0.13624460995197296
CUS04586,2025-09-30,0,0.13470640778541565
CUS00125,2025-08-31,0,0.13249477744102478
CUS05299,2025-09-30,0,0.1323142945766449
CUS04586,2025-08-31,0,0.1320466846227646
CUS06910,2025-09-30,0,0.1317870020866394
CUS05712,2025-09-30,0,0.13081729412078857
CUS01273,2025-08-31,0,0.12831243872642517
CUS05705,2025-07-31,0,0.12825223803520203
CUS03360,2025-09-30,0,0.12710528075695038
CUS03055,2025-09-30,0,0.12671394646167755
CUS00601,2025-09-30,0,0.12637582421302795
CUS05741,2025-08-31,0,0.12485747039318085
CUS06879,2025-09-30,1,0.12218604981899261
CUS04064,2025-08-31,0,0.12127959728240967
CUS04518,2025-07-31,0,0.12127070128917694
CUS03264,2025-09-30,0,0.11945071816444397
CUS00295,2025-08-31,0,0.11546321958303452
