cumulative_pairs_share,cumulative_units_share
0.00013333333333333334,0.00045671533319063573
0.0002666666666666667,0.0009022305628425365
0.0004,0.001346501336545689
0.0005333333333333334,0.0017895276543000932
0.0006666666666666666,0.002231309516105749
0.0008,0.002673091377911405
0.0009333333333333333,0.003103673136178326
0.0010666666666666667,0.0035330104384964983
0.0012,0.003957369917019678
0.0013333333333333333,0.00437924048364536
0.0014666666666666667,0.004801111050271043
0.0016,0.005218003793101732
0.0017333333333333333,0.005627429800239931
0.0018666666666666666,0.006031877983583137
0.002,0.0064338372550288465
0.0021333333333333334,0.006832063158628311
0.002266666666666667,0.007229044606279027
0.0024,0.007626026053929744
0.002533333333333333,0.008021763045631711
0.0026666666666666666,0.00841750003733368
0.0028,0.008805770293343156
0.0029333333333333334,0.009194040549352633
0.0030666666666666668,0.00958231080536211
0.0032,0.009969336605422839
0.0033333333333333335,0.010356362405483568
0.0034666666666666665,0.010743388205544296
0.0036,0.011129169549656278
0.0037333333333333333,0.011511217525922015
0.0038666666666666667,0.011890776590290255
0.004,0.012270335654658494
0.0041333333333333335,0.012649894719026734
0.004266666666666667,0.013028209327446225
0.0044,0.013405279479916968
0.004533333333333334,0.013776127352643969
0.004666666666666667,0.014143241857524726
0.0048,0.014509111906456734
0.004933333333333333,0.014873737499439994
0.005066666666666666,0.015237118636474506
0.0052,0.015599255317560269
0.005333333333333333,0.015960147542697284
0.0054666666666666665,0.0163210397678343
0.0056,0.016681931992971313
0.005733333333333333,0.01704157976215958
0.005866666666666667,0.0173974941635016
0.006,0.01775340856484362
0.0061333333333333335,0.018109322966185643
0.006266666666666667,0.018465237367527663
0.0064,0.018821151768869684
0.006533333333333334,0.019175821714262957
0.006666666666666667,0.01953049165965623
0.0068,0.019885161605049502
0.006933333333333333,0.020238587094494026
0.007066666666666666,0.0205907681279898
0.0072,0.020942949161485577
0.007333333333333333,0.021295130194981353
0.007466666666666667,0.02164606677252838
0.0076,0.02199451443817791
0.007733333333333333,0.02234296210382744
0.007866666666666666,0.02269140976947697
0.008,0.0230398574351265
0.008133333333333333,0.02338830510077603
0.008266666666666667,0.023735508310476813
0.0084,0.024082711520177595
0.008533333333333334,0.024429914729878377
0.008666666666666666,0.02477711793957916
0.0088,0.025123076693331192
0.008933333333333333,0.025469035447083226
0.009066666666666667,0.02581374974488651
0.0092,0.026158464042689795
0.009333333333333334,0.026501933884544332
0.009466666666666667,0.02684540372639887
0.0096,0.027187629112304657
0.009733333333333333,0.027529854498210445
0.009866666666666666,0.027872079884116233
0.01,0.028213060814073276
0.010133333333333333,0.02855404174403032
0.010266666666666667,0.028895022673987362
0.0104,0.029236003603944405
0.010533333333333334,0.0295757400779527
0.010666666666666666,0.029914232096012246
0.0108,0.030252724114071792
0.010933333333333333,0.030591216132131338
0.011066666666666667,0.030929708150190884
0.0112,0.03126695571230168
0.011333333333333334,0.031604203274412476
0.011466666666666667,0.03194145083652327
0.0116,0.032277453942685316
0.011733333333333333,0.03261345704884736
0.011866666666666666,0.03294946015500941
0.012,0.033285463261171454
0.012133333333333333,0.0336214663673335
0.012266666666666667,0.0339562250175468
0.0124,0.034290983667760094
0.012533333333333334,0.03462574231797339
0.012666666666666666,0.03495925651223794
0.0128,0.03529277070650249
0.012933333333333333,0.03562628490076704
0.013066666666666667,0.03595855463908284
0.0132,0.03628833546550114
0.013333333333333334,0.036618116291919446
0.013466666666666667,0.03694789711833775
0.0136,0.037276433488807305
0.013733333333333334,0.03760496985927686
0.013866666666666666,0.037933506229746415
0.014,0.03826204260021597
0.014133333333333333,0.038590578970685525
0.014266666666666667,0.03891787088520633
0.0144,0.03924516279972714
0.014533333333333334,0.039572454714247945
0.014666666666666666,0.03989974662876875
0.0148,0.04022703854328956
0.014933333333333333,0.040554330457810366
0.015066666666666667,0.04088162237233117
0.0152,0.04120766983090323
0.015333333333333332,0.04153371728947529
0.015466666666666667,0.04185976474804735
0.0156,0.04218456775067066
0.015733333333333332,0.04250937075329397
0.015866666666666668,0.042834173755917276
0.016,0.043157732302591845
0.016133333333333333,0.043480046393317665
0.016266666666666665,0.043801116028094736
0.0164,0.04412218566287181
0.016533333333333334,0.04444325529764888
0.016666666666666666,0.04476432493242595
0.0168,0.04508539456720302
0.016933333333333335,0.045405219746031344
0.017066666666666667,0.04572504492485967
0.0172,0.04604487010368799
0.017333333333333333,0.04636469528251631
0.017466666666666665,0.046684520461344636
0.0176,0.04700434564017296
0.017733333333333334,0.04732417081900128
0.017866666666666666,0.04764275154188086
0.018,0.04796008780881168
0.018133333333333335,0.04827742407574251
0.018266666666666667,0.048594760342673335
0.0184,0.04891085215365541
0.018533333333333332,0.04922694396463749
0.018666666666666668,0.04954303577561957
0.0188,0.049859127586601645
0.018933333333333333,0.050173974941634975
0.019066666666666666,0.050488822296668304
0.0192,0.05080366965170163
0.019333333333333334,0.05111851700673496
0.019466666666666667,0.05143336436176829
0.0196,0.05174821171680162
0.019733333333333332,0.05206305907183495
0.019866666666666668,0.05237790642686828
0.02,0.05269150932595286
0.020133333333333333,0.05300511222503744
0.020266666666666665,0.05331871512412202
0.0204,0.0536323180232066
0.020533333333333334,0.05394592092229118
0.020666666666666667,0.054258279365427015
0.0208,0.05457063780856285
0.020933333333333335,0.05488299625169868
0.021066666666666668,0.05519535469483451
0.0212,0.055507713137970344
0.021333333333333333,0.055820071581106176
0.021466666666666665,0.05613243002424201
0.0216,0.05644354401142909
0.021733333333333334,0.05675341354266743
0.021866666666666666,0.05706328307390576
0.022,0.0573731526051441
0.022133333333333335,0.057683022136382434
0.022266666666666667,0.05799289166762077
0.0224,0.058301516742910356
0.022533333333333332,0.05861014181819994
0.02266666666666667,0.05891876689348953
0.0228,0.05922739196877912
0.022933333333333333,0.059536017044068704
0.023066666666666666,0.05984464211935829
0.0232,0.06015202273869913
0.023333333333333334,0.06045940335803997
0.023466666666666667,0.060766783977380806
0.0236,0.061074164596721645
0.023733333333333332,0.061380300760113735
0.023866666666666668,0.061686436923505825
0.024,0.061992573086897915
0.024133333333333333,0.062298709250290005
0.024266666666666666,0.0626048454136821
0.0244,0.06291098157707418
0.024533333333333334,0.06321587328451753
0.024666666666666667,0.06352076499196087
0.0248,0.06382565669940421
0.02493333333333333,0.06413054840684755
0.025066666666666668,0.06443419565834214
0.0252,0.06473659845388799
0.025333333333333333,0.06503900124943383
0.025466666666666665,0.06534140404497968
0.0256,0.06564380684052552
0.025733333333333334,0.06594496518012262
0.025866666666666666,0.06624612351971972
0.026,0.06654728185931681
0.026133333333333335,0.06684844019891391
0.026266666666666667,0.067149598538511
0.0264,0.0674507568781081
0.026533333333333332,0.06775067076175645
0.02666666666666667,0.0680505846454048
0.0268,0.06835049852905314
0.026933333333333333,0.06865041241270149
0.027066666666666666,0.06895032629634984
0.0272,0.06925024017999819
0.027333333333333334,0.06954890960769779
0.027466666666666667,0.06984757903539739
0.0276,0.07014624846309699
0.027733333333333332,0.07044367343484784
0.027866666666666668,0.07074109840659869
0.028,0.07103852337834954
0.028133333333333333,0.07133470389415164
0.028266666666666666,0.07163088440995374
0.0284,0.07192706492575585
0.028533333333333334,0.07222324544155795
0.028666666666666667,0.07251942595736005
0.0288,0.07281560647316215
0.028933333333333332,0.07311054253301551
0.029066666666666668,0.07340547859286886
0.0292,0.07370041465272222
0.029333333333333333,0.07399410625662682
0.029466666666666665,0.07428779786053143
0.0296,0.07458024500848728
0.029733333333333334,0.07487269215644314
0.029866666666666666,0.075165139304399
0.03,0.07545758645235486
0.030133333333333335,0.07575003360031071
0.030266666666666667,0.07604248074826657
0.0304,0.07633492789622243
0.030533333333333332,0.07662613058822954
0.030666666666666665,0.07691733328023664
0.0308,0.07720853597224375
0.030933333333333334,0.07749973866425086
0.031066666666666666,0.07779094135625797
0.0312,0.07808214404826508
0.03133333333333333,0.07837334674027219
0.031466666666666664,0.0786645494322793
0.0316,0.07895450766833766
0.031733333333333336,0.07924446590439602
0.03186666666666667,0.07953442414045438
0.032,0.07982438237651274
0.03213333333333333,0.0801143406125711
0.032266666666666666,0.08040429884862946
0.0324,0.08069425708468782
0.03253333333333333,0.08098421532074618
0.03266666666666666,0.08127417355680454
0.0328,0.0815641317928629
0.032933333333333335,0.08185284557297251
0.03306666666666667,0.08214155935308212
0.0332,0.08243027313319173
0.03333333333333333,0.08271898691330135
0.033466666666666665,0.08300770069341096
0.0336,0.08329641447352057
0.03373333333333333,0.08358512825363018
0.03386666666666667,0.08387384203373979
0.034,0.08416131135790066
0.034133333333333335,0.08444878068206152
0.03426666666666667,0.08473625000622238
0.0344,0.08502371933038325
0.03453333333333333,0.08531118865454411
0.034666666666666665,0.08559865797870497
0.0348,0.08588612730286584
0.03493333333333333,0.0861735966270267
0.03506666666666667,0.08646106595118756
0.0352,0.08674853527534843
0.035333333333333335,0.08703600459950929
0.03546666666666667,0.0873222294677214
0.0356,0.08760845433593352
0.03573333333333333,0.08789467920414563
0.035866666666666665,0.08818090407235775
0.036,0.08846712894056986
0.03613333333333334,0.08875335380878198
0.03626666666666667,0.0890395786769941
0.0364,0.08932580354520621
0.036533333333333334,0.08961202841341832
0.03666666666666667,0.08989825328163044
0.0368,0.0901832336938938
0.03693333333333333,0.09046821410615717
0.037066666666666664,0.09075319451842054
0.0372,0.0910381749306839
0.037333333333333336,0.09132315534294727
0.03746666666666667,0.09160813575521064
0.0376,0.091893116167474
0.037733333333333334,0.09217809657973737
0.037866666666666667,0.09246183253605199
0.038,0.0927455684923666
0.03813333333333333,0.09302930444868122
0.038266666666666664,0.09331304040499584
0.0384,0.09359677636131046
0.038533333333333336,0.09388051231762508
0.03866666666666667,0.0941642482739397
0.0388,0.09444798423025431
0.038933333333333334,0.09473172018656893
0.039066666666666666,0.09501545614288355
0.0392,0.09529919209919817
0.03933333333333333,0.09558292805551279
0.039466666666666664,0.0958666640118274
0.0396,0.09615039996814202
0.039733333333333336,0.09643289146850789
0.03986666666666667,0.09671538296887376
0.04,0.09699787446923963
0.04013333333333333,0.0972803659696055
0.040266666666666666,0.09756285746997137
0.0404,0.09784534897033724
0.04053333333333333,0.09812784047070311
0.04066666666666666,0.09841033197106898
0.0408,0.09869282347143485
0.040933333333333335,0.09897531497180072
0.04106666666666667,0.09925656201621784
0.0412,0.09953780906063496
0.04133333333333333,0.09981905610505208
0.041466666666666666,0.1001003031494692
0.0416,0.10038155019388632
0.04173333333333333,0.10066279723830344
0.04186666666666667,0.10094404428272057
0.042,0.10122529132713769
0.042133333333333335,0.10150653837155481
0.04226666666666667,0.10178778541597193
0.0424,0.1020677880044403
0.04253333333333333,0.10234779059290867
0.042666666666666665,0.10262779318137705
0.0428,0.10290779576984542
0.04293333333333333,0.10318779835831379
0.04306666666666667,0.10346780094678217
0.0432,0.10374780353525054
0.043333333333333335,0.10402780612371891
0.04346666666666667,0.10430780871218728
0.0436,0.10458781130065566
0.04373333333333333,0.10486781388912403
0.043866666666666665,0.1051478164775924
0.044,0.10542781906606077
0.04413333333333333,0.1057065771985804
0.04426666666666667,0.10598533533110002
0.0444,0.10626409346361965
0.044533333333333334,0.10654285159613927
0.04466666666666667,0.1068216097286589
0.0448,0.10710036786117852
0.04493333333333333,0.1073778815377494
0.045066666666666665,0.10765539521432027
0.0452,0.10793290889089115
0.04533333333333334,0.10821042256746202
0.04546666666666667,0.1084879362440329
0.0456,0.10876544992060377
0.045733333333333334,0.10904296359717465
0.04586666666666667,0.10932047727374553
0.046,0.1095979909503164
0.04613333333333333,0.10987550462688728
0.046266666666666664,0.1101517738475094
0.0464,0.11042804306813153
0.046533333333333336,0.11070431228875366
0.04666666666666667,0.11098058150937579
0.0468,0.11125685072999791
0.046933333333333334,0.11153311995062004
0.047066666666666666,0.11180814471529342
0.0472,0.1120831694799668
0.04733333333333333,0.11235819424464018
0.047466666666666664,0.11263321900931356
0.0476,0.11290824377398694
0.047733333333333336,0.11318326853866031
0.04786666666666667,0.1134582933033337
0.048,0.11373331806800707
0.048133333333333334,0.1140070983767317
0.048266666666666666,0.11428087868545633
0.0484,0.11455465899418096
0.04853333333333333,0.1148284393029056
0.048666666666666664,0.11510221961163022
0.0488,0.11537599992035485
0.048933333333333336,0.11564978022907949
0.04906666666666667,0.11592356053780412
0.0492,0.11619734084652875
0.04933333333333333,0.11647112115525338
0.049466666666666666,0.11674490146397801
0.0496,0.11701868177270264
0.04973333333333333,0.11729246208142727
0.04986666666666666,0.1175662423901519
0.05,0.11783877824292778
0.050133333333333335,0.11811131409570366
0.05026666666666667,0.11838384994847954
0.0504,0.11865638580125543
0.05053333333333333,0.11892892165403131
0.050666666666666665,0.11920145750680719
0.0508,0.11947399335958307
0.05093333333333333,0.11974652921235895
0.05106666666666667,0.12001906506513484
0.0512,0.12029035646196197
0.051333333333333335,0.1205616478587891
0.05146666666666667,0.12083293925561624
0.0516,0.12110423065244337
0.05173333333333333,0.1213755220492705
0.051866666666666665,0.12164681344609764
0.052,0.12191810484292477
0.05213333333333333,0.1221893962397519
0.05226666666666667,0.12245944318063029
0.0524,0.12272949012150867
0.052533333333333335,0.12299953706238706
0.05266666666666667,0.12326958400326544
0.0528,0.12353963094414383
0.05293333333333333,0.12380967788502222
0.053066666666666665,0.1240797248259006
0.0532,0.12434977176677899
0.05333333333333334,0.12461981870765737
0.05346666666666667,0.12488986564853576
0.0536,0.1251586681334654
0.053733333333333334,0.12542747061839504
0.05386666666666667,0.12569627310332468
0.054,0.12596507558825432
0.05413333333333333,0.12623387807318395
0.054266666666666664,0.1265026805581136
0.0544,0.12677148304304323
0.054533333333333336,0.12704028552797286
0.05466666666666667,0.12730784355695376
0.0548,0.12757540158593467
0.054933333333333334,0.12784295961491557
0.05506666666666667,0.12811051764389647
0.0552,0.12837807567287737
0.05533333333333333,0.12864563370185828
0.055466666666666664,0.12891194727489041
0.0556,0.12917826084792255
0.055733333333333336,0.1294445744209547
0.05586666666666667,0.12971088799398683
0.056,0.12997720156701897
0.056133333333333334,0.1302435151400511
0.056266666666666666,0.13050982871308325
0.0564,0.1307761422861154
0.05653333333333333,0.13104245585914753
0.056666666666666664,0.13130752497623094
0.0568,0.13157259409331434
0.056933333333333336,0.13183766321039775
0.05706666666666667,0.13210273232748115
0.0572,0.13236780144456456
0.05733333333333333,0.13263287056164796
0.057466666666666666,0.13289793967873137
0.0576,0.13316300879581477
0.05773333333333333,0.13342807791289818
0.057866666666666663,0.13369314702998158
0.058,0.13395697169111623
0.058133333333333335,0.13422079635225087
0.05826666666666667,0.1344846210133855
0.0584,0.13474844567452016
0.05853333333333333,0.1350122703356548
0.058666666666666666,0.13527609499678944
0.0588,0.13553991965792409
0.05893333333333333,0.13580374431905873
0.05906666666666667,0.13606756898019337
0.0592,0.136331393641328
0.059333333333333335,0.13659521830246266
0.05946666666666667,0.13685779850764856
0.0596,0.13712037871283447
0.05973333333333333,0.13738295891802038
0.059866666666666665,0.1376455391232063
0.06,0.1379081193283922
0.06013333333333333,0.1381706995335781
0.06026666666666667,0.13843327973876401
0.0604,0.13869461548800116
0.060533333333333335,0.1389559512372383
0.06066666666666667,0.13921728698647545
0.0608,0.1394786227357126
0.06093333333333333,0.13973995848494974
0.061066666666666665,0.1400012942341869
0.0612,0.14026262998342404
0.06133333333333333,0.14052396573266118
0.06146666666666667,0.14078530148189833
0.0616,0.14104663723113547
0.061733333333333335,0.14130797298037262
0.06186666666666667,0.14156930872960977
0.062,0.1418306444788469
0.06213333333333333,0.14209073577213532
0.062266666666666665,0.14235082706542374
0.0624,0.14261091835871215
0.06253333333333333,0.14287100965200056
0.06266666666666666,0.14313110094528897
0.0628,0.14339119223857738
0.06293333333333333,0.1436512835318658
0.06306666666666666,0.1439113748251542
0.0632,0.14417146611844261
0.06333333333333334,0.14443155741173103
0.06346666666666667,0.14469164870501944
0.0636,0.1449504955423591
0.06373333333333334,0.14520934237969874
0.06386666666666667,0.14546818921703839
0.064,0.14572703605437803
0.06413333333333333,0.14598588289171768
0.06426666666666667,0.14624472972905733
0.0644,0.14650357656639698
0.06453333333333333,0.14676242340373663
0.06466666666666666,0.14702127024107628
0.0648,0.14728011707841593
0.06493333333333333,0.14753771945980684
0.06506666666666666,0.14779532184119776
0.0652,0.14805292422258867
0.06533333333333333,0.1483105266039796
0.06546666666666667,0.1485681289853705
0.0656,0.14882573136676142
0.06573333333333334,0.14908333374815233
0.06586666666666667,0.14933969167359448
0.066,0.14959604959903663
0.06613333333333334,0.1498524075244788
0.06626666666666667,0.15010876544992094
0.0664,0.1503651233753631
0.06653333333333333,0.15062148130080524
0.06666666666666667,0.1508778392262474
0.0668,0.15113419715168955
0.06693333333333333,0.1513905550771317
0.06706666666666666,0.15164691300257385
0.0672,0.151903270928016
0.06733333333333333,0.15215838439750942
0.06746666666666666,0.15241349786700284
0.0676,0.15266861133649626
0.06773333333333334,0.15292372480598967
0.06786666666666667,0.15317759381953433
0.068,0.15343146283307899
0.06813333333333334,0.15368533184662364
0.06826666666666667,0.1539392008601683
0.0684,0.15419306987371295
0.06853333333333333,0.1544469388872576
0.06866666666666667,0.15470080790080226
0.0688,0.15495467691434692
0.06893333333333333,0.15520854592789157
0.06906666666666667,0.15546241494143623
0.0692,0.15571628395498088
0.06933333333333333,0.1559689085125768
0.06946666666666666,0.15622153307017272
0.0696,0.15647415762776865
0.06973333333333333,0.15672678218536457
0.06986666666666666,0.1569794067429605
0.07,0.1572320313005564
0.07013333333333334,0.15748465585815233
0.07026666666666667,0.15773728041574825
0.0704,0.15798990497334417
0.07053333333333334,0.1582425295309401
0.07066666666666667,0.15849390963258725
0.0708,0.1587452897342344
0.07093333333333333,0.15899666983588157
0.07106666666666667,0.15924804993752872
0.0712,0.15949943003917588
0.07133333333333333,0.15975081014082304
0.07146666666666666,0.16000094578652146
0.0716,0.1602510814322199
0.07173333333333333,0.1605012170779183
0.07186666666666666,0.16075135272361674
0.072,0.16100148836931516
0.07213333333333333,0.16125162401501358
0.07226666666666667,0.161501759660712
0.0724,0.16175189530641043
0.07253333333333334,0.16200203095210886
0.07266666666666667,0.16225216659780728
0.0728,0.1625023022435057
0.07293333333333334,0.16275243788920413
0.07306666666666667,0.16300257353490255
0.0732,0.1632514647246522
0.07333333333333333,0.16350035591440187
0.07346666666666667,0.16374924710415154
0.0736,0.1639981382939012
0.07373333333333333,0.16424702948365086
0.07386666666666666,0.16449592067340052
0.074,0.16474481186315018
0.07413333333333333,0.16499370305289984
0.07426666666666666,0.1652425942426495
0.0744,0.16549148543239917
0.07453333333333333,0.16574037662214883
0.07466666666666667,0.16598802335594975
0.0748,0.16623567008975068
0.07493333333333334,0.1664833168235516
0.07506666666666667,0.16673096355735254
0.0752,0.16697861029115346
0.07533333333333334,0.1672262570249544
0.07546666666666667,0.16747390375875532
0.0756,0.16772155049255624
0.07573333333333333,0.16796919722635717
0.07586666666666667,0.1682168439601581
0.076,0.16846449069395902
0.07613333333333333,0.1687108929718112
0.07626666666666666,0.16895729524966335
0.0764,0.16920369752751552
0.07653333333333333,0.16945009980536768
0.07666666666666666,0.16969650208321985
0.0768,0.169942904361072
0.07693333333333334,0.17018930663892418
0.07706666666666667,0.17043570891677634
0.0772,0.1706821111946285
0.07733333333333334,0.17092851347248067
0.07746666666666667,0.17117491575033283
0.0776,0.17142007357223626
0.07773333333333333,0.1716652313941397
0.07786666666666667,0.17191038921604312
0.078,0.17215554703794655
0.07813333333333333,0.17240070485984998
0.07826666666666666,0.17264586268175341
0.0784,0.17289102050365684
0.07853333333333333,0.17313617832556027
0.07866666666666666,0.17338009169151494
0.0788,0.1736240050574696
0.07893333333333333,0.17386791842342428
0.07906666666666666,0.17411183178937895
0.0792,0.1743557451553336
0.07933333333333334,0.17459965852128828
0.07946666666666667,0.17484357188724295
0.0796,0.17508748525319762
0.07973333333333334,0.17533139861915228
0.07986666666666667,0.17557531198510695
0.08,0.17581922535106162
0.08013333333333333,0.1760631387170163
0.08026666666666667,0.17630705208297096
0.0804,0.17655096544892562
0.08053333333333333,0.1767948788148803
0.08066666666666666,0.17703754772488622
0.0808,0.17728021663489216
0.08093333333333333,0.1775228855448981
0.08106666666666666,0.17776555445490402
0.0812,0.17800822336490996
0.08133333333333333,0.1782508922749159
0.08146666666666667,0.17849356118492182
0.0816,0.17873623009492776
0.08173333333333334,0.1789788990049337
0.08186666666666667,0.17922156791493962
0.082,0.17946423682494556
0.08213333333333334,0.1797069057349515
0.08226666666666667,0.17994957464495742
0.0824,0.18019224355496335
0.08253333333333333,0.18043366800902053
0.08266666666666667,0.1806750924630777
0.0828,0.18091651691713487
0.08293333333333333,0.18115794137119204
0.08306666666666666,0.1813993658252492
0.0832,0.18164079027930638
0.08333333333333333,0.18188221473336355
0.08346666666666666,0.18212363918742072
0.0836,0.1823650636414779
0.08373333333333334,0.18260648809553506
0.08386666666666667,0.18284791254959223
0.084,0.1830893370036494
0.08413333333333334,0.18333076145770658
0.08426666666666667,0.18357218591176375
0.0844,0.18381361036582092
0.08453333333333334,0.1840550348198781
0.08466666666666667,0.18429645927393526
0.0848,0.1845366392720437
0.08493333333333333,0.18477681927015213
0.08506666666666667,0.18501699926826057
0.0852,0.185257179266369
0.08533333333333333,0.18549735926447744
0.08546666666666666,0.18573753926258588
0.0856,0.1859777192606943
0.08573333333333333,0.18621789925880275
0.08586666666666666,0.18645807925691119
0.086,0.18669825925501962
0.08613333333333334,0.18693843925312806
0.08626666666666667,0.1871786192512365
0.0864,0.18741879924934493
0.08653333333333334,0.18765897924745337
0.08666666666666667,0.18789791478961304
0.0868,0.18813685033177271
0.08693333333333333,0.1883757858739324
0.08706666666666667,0.18861472141609206
0.0872,0.18885365695825174
0.08733333333333333,0.1890925925004114
0.08746666666666666,0.18933152804257108
0.0876,0.18957046358473076
0.08773333333333333,0.18980939912689043
0.08786666666666666,0.1900483346690501
0.088,0.19028727021120978
0.08813333333333333,0.19052620575336945
0.08826666666666666,0.19076514129552913
0.0884,0.19100283238174007
0.08853333333333334,0.191240523467951
0.08866666666666667,0.19147821455416195
0.0888,0.19171590564037289
0.08893333333333334,0.19195359672658382
0.08906666666666667,0.19219128781279476
0.0892,0.1924289788990057
0.08933333333333333,0.19266666998521664
0.08946666666666667,0.19290436107142758
0.0896,0.19314205215763852
0.08973333333333333,0.19337974324384946
0.08986666666666666,0.1936174343300604
0.09,0.19385512541627134
0.09013333333333333,0.19409157204653352
0.09026666666666666,0.1943280186767957
0.0904,0.19456446530705787
0.09053333333333333,0.19480091193732005
0.09066666666666667,0.19503735856758223
0.0908,0.1952738051978444
0.09093333333333334,0.19551025182810658
0.09106666666666667,0.19574669845836876
0.0912,0.19598314508863093
0.09133333333333334,0.1962195917188931
0.09146666666666667,0.1964560383491553
0.0916,0.19669248497941746
0.09173333333333333,0.19692893160967964
0.09186666666666667,0.19716537823994182
0.092,0.19740058041425526
0.09213333333333333,0.1976357825885687
0.09226666666666666,0.19787098476288215
0.0924,0.1981061869371956
0.09253333333333333,0.19834138911150903
0.09266666666666666,0.19857659128582247
0.0928,0.19881179346013592
0.09293333333333334,0.19904699563444936
0.09306666666666667,0.1992821978087628
0.0932,0.19951615552712748
0.09333333333333334,0.19975011324549216
0.09346666666666667,0.19998407096385684
0.0936,0.20021802868222152
0.09373333333333334,0.2004519864005862
0.09386666666666667,0.20068594411895088
0.094,0.20091990183731556
0.09413333333333333,0.20115385955568024
0.09426666666666667,0.20138781727404492
0.0944,0.2016217749924096
0.09453333333333333,0.20185573271077428
0.09466666666666666,0.20208969042913896
0.0948,0.20232364814750364
0.09493333333333333,0.20255760586586832
0.09506666666666666,0.202791563584233
0.0952,0.20302552130259768
0.09533333333333334,0.20325947902096236
0.09546666666666667,0.20349343673932704
0.0956,0.20372739445769172
0.09573333333333334,0.2039613521760564
0.09586666666666667,0.20419530989442108
0.096,0.20442926761278576
0.09613333333333333,0.20466322533115044
0.09626666666666667,0.20489718304951512
0.0964,0.2051311407678798
0.09653333333333333,0.20536509848624449
0.09666666666666666,0.20559905620460917
0.0968,0.20583301392297385
0.09693333333333333,0.2060657271853898
0.09706666666666666,0.20629844044780574
0.0972,0.20653115371022168
0.09733333333333333,0.20676386697263763
0.09746666666666666,0.20699658023505357
0.0976,0.20722929349746952
0.09773333333333334,0.20746200675988546
0.09786666666666667,0.2076947200223014
0.098,0.20792743328471736
0.09813333333333334,0.2081601465471333
0.09826666666666667,0.20839285980954925
0.0984,0.2086255730719652
0.09853333333333333,0.20885828633438114
0.09866666666666667,0.20909099959679708
0.0988,0.20932371285921303
0.09893333333333333,0.20955642612162897
0.09906666666666666,0.20978913938404492
0.0992,0.21002185264646087
0.09933333333333333,0.21025332145292805
0.09946666666666666,0.21048479025939523
0.0996,0.21071625906586242
0.09973333333333333,0.2109477278723296
0.09986666666666667,0.21117919667879678
0.1,0.21141066548526397
0.10013333333333334,0.21164213429173115
0.10026666666666667,0.21187360309819833
0.1004,0.21210507190466552
0.10053333333333334,0.2123365407111327
0.10066666666666667,0.21256800951759988
0.1008,0.21279947832406707
0.10093333333333333,0.21303094713053425
0.10106666666666667,0.21326241593700143
0.1012,0.21349388474346861
0.10133333333333333,0.2137253535499358
0.10146666666666666,0.21395682235640298
0.1016,0.21418829116287016
0.10173333333333333,0.21441975996933735
0.10186666666666666,0.21465122877580453
0.102,0.21488269758227171
0.10213333333333334,0.2151141663887389
0.10226666666666667,0.21534563519520608
0.1024,0.21557585954572453
0.10253333333333334,0.21580608389624298
0.10266666666666667,0.21603630824676143
0.1028,0.21626653259727988
0.10293333333333334,0.21649675694779832
0.10306666666666667,0.21672698129831677
0.1032,0.21695720564883522
0.10333333333333333,0.21718742999935367
0.10346666666666667,0.21741765434987212
0.1036,0.21764787870039057
0.10373333333333333,0.21787810305090902
0.10386666666666666,0.21810832740142747
0.104,0.21833855175194591
0.10413333333333333,0.21856877610246436
0.10426666666666666,0.2187990004529828
0.1044,0.21902922480350126
0.10453333333333334,0.2192594491540197
0.10466666666666667,0.21948967350453816
0.1048,0.2197198978550566
0.10493333333333334,0.21995012220557505
0.10506666666666667,0.22017910210014474
0.1052,0.22040808199471443
0.10533333333333333,0.22063706188928411
0.10546666666666667,0.2208660417838538
0.1056,0.2210950216784235
0.10573333333333333,0.22132400157299317
0.10586666666666666,0.22155298146756286
0.106,0.22178196136213255
0.10613333333333333,0.22201094125670223
0.10626666666666666,0.22223992115127192
0.1064,0.2224689010458416
0.10653333333333333,0.2226978809404113
0.10666666666666667,0.22292686083498098
0.1068,0.22315584072955066
0.10693333333333334,0.22338482062412035
0.10706666666666667,0.22361380051869004
0.1072,0.22384278041325972
0.10733333333333334,0.2240717603078294
0.10746666666666667,0.22429949574645036
0.1076,0.2245272311850713
0.10773333333333333,0.22475496662369226
0.10786666666666667,0.22498270206231322
0.108,0.22521043750093417
0.10813333333333333,0.22543817293955512
0.10826666666666666,0.22566590837817607
0.1084,0.22589364381679702
0.10853333333333333,0.22612137925541798
0.10866666666666666,0.22634911469403893
0.1088,0.22657685013265988
0.10893333333333333,0.22680458557128083
0.10906666666666667,0.22703232100990178
0.1092,0.22726005644852273
0.10933333333333334,0.2274877918871437
0.10946666666666667,0.22771428286981588
0.1096,0.22794077385248807
0.10973333333333334,0.22816726483516026
0.10986666666666667,0.22839375581783244
0.11,0.22862024680050463
0.11013333333333333,0.22884673778317682
0.11026666666666667,0.229073228765849
0.1104,0.2292997197485212
0.11053333333333333,0.2295262107311934
0.11066666666666666,0.22975270171386558
0.1108,0.22997919269653777
0.11093333333333333,0.23020568367920996
0.11106666666666666,0.23043217466188215
0.1112,0.23065866564455434
0.11133333333333334,0.23088515662722653
0.11146666666666667,0.23111164760989872
0.1116,0.2313381385925709
0.11173333333333334,0.2315646295752431
0.11186666666666667,0.2317911205579153
0.112,0.23201761154058748
0.11213333333333333,0.23224410252325967
0.11226666666666667,0.23247059350593186
0.1124,0.23269708448860404
0.11253333333333333,0.23292357547127623
0.11266666666666666,0.23315006645394842
0.1128,0.2333765574366206
0.11293333333333333,0.23360180396334407
0.11306666666666666,0.23382705049006752
0.1132,0.23405229701679098
0.11333333333333333,0.23427754354351443
0.11346666666666666,0.2345027900702379
0.1136,0.23472803659696134
0.11373333333333334,0.2349532831236848
0.11386666666666667,0.23517852965040825
0.114,0.2354037761771317
0.11413333333333334,0.23562902270385516
0.11426666666666667,0.23585426923057862
0.1144,0.23607951575730207
0.11453333333333333,0.23630476228402553
0.11466666666666667,0.23653000881074898
0.1148,0.23675525533747244
0.11493333333333333,0.2369805018641959
0.11506666666666666,0.23720574839091935
0.1152,0.2374309949176428
0.11533333333333333,0.23765624144436626
0.11546666666666666,0.2378814879710897
0.1156,0.23810673449781317
0.11573333333333333,0.23833073656858786
0.11586666666666667,0.23855473863936255
0.116,0.23877874071013724
0.11613333333333334,0.23900274278091194
0.11626666666666667,0.23922674485168663
0.1164,0.23945074692246132
0.11653333333333334,0.23967474899323601
0.11666666666666667,0.2398987510640107
0.1168,0.2401227531347854
0.11693333333333333,0.2403467552055601
0.11706666666666667,0.24057075727633478
0.1172,0.24079475934710948
0.11733333333333333,0.24101876141788417
0.11746666666666666,0.24124276348865886
0.1176,0.24146676555943355
0.11773333333333333,0.24169076763020825
0.11786666666666666,0.24191476970098294
0.118,0.2421375273158089
0.11813333333333334,0.24236028493063486
0.11826666666666667,0.24258304254546081
0.1184,0.24280580016028677
0.11853333333333334,0.24302855777511273
0.11866666666666667,0.2432513153899387
0.1188,0.24347407300476465
0.11893333333333334,0.2436968306195906
0.11906666666666667,0.24391958823441656
0.1192,0.24414234584924252
0.11933333333333333,0.24436510346406848
0.11946666666666667,0.24458786107889444
0.1196,0.2448106186937204
0.11973333333333333,0.24503337630854635
0.11986666666666666,0.2452561339233723
0.12,0.24547889153819827
0.12013333333333333,0.24570164915302423
0.12026666666666666,0.24592440676785018
0.1204,0.24614716438267614
0.12053333333333334,0.2463699219975021
0.12066666666666667,0.24659267961232806
0.1208,0.24681543722715402
0.12093333333333334,0.24703819484197997
0.12106666666666667,0.24726095245680593
0.1212,0.24748246561568313
0.12133333333333333,0.24770397877456032
0.12146666666666667,0.24792549193343752
0.1216,0.24814700509231472
0.12173333333333333,0.2483685182511919
0.12186666666666666,0.2485900314100691
0.122,0.2488115445689463
0.12213333333333333,0.2490330577278235
0.12226666666666666,0.2492545708867007
0.1224,0.2494760840455779
0.12253333333333333,0.24969759720445509
0.12266666666666666,0.24991911036333228
0.1228,0.2501406235222095
0.12293333333333334,0.2503621366810867
0.12306666666666667,0.2505836498399639
0.1232,0.2508051629988411
0.12333333333333334,0.2510266761577183
0.12346666666666667,0.2512481893165955
0.1236,0.2514697024754727
0.12373333333333333,0.2516912156343499
0.12386666666666667,0.25191272879322707
0.124,0.25213299749615553
0.12413333333333333,0.252353266199084
0.12426666666666666,0.25257353490201245
0.1244,0.2527938036049409
0.12453333333333333,0.2530140723078694
0.12466666666666666,0.25323434101079784
0.1248,0.2534546097137263
0.12493333333333333,0.25367487841665476
0.12506666666666666,0.2538951471195832
0.1252,0.2541154158225117
0.12533333333333332,0.25433568452544014
0.12546666666666667,0.2545559532283686
0.1256,0.25477622193129706
0.12573333333333334,0.2549964906342255
0.12586666666666665,0.255216759337154
0.126,0.25543702804008245
0.12613333333333332,0.2556572967430109
0.12626666666666667,0.25587756544593937
0.1264,0.25609783414886783
0.12653333333333333,0.25631685839584756
0.12666666666666668,0.2565358826428273
0.1268,0.256754906889807
0.12693333333333334,0.25697393113678674
0.12706666666666666,0.25719295538376646
0.1272,0.2574119796307462
0.12733333333333333,0.2576310038777259
0.12746666666666667,0.25785002812470564
0.1276,0.25806905237168537
0.12773333333333334,0.2582880766186651
0.12786666666666666,0.2585071008656448
0.128,0.25872612511262455
0.12813333333333332,0.2589451493596043
0.12826666666666667,0.259164173606584
0.1284,0.25938319785356373
0.12853333333333333,0.25960222210054346
0.12866666666666668,0.2598212463475232
0.1288,0.2600402705945029
0.12893333333333334,0.26025929484148264
0.12906666666666666,0.26047831908846236
0.1292,0.2606973433354421
0.12933333333333333,0.2609163675824218
0.12946666666666667,0.26113414737345275
0.1296,0.2613519271644837
0.12973333333333334,0.2615697069555146
0.12986666666666666,0.26178748674654556
0.13,0.2620052665375765
0.13013333333333332,0.26222304632860743
0.13026666666666667,0.26244082611963837
0.1304,0.2626586059106693
0.13053333333333333,0.26287638570170024
0.13066666666666665,0.2630941654927312
0.1308,0.2633119452837621
0.13093333333333335,0.26352972507479305
0.13106666666666666,0.263747504865824
0.1312,0.2639652846568549
0.13133333333333333,0.26418306444788586
0.13146666666666668,0.2644008442389168
0.1316,0.26461862402994774
0.13173333333333334,0.26483640382097867
0.13186666666666666,0.2650541836120096
0.132,0.26527196340304054
0.13213333333333332,0.26548849873812275
0.13226666666666667,0.26570503407320495
0.1324,0.26592156940828715
0.13253333333333334,0.26613810474336935
0.13266666666666665,0.26635464007845155
0.1328,0.26657117541353376
0.13293333333333332,0.26678771074861596
0.13306666666666667,0.26700424608369816
0.1332,0.26722078141878036
0.13333333333333333,0.26743731675386256
0.13346666666666668,0.26765385208894477
0.1336,0.26787038742402697
0.13373333333333334,0.26808692275910917
0.13386666666666666,0.26830345809419137
0.134,0.2685199934292736
0.13413333333333333,0.2687365287643558
0.13426666666666667,0.268953064099438
0.1344,0.26916835497857144
0.13453333333333334,0.2693836458577049
0.13466666666666666,0.2695989367368384
0.1348,0.26981422761597185
0.13493333333333332,0.2700295184951053
0.13506666666666667,0.2702448093742388
0.1352,0.27046010025337225
0.13533333333333333,0.2706753911325057
0.13546666666666668,0.2708906820116392
0.1356,0.27110597289077265
0.13573333333333334,0.2713212637699061
0.13586666666666666,0.2715365546490396
0.136,0.27175184552817305
0.13613333333333333,0.2719671364073065
0.13626666666666667,0.27218242728644
0.1364,0.27239771816557345
0.13653333333333334,0.2726130090447069
0.13666666666666666,0.2728282999238404
0.1368,0.27304359080297386
0.13693333333333332,0.2732588816821073
0.13706666666666667,0.2734741725612408
0.1372,0.27368946344037426
0.13733333333333334,0.2739047543195077
0.13746666666666665,0.27411880074269246
0.1376,0.2743328471658772
0.13773333333333335,0.2745468935890619
0.13786666666666667,0.27476094001224666
0.138,0.2749749864354314
0.13813333333333333,0.2751890328586161
0.13826666666666668,0.27540307928180086
0.1384,0.2756171257049856
0.13853333333333334,0.2758311721281703
0.13866666666666666,0.27604521855135505
0.1388,0.2762592649745398
0.13893333333333333,0.2764733113977245
0.13906666666666667,0.27668735782090925
0.1392,0.276901404244094
0.13933333333333334,0.2771154506672787
0.13946666666666666,0.27732949709046345
0.1396,0.2775435435136482
0.13973333333333332,0.2777575899368329
0.13986666666666667,0.27797163636001765
0.14,0.2781856827832024
0.14013333333333333,0.2783997292063871
0.14026666666666668,0.27861377562957185
0.1404,0.2788278220527566
0.14053333333333334,0.2790406240199925
0.14066666666666666,0.27925342598722847
0.1408,0.2794662279544644
0.14093333333333333,0.27967902992170035
0.14106666666666667,0.2798918318889363
0.1412,0.28010463385617224
0.14133333333333334,0.2803174358234082
0.14146666666666666,0.2805302377906441
0.1416,0.28074303975788006
0.14173333333333332,0.280955841725116
0.14186666666666667,0.28116864369235195
0.142,0.2813814456595879
0.14213333333333333,0.28159424762682383
0.14226666666666668,0.2818070495940598
0.1424,0.2820198515612957
0.14253333333333335,0.28223265352853166
0.14266666666666666,0.2824454554957676
0.1428,0.28265825746300355
0.14293333333333333,0.2828710594302395
0.14306666666666668,0.28308386139747543
0.1432,0.2832966633647114
0.14333333333333334,0.2835094653319473
0.14346666666666666,0.28372226729918326
0.1436,0.28393382481047047
0.14373333333333332,0.2841453823217577
0.14386666666666667,0.2843569398330449
0.144,0.2845684973443321
0.14413333333333334,0.2847800548556193
0.14426666666666665,0.2849916123669065
0.1444,0.2852031698781937
0.14453333333333335,0.2854147273894809
0.14466666666666667,0.28562628490076813
0.1448,0.28583784241205534
0.14493333333333333,0.28604939992334255
0.14506666666666668,0.28626095743462976
0.1452,0.28647251494591697
0.14533333333333334,0.2866840724572042
0.14546666666666666,0.2868956299684914
0.1456,0.2871071874797786
0.14573333333333333,0.2873187449910658
0.14586666666666667,0.287530302502353
0.146,0.2877418600136402
0.14613333333333334,0.2879534175249274
0.14626666666666666,0.28816497503621463
0.1464,0.28837653254750184
0.14653333333333332,0.28858809005878905
0.14666666666666667,0.2887984031141275
0.1468,0.289008716169466
0.14693333333333333,0.28921902922480447
0.14706666666666668,0.28942934228014294
0.1472,0.2896396553354814
0.14733333333333334,0.2898499683908199
0.14746666666666666,0.29006028144615836
0.1476,0.29027059450149684
0.14773333333333333,0.2904809075568353
0.14786666666666667,0.2906912206121738
0.148,0.29090153366751226
0.14813333333333334,0.29111184672285073
0.14826666666666666,0.2913221597781892
0.1484,0.2915324728335277
0.14853333333333332,0.29174278588886615
0.14866666666666667,0.2919530989442046
0.1488,0.2921634119995431
0.14893333333333333,0.2923737250548816
0.14906666666666665,0.29258403811022005
0.1492,0.2927943511655585
0.14933333333333335,0.29300341976494826
0.14946666666666666,0.293212488364338
0.1496,0.29342155696372774
0.14973333333333333,0.2936306255631175
0.14986666666666668,0.2938396941625072
0.15,0.29404876276189695
0.15013333333333334,0.2942578313612867
0.15026666666666666,0.29446689996067643
0.1504,0.29467596856006617
0.15053333333333332,0.2948850371594559
0.15066666666666667,0.29509410575884565
0.1508,0.2953031743582354
0.15093333333333334,0.2955122429576251
0.15106666666666665,0.29572131155701487
0.1512,0.2959303801564046
0.15133333333333332,0.29613944875579434
0.15146666666666667,0.2963485173551841
0.1516,0.29655634149862503
0.15173333333333333,0.296764165642066
0.15186666666666668,0.29697198978550693
0.152,0.2971798139289479
0.15213333333333334,0.2973876380723888
0.15226666666666666,0.2975954622158298
0.1524,0.2978032863592707
0.15253333333333333,0.2980111105027117
0.15266666666666667,0.2982189346461526
0.1528,0.29842675878959357
0.15293333333333334,0.2986345829330345
0.15306666666666666,0.29884240707647547
0.1532,0.2990502312199164
0.15333333333333332,0.29925805536335737
0.15346666666666667,0.2994658795067983
0.1536,0.29967245919429053
0.15373333333333333,0.29987903888178274
0.15386666666666668,0.30008561856927496
0.154,0.3002921982567672
0.15413333333333334,0.3004987779442594
0.15426666666666666,0.3007053576317516
0.1544,0.3009119373192438
0.15453333333333333,0.30111851700673603
0.15466666666666667,0.30132509669422824
0.1548,0.30153167638172046
0.15493333333333334,0.3017382560692127
0.15506666666666666,0.3019448357567049
0.1552,0.3021514154441971
0.15533333333333332,0.3023579951316893
0.15546666666666667,0.30256457481918153
0.1556,0.30277115450667375
0.15573333333333333,0.30297773419416596
0.15586666666666665,0.3031843138816582
0.156,0.3033908935691504
0.15613333333333335,0.3035974732566426
0.15626666666666666,0.3038040529441348
0.1564,0.3040093881756783
0.15653333333333333,0.3042147234072218
0.15666666666666668,0.30442005863876526
0.1568,0.30462539387030874
0.15693333333333334,0.3048307291018522
0.15706666666666666,0.3050360643333957
0.1572,0.3052413995649392
0.15733333333333333,0.30544673479648266
0.15746666666666667,0.30565207002802613
0.1576,0.3058574052595696
0.15773333333333334,0.3060627404911131
0.15786666666666666,0.3062680757226566
0.158,0.30647341095420005
0.15813333333333332,0.30667874618574353
0.15826666666666667,0.306884081417287
0.1584,0.3070894166488305
0.15853333333333333,0.307294751880374
0.15866666666666668,0.30750008711191745
0.1588,0.30770542234346093
0.15893333333333334,0.3079107575750044
0.15906666666666666,0.3081160928065479
0.1592,0.30832142803809137
0.15933333333333333,0.30852676326963485
0.15946666666666667,0.30873209850117833
0.1596,0.3089374337327218
0.15973333333333334,0.3091427689642653
0.15986666666666666,0.30934810419580877
0.16,0.30955343942735225
0.16013333333333332,0.30975877465889573
0.16026666666666667,0.3099628654344905
0.1604,0.3101669562100852
0.16053333333333333,0.31037104698567997
0.16066666666666668,0.3105751377612747
0.1608,0.31077922853686946
0.16093333333333334,0.3109833193124642
0.16106666666666666,0.31118741008805895
0.1612,0.3113915008636537
0.16133333333333333,0.31159559163924844
0.16146666666666668,0.3117996824148432
0.1616,0.3120037731904379
0.16173333333333334,0.3122078639660327
0.16186666666666666,0.3124119547416274
0.162,0.31261604551722216
0.16213333333333332,0.3128201362928169
0.16226666666666667,0.31302422706841165
0.1624,0.3132283178440064
0.16253333333333334,0.31343240861960114
0.16266666666666665,0.3136364993951959
0.1628,0.31384059017079063
0.16293333333333335,0.3140446809463854
0.16306666666666667,0.3142487717219801
0.1632,0.31445286249757487
0.16333333333333333,0.3146569532731696
0.16346666666666668,0.31486104404876436
0.1636,0.3150651348243591
0.16373333333333334,0.31526922559995385
0.16386666666666666,0.3154733163755486
0.164,0.31567740715114334
0.16413333333333333,0.3158814979267381
0.16426666666666667,0.31608558870233283
0.1644,0.3162896794779276
0.16453333333333334,0.3164937702535223
0.16466666666666666,0.3166966165731683
0.1648,0.31689946289281423
0.16493333333333332,0.3171023092124602
0.16506666666666667,0.31730515553210614
0.1652,0.3175080018517521
0.16533333333333333,0.31771084817139805
0.16546666666666668,0.317913694491044
0.1656,0.31811654081068996
0.16573333333333334,0.3183193871303359
0.16586666666666666,0.3185222334499819
0.166,0.31872507976962783
0.16613333333333333,0.3189279260892738
0.16626666666666667,0.31913077240891974
0.1664,0.3193336187285657
0.16653333333333334,0.31953646504821165
0.16666666666666666,0.3197393113678576
0.1668,0.31994215768750356
0.16693333333333332,0.3201450040071495
0.16706666666666667,0.32034785032679547
0.1672,0.3205506966464414
0.16733333333333333,0.32075229851013864
0.16746666666666668,0.32095390037383587
0.1676,0.3211555022375331
0.16773333333333335,0.3213571041012303
0.16786666666666666,0.3215587059649275
0.168,0.32176030782862475
0.16813333333333333,0.32196190969232197
0.16826666666666668,0.3221635115560192
0.1684,0.3223651134197164
0.16853333333333334,0.32256671528341363
0.16866666666666666,0.32276831714711085
0.1688,0.32296991901080807
0.16893333333333332,0.3231715208745053
0.16906666666666667,0.3233731227382025
0.1692,0.32357472460189973
0.16933333333333334,0.32377632646559695
0.16946666666666665,0.3239779283292942
0.1696,0.3241795301929914
0.16973333333333335,0.3243811320566886
0.16986666666666667,0.32458273392038584
0.17,0.32478433578408306
0.17013333333333333,0.3249859376477803
0.17026666666666668,0.3251875395114775
0.1704,0.3253891413751747
0.17053333333333334,0.32559074323887194
0.17066666666666666,0.32579234510256916
0.1708,0.3259939469662664
0.17093333333333333,0.3261955488299636
0.17106666666666667,0.3263971506936608
0.1712,0.32659875255735804
0.17133333333333334,0.3267991099651065
0.17146666666666666,0.326999467372855
0.1716,0.3271998247806035
0.17173333333333332,0.327400182188352
0.17186666666666667,0.32760053959610047
0.172,0.32780089700384896
0.17213333333333333,0.32800125441159744
0.17226666666666668,0.32820161181934593
0.1724,0.3284019692270944
0.17253333333333334,0.3286023266348429
0.17266666666666666,0.3288026840425914
0.1728,0.3290030414503399
0.17293333333333333,0.32920339885808836
0.17306666666666667,0.32940375626583684
0.1732,0.32960411367358533
0.17333333333333334,0.3298044710813338
0.17346666666666666,0.3300048284890823
0.1736,0.3302051858968308
0.17373333333333332,0.3304055433045793
0.17386666666666667,0.33060590071232776
0.174,0.33080625812007625
0.17413333333333333,0.33100661552782473
0.17426666666666665,0.3312057284796245
0.1744,0.33140484143142424
0.17453333333333335,0.331603954383224
0.17466666666666666,0.33180306733502374
0.1748,0.3320021802868235
0.17493333333333333,0.33220129323862324
0.17506666666666668,0.332400406190423
0.1752,0.33259951914222274
0.17533333333333334,0.3327986320940225
0.17546666666666666,0.33299774504582225
0.1756,0.333196857997622
0.17573333333333332,0.33339597094942175
0.17586666666666667,0.3335950839012215
0.176,0.33379419685302125
0.17613333333333334,0.333993309804821
0.17626666666666665,0.33419242275662076
0.1764,0.3343915357084205
0.17653333333333332,0.33459064866022026
0.17666666666666667,0.33478976161202
0.1768,0.33498887456381976
0.17693333333333333,0.3351879875156195
0.17706666666666668,0.33538710046741926
0.1772,0.335586213419219
0.17733333333333334,0.33578532637101877
0.17746666666666666,0.3359844393228185
0.1776,0.33618355227461827
0.17773333333333333,0.336382665226418
0.17786666666666667,0.336580533722269
0.178,0.33677840221811994
0.17813333333333334,0.3369762707139709
0.17826666666666666,0.33717413920982187
0.1784,0.3373720077056728
0.17853333333333332,0.3375698762015238
0.17866666666666667,0.33776774469737475
0.1788,0.3379656131932257
0.17893333333333333,0.3381634816890767
0.17906666666666668,0.33836135018492763
0.1792,0.3385592186807786
0.17933333333333334,0.33875708717662956
0.17946666666666666,0.3389549556724805
0.1796,0.3391528241683315
0.17973333333333333,0.33935069266418244
0.17986666666666667,0.3395485611600334
0.18,0.33974642965588436
0.18013333333333334,0.3399442981517353
0.18026666666666666,0.3401421666475863
0.1804,0.34034003514343725
0.18053333333333332,0.3405379036392882
0.18066666666666667,0.34073577213513917
0.1808,0.34093364063099013
0.18093333333333333,0.3411315091268411
0.18106666666666665,0.3413281331667433
0.1812,0.34152475720664555
0.18133333333333335,0.3417213812465478
0.18146666666666667,0.34191800528645
0.1816,0.3421146293263522
0.18173333333333333,0.34231125336625445
0.18186666666666668,0.3425078774061567
0.182,0.3427045014460589
0.18213333333333334,0.34290112548596113
0.18226666666666666,0.34309774952586336
0.1824,0.3432943735657656
0.18253333333333333,0.3434909976056678
0.18266666666666667,0.34368762164557004
0.1828,0.34388424568547227
0.18293333333333334,0.3440808697253745
0.18306666666666666,0.3442774937652767
0.1832,0.34447411780517895
0.18333333333333332,0.3446707418450812
0.18346666666666667,0.3448673658849834
0.1836,0.34506398992488563
0.18373333333333333,0.34526061396478785
0.18386666666666668,0.3454572380046901
0.184,0.3456538620445923
0.18413333333333334,0.34585048608449453
0.18426666666666666,0.34604711012439676
0.1844,0.346243734164299
0.18453333333333333,0.3464403582042012
0.18466666666666667,0.34663698224410344
0.1848,0.34683360628400567
0.18493333333333334,0.3470302303239079
0.18506666666666666,0.3472268543638101
0.1852,0.34742347840371235
0.18533333333333332,0.34761885798766584
0.18546666666666667,0.34781423757161933
0.1856,0.3480096171555728
0.18573333333333333,0.3482049967395263
0.18586666666666668,0.3484003763234798
0.186,0.3485957559074333
0.18613333333333335,0.3487911354913868
0.18626666666666666,0.3489865150753403
0.1864,0.3491818946592938
0.18653333333333333,0.34937727424324727
0.18666666666666668,0.34957265382720076
0.1868,0.34976803341115426
0.18693333333333334,0.34996341299510775
0.18706666666666666,0.35015879257906124
0.1872,0.35035417216301473
0.18733333333333332,0.3505495517469682
0.18746666666666667,0.3507449313309217
0.1876,0.3509403109148752
0.18773333333333334,0.3511356904988287
0.18786666666666665,0.3513310700827822
0.188,0.35152520521078695
0.18813333333333335,0.3517193403387917
0.18826666666666667,0.35191347546679647
0.1884,0.3521076105948012
0.18853333333333333,0.352301745722806
0.18866666666666668,0.35249588085081074
0.1888,0.3526900159788155
0.18893333333333334,0.35288415110682025
0.18906666666666666,0.353078286234825
0.1892,0.35327242136282977
0.18933333333333333,0.3534665564908345
0.18946666666666667,0.3536606916188393
0.1896,0.35385482674684404
0.18973333333333334,0.3540489618748488
0.18986666666666666,0.35424309700285356
0.19,0.3544372321308583
0.19013333333333332,0.3546313672588631
0.19026666666666667,0.35482550238686783
0.1904,0.3550196375148726
0.19053333333333333,0.35521377264287735
0.19066666666666668,0.3554079077708821
0.1908,0.35560204289888686
0.19093333333333334,0.3557961780268916
0.19106666666666666,0.3559903131548964
0.1912,0.35618444828290113
0.19133333333333333,0.3563785834109059
0.19146666666666667,0.35657271853891065
0.1916,0.3567668536669154
0.19173333333333334,0.35696098879492016
0.19186666666666666,0.3571551239229249
0.192,0.3573492590509297
0.19213333333333332,0.35754214972298565
0.19226666666666667,0.3577350403950416
0.1924,0.3579279310670976
0.19253333333333333,0.35812082173915355
0.19266666666666668,0.3583137124112095
0.1928,0.3585066030832655
0.19293333333333335,0.35869949375532145
0.19306666666666666,0.3588923844273774
0.1932,0.3590852750994334
0.19333333333333333,0.35927816577148936
0.19346666666666668,0.3594710564435453
0.1936,0.3596639471156013
0.19373333333333334,0.35985683778765726
0.19386666666666666,0.3600497284597132
0.194,0.3602426191317692
0.19413333333333332,0.36043550980382516
0.19426666666666667,0.36062840047588113
0.1944,0.3608212911479371
0.19453333333333334,0.36101418181999306
0.19466666666666665,0.36120707249204903
0.1948,0.361399963164105
0.19493333333333332,0.36159285383616097
0.19506666666666667,0.36178574450821693
0.1952,0.3619786351802729
0.19533333333333333,0.36217152585232887
0.19546666666666668,0.36236441652438484
0.1956,0.3625573071964408
0.19573333333333334,0.36275019786849677
0.19586666666666666,0.36294308854055274
0.196,0.3631359792126087
0.19613333333333333,0.3633288698846647
0.19626666666666667,0.36352176055672064
0.1964,0.3637146512287766
0.19653333333333334,0.3639075419008326
0.19666666666666666,0.36410043257288854
0.1968,0.3642933232449445
0.19693333333333332,0.3644862139170005
0.19706666666666667,0.36467910458905645
0.1972,0.3648707508051637
0.19733333333333333,0.3650623970212709
0.19746666666666668,0.36525404323737815
0.1976,0.3654456894534854
0.19773333333333334,0.3656373356695926
0.19786666666666666,0.36582898188569984
0.198,0.3660206281018071
0.19813333333333333,0.3662122743179143
0.19826666666666667,0.36640392053402154
0.1984,0.3665955667501288
0.19853333333333334,0.366787212966236
0.19866666666666666,0.36697885918234324
0.1988,0.3671705053984505
0.19893333333333332,0.3673621516145577
0.19906666666666667,0.36755379783066494
0.1992,0.3677454440467722
0.19933333333333333,0.3679370902628794
0.19946666666666665,0.36812873647898664
0.1996,0.3683203826950939
0.19973333333333335,0.3685120289112011
0.19986666666666666,0.36870367512730834
0.2,0.36889407688746684
0.20013333333333333,0.36908447864762534
0.20026666666666668,0.36927488040778383
0.2004,0.36946528216794233
0.20053333333333334,0.36965568392810083
0.20066666666666666,0.36984608568825933
0.2008,0.37003648744841783
0.20093333333333332,0.3702268892085763
0.20106666666666667,0.3704172909687348
0.2012,0.3706076927288933
0.20133333333333334,0.3707980944890518
0.20146666666666666,0.3709884962492103
0.2016,0.3711788980093688
0.20173333333333332,0.3713692997695273
0.20186666666666667,0.3715597015296858
0.202,0.3717501032898443
0.20213333333333333,0.3719405050500028
0.20226666666666668,0.3721309068101613
0.2024,0.3723213085703198
0.20253333333333334,0.3725117103304783
0.20266666666666666,0.3727021120906368
0.2028,0.3728925138507953
0.20293333333333333,0.3730829156109538
0.20306666666666667,0.3732733173711123
0.2032,0.3734637191312708
0.20333333333333334,0.3736541208914293
0.20346666666666666,0.3738445226515878
0.2036,0.3740349244117463
0.20373333333333332,0.3742253261719048
0.20386666666666667,0.3744157279320633
0.204,0.3746061296922218
0.20413333333333333,0.37479528699643155
0.20426666666666668,0.3749844443006413
0.2044,0.3751736016048511
0.20453333333333334,0.37536275890906085
0.20466666666666666,0.3755519162132706
0.2048,0.3757410735174804
0.20493333333333333,0.37593023082169014
0.20506666666666667,0.3761193881258999
0.2052,0.37630854543010966
0.20533333333333334,0.37649770273431943
0.20546666666666666,0.3766868600385292
0.2056,0.37687601734273896
0.20573333333333332,0.3770651746469487
0.20586666666666667,0.3772543319511585
0.206,0.37744348925536825
0.20613333333333334,0.377632646559578
0.20626666666666665,0.3778218038637878
0.2064,0.37801096116799754
0.20653333333333335,0.3782001184722073
0.20666666666666667,0.37838927577641707
0.2068,0.37857843308062683
0.20693333333333333,0.3787675903848366
0.20706666666666668,0.37895674768904636
0.2072,0.3791459049932561
0.20733333333333334,0.3793350622974659
0.20746666666666666,0.37952421960167565
0.2076,0.3797133769058854
0.20773333333333333,0.3799025342100952
0.20786666666666667,0.38009169151430494
0.208,0.3802808488185147
0.20813333333333334,0.38047000612272447
0.20826666666666666,0.38065916342693423
0.2084,0.380848320731144
0.20853333333333332,0.38103747803535376
0.20866666666666667,0.3812266353395635
0.2088,0.3814157926437733
0.20893333333333333,0.38160494994798305
0.20906666666666668,0.381792862796244
0.2092,0.381980775644505
0.20933333333333334,0.382168688492766
0.20946666666666666,0.38235660134102695
0.2096,0.3825445141892879
0.20973333333333333,0.3827324270375489
0.20986666666666667,0.38292033988580987
0.21,0.38310825273407084
0.21013333333333334,0.3832961655823318
0.21026666666666666,0.3834840784305928
0.2104,0.38367199127885376
0.21053333333333332,0.38385990412711474
0.21066666666666667,0.3840478169753757
0.2108,0.3842357298236367
0.21093333333333333,0.38442364267189766
0.21106666666666668,0.38461155552015863
0.2112,0.3847994683684196
0.21133333333333335,0.3849873812166806
0.21146666666666666,0.38517529406494155
0.2116,0.3853632069132025
0.21173333333333333,0.38554987530551477
0.21186666666666668,0.385736543697827
0.212,0.38592321209013924
0.21213333333333334,0.3861098804824515
0.21226666666666666,0.3862965488747637
0.2124,0.38648321726707596
0.21253333333333332,0.3866698856593882
0.21266666666666667,0.38685655405170044
0.2128,0.3870432224440127
0.21293333333333334,0.3872298908363249
0.21306666666666665,0.38741655922863716
0.2132,0.3876032276209494
0.21333333333333335,0.38778989601326164
0.21346666666666667,0.3879765644055739
0.2136,0.3881632327978861
0.21373333333333333,0.38834990119019835
0.21386666666666668,0.3885365695825106
0.214,0.38872323797482283
0.21413333333333334,0.38890990636713507
0.21426666666666666,0.3890965747594473
0.2144,0.38928324315175955
0.21453333333333333,0.3894699115440718
0.21466666666666667,0.38965657993638403
0.2148,0.38984324832869627
0.21493333333333334,0.3900299167210085
0.21506666666666666,0.39021658511332075
0.2152,0.39040200904968425
0.21533333333333332,0.39058743298604776
0.21546666666666667,0.39077285692241126
0.2156,0.39095828085877476
0.21573333333333333,0.39114370479513827
0.21586666666666668,0.3913291287315018
0.216,0.3915145526678653
0.21613333333333334,0.3916999766042288
0.21626666666666666,0.3918854005405923
0.2164,0.3920708244769558
0.21653333333333333,0.3922562484133193
0.21666666666666667,0.3924416723496828
0.2168,0.3926270962860463
0.21693333333333334,0.3928125202224098
0.21706666666666666,0.3929979441587733
0.2172,0.3931833680951368
0.21733333333333332,0.3933687920315003
0.21746666666666667,0.39355421596786383
0.2176,0.39373963990422733
0.21773333333333333,0.39392506384059084
0.21786666666666665,0.39411048777695434
0.218,0.39429591171331785
0.21813333333333335,0.39448133564968135
0.21826666666666666,0.39466675958604486
0.2184,0.39485218352240836
0.21853333333333333,0.39503636300282313
0.21866666666666668,0.3952205424832379
0.2188,0.39540472196365267
0.21893333333333334,0.39558890144406744
0.21906666666666666,0.3957730809244822
0.2192,0.395957260404897
0.21933333333333332,0.39614143988531175
0.21946666666666667,0.3963256193657265
0.2196,0.3965097988461413
0.21973333333333334,0.39669397832655606
0.21986666666666665,0.39687815780697083
0.22,0.3970623372873856
0.22013333333333332,0.3972465167678004
0.22026666666666667,0.39743069624821514
0.2204,0.3976148757286299
0.22053333333333333,0.3977990552090447
0.22066666666666668,0.39798323468945945
0.2208,0.3981674141698742
0.22093333333333334,0.398351593650289
0.22106666666666666,0.39853577313070376
0.2212,0.39871995261111853
0.22133333333333333,0.3989041320915333
0.22146666666666667,0.3990883115719481
0.2216,0.39927249105236284
0.22173333333333334,0.3994566705327776
0.22186666666666666,0.3996408500131924
0.222,0.39982378503765836
0.22213333333333332,0.40000672006212434
0.22226666666666667,0.4001896550865903
0.2224,0.4003725901110563
0.22253333333333333,0.4005555251355223
0.22266666666666668,0.40073846015998826
0.2228,0.40092139518445424
0.22293333333333334,0.4011043302089202
0.22306666666666666,0.4012872652333862
0.2232,0.4014702002578522
0.22333333333333333,0.40165313528231816
0.22346666666666667,0.40183607030678414
0.2236,0.4020190053312501
0.22373333333333334,0.4022019403557161
0.22386666666666666,0.4023848753801821
0.224,0.40256781040464806
0.22413333333333332,0.40275074542911404
0.22426666666666667,0.40293368045358
0.2244,0.403116615478046
0.22453333333333333,0.403299550502512
0.22466666666666665,0.40348248552697796
0.2248,0.40366542055144394
0.22493333333333335,0.4038483555759099
0.22506666666666666,0.4040312906003759
0.2252,0.4042142256248419
0.22533333333333333,0.40439716064930786
0.22546666666666668,0.40458009567377384
0.2256,0.4047630306982398
0.22573333333333334,0.40494472126675707
0.22586666666666666,0.4051264118352743
0.226,0.40530810240379156
0.22613333333333333,0.4054897929723088
0.22626666666666667,0.40567148354082605
0.2264,0.4058531741093433
0.22653333333333334,0.40603486467786054
0.22666666666666666,0.4062165552463778
0.2268,0.40639824581489503
0.22693333333333332,0.4065799363834123
0.22706666666666667,0.4067616269519295
0.2272,0.40694331752044677
0.22733333333333333,0.407125008088964
0.22746666666666668,0.40730669865748126
0.2276,0.4074883892259985
0.22773333333333334,0.40767007979451575
0.22786666666666666,0.407851770363033
0.228,0.40803346093155024
0.22813333333333333,0.4082151515000675
0.22826666666666667,0.40839684206858473
0.2284,0.408578532637102
0.22853333333333334,0.4087602232056192
0.22866666666666666,0.40894191377413647
0.2288,0.4091236043426537
0.22893333333333332,0.40930529491117096
0.22906666666666667,0.4094869854796882
0.2292,0.40966867604820545
0.22933333333333333,0.4098503666167227
0.22946666666666668,0.41003205718523994
0.2296,0.4102137477537572
0.22973333333333334,0.41039543832227443
0.22986666666666666,0.4105771288907917
0.23,0.4107588194593089
0.23013333333333333,0.41094051002782617
0.23026666666666668,0.4111222005963434
0.2304,0.41130389116486066
0.23053333333333334,0.4114855817333779
0.23066666666666666,0.41166727230189515
0.2308,0.4118489628704124
0.23093333333333332,0.4120294089829809
0.23106666666666667,0.4122098550955494
0.2312,0.4123903012081179
0.23133333333333334,0.41257074732068644
0.23146666666666665,0.41275119343325495
0.2316,0.41293163954582346
0.23173333333333335,0.41311208565839197
0.23186666666666667,0.4132925317709605
0.232,0.413472977883529
0.23213333333333333,0.4136534239960975
0.23226666666666668,0.413833870108666
0.2324,0.4140143162212345
0.23253333333333334,0.41419476233380303
0.23266666666666666,0.41437520844637155
0.2328,0.41455565455894006
0.23293333333333333,0.41473610067150857
0.23306666666666667,0.4149165467840771
0.2332,0.4150969928966456
0.23333333333333334,0.4152774390092141
0.23346666666666666,0.4154578851217826
0.2336,0.4156383312343511
0.23373333333333332,0.41581877734691963
0.23386666666666667,0.41599922345948814
0.234,0.41617966957205665
0.23413333333333333,0.41636011568462516
0.23426666666666668,0.4165405617971937
0.2344,0.4167210079097622
0.23453333333333334,0.4169014540223307
0.23466666666666666,0.4170819001348992
0.2348,0.4172623462474677
0.23493333333333333,0.41744279236003623
0.23506666666666667,0.41762323847260474
0.2352,0.41780368458517325
0.23533333333333334,0.41798288624179303
0.23546666666666666,0.4181620878984128
0.2356,0.4183412895550326
0.23573333333333332,0.41852049121165236
0.23586666666666667,0.41869969286827213
0.236,0.4188788945248919
0.23613333333333333,0.4190580961815117
0.23626666666666668,0.41923729783813146
0.2364,0.41941649949475124
0.23653333333333335,0.419595701151371
0.23666666666666666,0.4197749028079908
0.2368,0.41995410446461057
0.23693333333333333,0.42013330612123034
0.23706666666666668,0.4203125077778501
0.2372,0.4204917094344699
0.23733333333333334,0.42067091109108967
0.23746666666666666,0.42085011274770945
0.2376,0.4210293144043292
0.23773333333333332,0.421208516060949
0.23786666666666667,0.4213877177175688
0.238,0.42156691937418855
0.23813333333333334,0.42174612103080833
0.23826666666666665,0.4219253226874281
0.2384,0.4221045243440479
0.23853333333333335,0.42228372600066766
0.23866666666666667,0.42246292765728743
0.2388,0.4226421293139072
0.23893333333333333,0.422821330970527
0.23906666666666668,0.42300053262714676
0.2392,0.42317973428376654
0.23933333333333334,0.4233589359403863
0.23946666666666666,0.4235368931410573
0.2396,0.4237148503417283
0.23973333333333333,0.4238928075423993
0.23986666666666667,0.42407076474307026
0.24,0.42424872194374125
0.24013333333333334,0.42442667914441223
0.24026666666666666,0.4246046363450832
0.2404,0.4247825935457542
0.24053333333333332,0.4249605507464252
0.24066666666666667,0.4251385079470962
0.2408,0.42531646514776716
0.24093333333333333,0.42549442234843815
0.24106666666666668,0.42567237954910914
0.2412,0.4258503367497801
0.24133333333333334,0.4260282939504511
0.24146666666666666,0.4262062511511221
0.2416,0.4263842083517931
0.24173333333333333,0.42656216555246407
0.24186666666666667,0.42674012275313505
0.242,0.42691807995380604
0.24213333333333334,0.427096037154477
0.24226666666666666,0.427273994355148
0.2424,0.427451951555819
0.24253333333333332,0.42762990875649
0.24266666666666667,0.42780786595716097
0.2428,0.42798582315783196
0.24293333333333333,0.42816378035850294
0.24306666666666665,0.42834173755917393
0.2432,0.4285196947598449
0.24333333333333335,0.4286976519605159
0.24346666666666666,0.4288756091611869
0.2436,0.4290535663618579
0.24373333333333333,0.42923152356252886
0.24386666666666668,0.42940948076319985
0.244,0.42958743796387083
0.24413333333333334,0.4297653951645418
0.24426666666666666,0.4299433523652128
0.2444,0.4301213095658838
0.24453333333333332,0.4302992667665548
0.24466666666666667,0.43047722396722576
0.2448,0.43065518116789675
0.24493333333333334,0.43083313836856774
0.24506666666666665,0.4310110955692387
0.2452,0.431187808313961
0.24533333333333332,0.4313645210586832
0.24546666666666667,0.4315412338034055
0.2456,0.43171794654812773
0.24573333333333333,0.43189465929285
0.24586666666666668,0.43207137203757223
0.246,0.4322480847822945
0.24613333333333334,0.43242479752701674
0.24626666666666666,0.432601510271739
0.2464,0.43277822301646124
0.24653333333333333,0.4329549357611835
0.24666666666666667,0.43313164850590574
0.2468,0.433308361250628
0.24693333333333334,0.43348507399535025
0.24706666666666666,0.4336617867400725
0.2472,0.43383849948479475
0.24733333333333332,0.434015212229517
0.24746666666666667,0.43419192497423925
0.2476,0.4343686377189615
0.24773333333333333,0.43454535046368375
0.24786666666666668,0.434722063208406
0.248,0.43489877595312826
0.24813333333333334,0.4350754886978505
0.24826666666666666,0.43525220144257276
0.2484,0.435428914187295
0.24853333333333333,0.43560562693201726
0.24866666666666667,0.4357823396767395
0.2488,0.43595905242146177
0.24893333333333334,0.436135765166184
0.24906666666666666,0.43631247791090627
0.2492,0.4364891906556285
0.24933333333333332,0.4366659034003508
0.24946666666666667,0.436842616145073
0.2496,0.4370193288897953
0.24973333333333333,0.4371947971785688
0.24986666666666665,0.4373702654673423
0.25,0.43754573375611583
0.2501333333333333,0.43772120204488935
0.2502666666666667,0.43789667033366286
0.2504,0.4380721386224364
0.25053333333333333,0.4382476069112099
0.25066666666666665,0.4384230751999834
0.2508,0.43859854348875693
0.25093333333333334,0.43877401177753045
0.25106666666666666,0.43894948006630397
0.2512,0.4391249483550775
0.25133333333333335,0.439300416643851
0.25146666666666667,0.4394758849326245
0.2516,0.43965135322139803
0.2517333333333333,0.43982682151017155
0.2518666666666667,0.44000228979894507
0.252,0.4401777580877186
0.2521333333333333,0.4403532263764921
0.25226666666666664,0.4405286946652656
0.2524,0.44070416295403914
0.25253333333333333,0.44087963124281265
0.25266666666666665,0.44105509953158617
0.2528,0.4412305678203597
0.25293333333333334,0.4414060361091332
0.25306666666666666,0.4415815043979067
0.2532,0.44175697268668024
0.25333333333333335,0.44193244097545376
0.2534666666666667,0.4421079092642273
0.2536,0.4422833775530008
0.2537333333333333,0.4424588458417743
0.2538666666666667,0.4426330696745991
0.254,0.44280729350742387
0.2541333333333333,0.44298151734024865
0.25426666666666664,0.44315574117307344
0.2544,0.4433299650058982
0.25453333333333333,0.443504188838723
0.25466666666666665,0.4436784126715478
0.2548,0.44385263650437257
0.25493333333333335,0.44402686033719735
0.25506666666666666,0.44420108417002213
0.2552,0.4443753080028469
0.25533333333333336,0.4445495318356717
0.2554666666666667,0.4447237556684965
0.2556,0.44489797950132126
0.2557333333333333,0.44507220333414604
0.2558666666666667,0.4452464271669708
0.256,0.4454206509997956
0.2561333333333333,0.4455948748326204
0.25626666666666664,0.4457690986654452
0.2564,0.44594332249826996
0.25653333333333334,0.44611754633109474
0.25666666666666665,0.4462917701639195
0.2568,0.4464659939967443
0.25693333333333335,0.4466402178295691
0.25706666666666667,0.44681444166239387
0.2572,0.44698866549521865
0.25733333333333336,0.44716288932804343
0.2574666666666667,0.4473371131608682
0.2576,0.447511336993693
0.2577333333333333,0.4476855608265178
0.2578666666666667,0.44785978465934256
0.258,0.44803400849216735
0.2581333333333333,0.44820823232499213
0.25826666666666664,0.4483824561578169
0.2584,0.4485566799906417
0.25853333333333334,0.4487309038234665
0.25866666666666666,0.44890512765629126
0.2588,0.44907810703316725
0.25893333333333335,0.44925108641004324
0.25906666666666667,0.44942406578691924
0.2592,0.44959704516379523
0.25933333333333336,0.4497700245406712
0.2594666666666667,0.4499430039175472
0.2596,0.4501159832944232
0.2597333333333333,0.4502889626712992
0.2598666666666667,0.4504619420481752
0.26,0.4506349214250512
0.2601333333333333,0.4508079008019272
0.26026666666666665,0.45098088017880317
0.2604,0.45115385955567916
0.26053333333333334,0.45132683893255515
0.26066666666666666,0.45149981830943114
0.2608,0.45167279768630714
0.26093333333333335,0.45184577706318313
0.26106666666666667,0.4520187564400591
0.2612,0.4521917358169351
0.2613333333333333,0.4523647151938111
0.2614666666666667,0.4525376945706871
0.2616,0.4527106739475631
0.2617333333333333,0.4528836533244391
0.2618666666666667,0.4530566327013151
0.262,0.45322961207819107
0.26213333333333333,0.45340259145506706
0.26226666666666665,0.45357557083194305
0.2624,0.45374855020881905
0.26253333333333334,0.45392152958569504
0.26266666666666666,0.45409450896257103
0.2628,0.454267488339447
0.26293333333333335,0.454440467716323
0.26306666666666667,0.454613447093199
0.2632,0.454786426470075
0.2633333333333333,0.454959405846951
0.2634666666666667,0.455132385223827
0.2636,0.455305364600703
0.2637333333333333,0.45547834397757897
0.2638666666666667,0.45565132335445496
0.264,0.45582430273133095
0.26413333333333333,0.45599728210820695
0.26426666666666665,0.45617026148508294
0.2644,0.45634324086195893
0.26453333333333334,0.4565149757828862
0.26466666666666666,0.45668671070381345
0.2648,0.4568584456247407
0.26493333333333335,0.45703018054566796
0.2650666666666667,0.4572019154665952
0.2652,0.4573736503875225
0.2653333333333333,0.45754538530844974
0.2654666666666667,0.457717120229377
0.2656,0.45788885515030425
0.2657333333333333,0.4580605900712315
0.26586666666666664,0.45823232499215877
0.266,0.458404059913086
0.26613333333333333,0.4585757948340133
0.26626666666666665,0.45874752975494054
0.2664,0.4589192646758678
0.26653333333333334,0.45909099959679506
0.26666666666666666,0.4592627345177223
0.2668,0.4594344694386496
0.26693333333333336,0.45960620435957683
0.2670666666666667,0.4597779392805041
0.2672,0.45994967420143135
0.2673333333333333,0.4601214091223586
0.2674666666666667,0.46029314404328586
0.2676,0.4604648789642131
0.2677333333333333,0.4606366138851404
0.26786666666666664,0.46080834880606764
0.268,0.4609800837269949
0.26813333333333333,0.46115181864792215
0.26826666666666665,0.4613235535688494
0.2684,0.46149528848977667
0.26853333333333335,0.4616670234107039
0.26866666666666666,0.4618387583316312
0.2688,0.46201049325255844
0.26893333333333336,0.4621822281734857
0.2690666666666667,0.46235396309441296
0.2692,0.4625256980153402
0.2693333333333333,0.46269743293626747
0.2694666666666667,0.46286916785719473
0.2696,0.463040902778122
0.2697333333333333,0.4632113932431005
0.26986666666666664,0.46338188370807903
0.27,0.46355237417305756
0.27013333333333334,0.4637228646380361
0.27026666666666666,0.4638933551030146
0.2704,0.4640638455679931
0.27053333333333335,0.46423433603297165
0.27066666666666667,0.4644048264979502
0.2708,0.4645753169629287
0.27093333333333336,0.4647458074279072
0.2710666666666667,0.46491629789288574
0.2712,0.46508678835786427
0.2713333333333333,0.4652572788228428
0.2714666666666667,0.4654277692878213
0.2716,0.46559825975279984
0.2717333333333333,0.46576875021777836
0.27186666666666665,0.4659392406827569
0.272,0.4661097311477354
0.27213333333333334,0.46628022161271393
0.27226666666666666,0.46645071207769245
0.2724,0.466621202542671
0.27253333333333335,0.4667916930076495
0.27266666666666667,0.466962183472628
0.2728,0.46713267393760655
0.2729333333333333,0.46730316440258507
0.2730666666666667,0.4674736548675636
0.2732,0.4676429008765934
0.2733333333333333,0.46781214688562317
0.2734666666666667,0.46798139289465296
0.2736,0.46815063890368275
0.27373333333333333,0.46831988491271254
0.27386666666666665,0.4684891309217423
0.274,0.4686583769307721
0.27413333333333334,0.4688276229398019
0.27426666666666666,0.4689968689488317
0.2744,0.4691661149578615
0.27453333333333335,0.46933536096689127
0.27466666666666667,0.46950460697592106
0.2748,0.46967385298495085
0.2749333333333333,0.46984309899398063
0.2750666666666667,0.4700123450030104
0.2752,0.4701815910120402
0.2753333333333333,0.47035083702107
0.2754666666666667,0.4705200830300998
0.2756,0.4706893290391296
0.27573333333333333,0.47085857504815937
0.27586666666666665,0.47102782105718916
0.276,0.47119706706621894
0.27613333333333334,0.47136631307524873
0.27626666666666666,0.4715355590842785
0.2764,0.4717048050933083
0.27653333333333335,0.4718740511023381
0.27666666666666667,0.4720432971113679
0.2768,0.4722125431203977
0.2769333333333333,0.47238178912942747
0.2770666666666667,0.47254979068250846
0.2772,0.47271779223558946
0.2773333333333333,0.47288579378867046
0.27746666666666664,0.47305379534175146
0.2776,0.47322179689483246
0.27773333333333333,0.47338979844791346
0.27786666666666665,0.47355780000099446
0.278,0.47372580155407545
0.27813333333333334,0.47389380310715645
0.27826666666666666,0.47406180466023745
0.2784,0.47422980621331845
0.27853333333333335,0.47439780776639945
0.2786666666666667,0.47456580931948045
0.2788,0.47473381087256145
0.2789333333333333,0.47490181242564244
0.2790666666666667,0.47506981397872344
0.2792,0.47523781553180444
0.2793333333333333,0.47540581708488544
0.27946666666666664,0.47557381863796644
0.2796,0.47574182019104744
0.27973333333333333,0.47590982174412844
0.27986666666666665,0.47607782329720943
0.28,0.47624582485029043
0.28013333333333335,0.47641382640337143
0.28026666666666666,0.47658182795645243
0.2804,0.47674982950953343
0.28053333333333336,0.47691783106261443
0.2806666666666667,0.4770858326156954
0.2808,0.4772538341687764
0.2809333333333333,0.4774218357218574
0.2810666666666667,0.4775898372749384
0.2812,0.4777578388280194
0.2813333333333333,0.4779258403811004
0.28146666666666664,0.4780938419341814
0.2816,0.4782618434872624
0.28173333333333334,0.4784298450403434
0.28186666666666665,0.4785978465934244
0.282,0.4787646036905567
0.28213333333333335,0.47893136078768894
0.28226666666666667,0.4790981178848212
0.2824,0.47926487498195347
0.28253333333333336,0.47943163207908573
0.2826666666666667,0.479598389176218
0.2828,0.47976514627335026
0.2829333333333333,0.4799319033704825
0.2830666666666667,0.4800986604676148
0.2832,0.48026541756474705
0.2833333333333333,0.4804321746618793
0.28346666666666664,0.4805989317590116
0.2836,0.48076568885614385
0.28373333333333334,0.4809324459532761
0.28386666666666666,0.4810992030504084
0.284,0.48126596014754064
0.28413333333333335,0.4814327172446729
0.28426666666666667,0.48159947434180517
0.2844,0.48176623143893743
0.28453333333333336,0.4819329885360697
0.2846666666666667,0.48209974563320196
0.2848,0.4822665027303342
0.2849333333333333,0.4824332598274665
0.2850666666666667,0.48260001692459875
0.2852,0.482766774021731
0.2853333333333333,0.4829335311188633
0.28546666666666665,0.48310028821599554
0.2856,0.4832670453131278
0.28573333333333334,0.48343380241026007
0.28586666666666666,0.48360055950739234
0.286,0.4837673166045246
0.28613333333333335,0.48393407370165686
0.28626666666666667,0.48410083079878913
0.2864,0.4842675878959214
0.2865333333333333,0.48443434499305366
0.2866666666666667,0.4846011020901859
0.2868,0.4847678591873182
0.2869333333333333,0.48493461628445045
0.2870666666666667,0.4851013733815827
0.2872,0.485268130478715
0.28733333333333333,0.48543488757584724
0.28746666666666665,0.4856016446729795
0.2876,0.48576840177011177
0.28773333333333334,0.48593515886724403
0.28786666666666666,0.4861019159643763
0.288,0.48626867306150856
0.28813333333333335,0.4864354301586408
0.28826666666666667,0.4866021872557731
0.2884,0.48676894435290535
0.2885333333333333,0.4869357014500376
0.2886666666666667,0.4871024585471699
0.2888,0.48726921564430214
0.2889333333333333,0.4874359727414344
0.2890666666666667,0.48760148538261794
0.2892,0.48776699802380147
0.28933333333333333,0.487932510664985
0.28946666666666665,0.4880980233061685
0.2896,0.48826353594735206
0.28973333333333334,0.4884290485885356
0.28986666666666666,0.4885945612297191
0.29,0.48876007387090264
0.29013333333333335,0.4889255865120862
0.2902666666666667,0.4890910991532697
0.2904,0.48925661179445323
0.2905333333333333,0.48942212443563676
0.2906666666666667,0.4895876370768203
0.2908,0.4897531497180038
0.2909333333333333,0.48991866235918735
0.29106666666666664,0.4900841750003709
0.2912,0.4902496876415544
0.29133333333333333,0.49041520028273794
0.29146666666666665,0.49058071292392147
0.2916,0.490746225565105
0.29173333333333334,0.49091173820628853
0.29186666666666666,0.49107725084747206
0.292,0.4912427634886556
0.29213333333333336,0.4914082761298391
0.2922666666666667,0.49157378877102265
0.2924,0.4917393014122062
0.2925333333333333,0.4919048140533897
0.2926666666666667,0.49207032669457323
0.2928,0.49223583933575676
0.2929333333333333,0.4924013519769403
0.29306666666666664,0.4925668646181238
0.2932,0.49273237725930735
0.29333333333333333,0.49289664544454215
0.29346666666666665,0.49306091362977694
0.2936,0.49322518181501174
0.29373333333333335,0.49338945000024653
0.29386666666666666,0.4935537181854813
0.294,0.4937179863707161
0.29413333333333336,0.4938822545559509
0.2942666666666667,0.4940465227411857
0.2944,0.4942107909264205
0.2945333333333333,0.4943750591116553
0.2946666666666667,0.4945393272968901
0.2948,0.4947035954821249
0.2949333333333333,0.4948678636673597
0.29506666666666664,0.4950321318525945
0.2952,0.4951964000378293
0.29533333333333334,0.49536066822306407
0.29546666666666666,0.49552493640829887
0.2956,0.49568920459353366
0.29573333333333335,0.49585347277876846
0.29586666666666667,0.49601774096400325
0.296,0.49618200914923805
0.29613333333333336,0.49634627733447284
0.2962666666666667,0.49651054551970764
0.2964,0.49667481370494243
0.2965333333333333,0.4968390818901772
0.2966666666666667,0.497003350075412
0.2968,0.4971676182606468
0.2969333333333333,0.4973318864458816
0.29706666666666665,0.4974961546311164
0.2972,0.4976604228163512
0.29733333333333334,0.497824691001586
0.29746666666666666,0.4979889591868208
0.2976,0.4981532273720556
0.29773333333333335,0.4983162511013416
0.29786666666666667,0.4984792748306276
0.298,0.4986422985599136
0.2981333333333333,0.4988053222891996
0.2982666666666667,0.4989683460184856
0.2984,0.4991313697477716
0.2985333333333333,0.4992943934770576
0.2986666666666667,0.4994574172063436
0.2988,0.49962044093562963
0.29893333333333333,0.49978346466491563
0.29906666666666665,0.49994648839420164
0.2992,0.5001095121234876
0.29933333333333334,0.5002725358527736
0.29946666666666666,0.5004355595820597
0.2996,0.5005985833113457
0.29973333333333335,0.5007616070406317
0.29986666666666667,0.5009246307699177
0.3,0.5010876544992037
0.3001333333333333,0.5012506782284897
0.3002666666666667,0.5014137019577757
0.3004,0.5015767256870617
0.3005333333333333,0.5017397494163477
0.3006666666666667,0.5019027731456337
0.3008,0.5020657968749197
0.30093333333333333,0.5022288206042057
0.30106666666666665,0.5023918443334917
0.3012,0.502553623606829
0.30133333333333334,0.5027154028801663
0.30146666666666666,0.5028771821535035
0.3016,0.5030389614268408
0.30173333333333335,0.5032007407001781
0.30186666666666667,0.5033625199735153
0.302,0.5035242992468526
0.3021333333333333,0.5036860785201899
0.3022666666666667,0.5038478577935271
0.3024,0.5040096370668644
0.3025333333333333,0.5041714163402017
0.30266666666666664,0.504333195613539
0.3028,0.5044949748868762
0.30293333333333333,0.5046567541602135
0.30306666666666665,0.5048185334335508
0.3032,0.504980312706888
0.30333333333333334,0.5051420919802253
0.30346666666666666,0.5053038712535626
0.3036,0.5054656505268998
0.30373333333333336,0.5056274298002371
0.3038666666666667,0.5057892090735744
0.304,0.5059509883469117
0.3041333333333333,0.5061127676202489
0.3042666666666667,0.5062745468935862
0.3044,0.5064363261669235
0.3045333333333333,0.5065981054402607
0.30466666666666664,0.506759884713598
0.3048,0.5069216639869353
0.30493333333333333,0.5070834432602725
0.30506666666666665,0.5072452225336098
0.3052,0.5074070018069471
0.30533333333333335,0.5075687810802844
0.30546666666666666,0.5077305603536216
0.3056,0.5078910951710102
0.30573333333333336,0.5080516299883987
0.3058666666666667,0.5082121648057872
0.306,0.5083726996231758
0.3061333333333333,0.5085332344405643
0.3062666666666667,0.5086937692579528
0.3064,0.5088543040753414
0.3065333333333333,0.5090148388927299
0.30666666666666664,0.5091753737101185
0.3068,0.509335908527507
0.30693333333333334,0.5094964433448955
0.30706666666666665,0.5096569781622841
0.3072,0.5098175129796726
0.30733333333333335,0.5099780477970611
0.30746666666666667,0.5101385826144497
0.3076,0.5102991174318382
0.30773333333333336,0.5104596522492267
0.3078666666666667,0.5106201870666153
0.308,0.5107807218840038
0.3081333333333333,0.5109412567013923
0.3082666666666667,0.5111017915187809
0.3084,0.5112623263361694
0.3085333333333333,0.511422861153558
0.30866666666666664,0.5115833959709465
0.3088,0.511743930788335
0.30893333333333334,0.5119044656057236
0.30906666666666666,0.5120650004231121
0.3092,0.5122255352405006
0.30933333333333335,0.5123860700578892
0.30946666666666667,0.5125466048752777
0.3096,0.5127071396926662
0.30973333333333336,0.5128676745100548
0.3098666666666667,0.5130282093274433
0.31,0.5131887441448318
0.3101333333333333,0.5133492789622204
0.3102666666666667,0.5135098137796089
0.3104,0.5136703485969975
0.31053333333333333,0.513830883414386
0.31066666666666665,0.5139914182317745
0.3108,0.5141519530491631
0.31093333333333334,0.5143124878665516
0.31106666666666666,0.5144730226839401
0.3112,0.5146335575013287
0.31133333333333335,0.5147928478627685
0.31146666666666667,0.5149521382242083
0.3116,0.5151114285856481
0.3117333333333333,0.5152707189470879
0.3118666666666667,0.5154300093085277
0.312,0.5155892996699675
0.3121333333333333,0.5157485900314073
0.3122666666666667,0.5159078803928471
0.3124,0.5160671707542869
0.31253333333333333,0.5162264611157267
0.31266666666666665,0.5163857514771665
0.3128,0.5165450418386063
0.31293333333333334,0.5167043322000461
0.31306666666666666,0.5168636225614859
0.3132,0.5170229129229257
0.31333333333333335,0.5171822032843655
0.31346666666666667,0.5173414936458053
0.3136,0.5175007840072451
0.3137333333333333,0.5176600743686849
0.3138666666666667,0.5178193647301247
0.314,0.5179786550915645
0.3141333333333333,0.5181379454530043
0.3142666666666667,0.5182972358144441
0.3144,0.5184565261758839
0.31453333333333333,0.5186158165373237
0.31466666666666665,0.5187751068987635
0.3148,0.5189343972602033
0.31493333333333334,0.5190936876216431
0.31506666666666666,0.5192529779830829
0.3152,0.5194122683445227
0.31533333333333335,0.5195715587059625
0.3154666666666667,0.5197308490674023
0.3156,0.5198901394288421
0.3157333333333333,0.5200494297902819
0.3158666666666667,0.5202087201517217
0.316,0.5203680105131615
0.3161333333333333,0.5205273008746013
0.31626666666666664,0.5206865912360411
0.3164,0.5208458815974809
0.31653333333333333,0.5210051719589207
0.31666666666666665,0.5211644623203605
0.3168,0.5213237526818003
0.31693333333333334,0.5214830430432401
0.31706666666666666,0.5216423334046799
0.3172,0.5218016237661197
0.31733333333333336,0.5219609141275595
0.3174666666666667,0.5221202044889993
0.3176,0.5222794948504391
0.3177333333333333,0.5224387852118789
0.3178666666666667,0.52259683111737
0.318,0.522754877022861
0.3181333333333333,0.5229129229283521
0.31826666666666664,0.5230709688338432
0.3184,0.5232290147393343
0.31853333333333333,0.5233870606448253
0.31866666666666665,0.5235451065503164
0.3188,0.5237031524558075
0.31893333333333335,0.5238611983612985
0.31906666666666667,0.5240192442667896
0.3192,0.5241772901722807
0.31933333333333336,0.5243353360777717
0.3194666666666667,0.5244933819832628
0.3196,0.5246514278887539
0.3197333333333333,0.5248094737942449
0.3198666666666667,0.524967519699736
0.32,0.525125565605227
0.3201333333333333,0.5252836115107181
0.32026666666666664,0.5254416574162092
0.3204,0.5255997033217003
0.32053333333333334,0.5257577492271913
0.32066666666666666,0.5259157951326824
0.3208,0.5260738410381735
0.32093333333333335,0.5262318869436645
0.32106666666666667,0.5263899328491556
0.3212,0.5265479787546467
0.32133333333333336,0.5267060246601377
0.3214666666666667,0.5268640705656288
0.3216,0.5270221164711199
0.3217333333333333,0.5271801623766109
0.3218666666666667,0.527338208282102
0.322,0.527496254187593
0.3221333333333333,0.5276543000930841
0.32226666666666665,0.5278123459985752
0.3224,0.5279691474481175
0.32253333333333334,0.5281259488976598
0.32266666666666666,0.5282827503472022
0.3228,0.5284395517967445
0.32293333333333335,0.5285963532462868
0.32306666666666667,0.5287531546958292
0.3232,0.5289099561453715
0.3233333333333333,0.5290667575949138
0.3234666666666667,0.5292235590444562
0.3236,0.5293803604939985
0.3237333333333333,0.5295371619435408
0.3238666666666667,0.5296939633930832
0.324,0.5298507648426255
0.32413333333333333,0.5300075662921678
0.32426666666666665,0.5301643677417102
0.3244,0.5303211691912525
0.32453333333333334,0.5304779706407948
0.32466666666666666,0.5306347720903372
0.3248,0.5307915735398795
0.32493333333333335,0.5309483749894218
0.32506666666666667,0.5311051764389642
0.3252,0.5312619778885065
0.3253333333333333,0.5314187793380488
0.3254666666666667,0.5315755807875912
0.3256,0.5317323822371335
0.3257333333333333,0.5318891836866758
0.3258666666666667,0.5320459851362181
0.326,0.5322027865857605
0.32613333333333333,0.5323595880353028
0.32626666666666665,0.5325163894848451
0.3264,0.5326731909343875
0.32653333333333334,0.5328299923839298
0.32666666666666666,0.5329867938334721
0.3268,0.5331435952830145
0.32693333333333335,0.5333003967325568
0.32706666666666667,0.5334571981820991
0.3272,0.5336139996316415
0.3273333333333333,0.5337708010811838
0.3274666666666667,0.5339276025307261
0.3276,0.5340844039802685
0.3277333333333333,0.5342412054298108
0.32786666666666664,0.5343967624234043
0.328,0.5345523194169978
0.32813333333333333,0.5347078764105913
0.32826666666666665,0.5348634334041847
0.3284,0.5350189903977782
0.32853333333333334,0.5351745473913717
0.32866666666666666,0.5353301043849652
0.3288,0.5354856613785587
0.32893333333333336,0.5356412183721522
0.3290666666666667,0.5357967753657457
0.3292,0.5359523323593391
0.3293333333333333,0.5361078893529326
0.3294666666666667,0.5362634463465261
0.3296,0.5364190033401196
0.3297333333333333,0.5365745603337131
0.32986666666666664,0.5367301173273066
0.33,0.5368856743209001
0.33013333333333333,0.5370412313144936
0.33026666666666665,0.537196788308087
0.3304,0.5373523453016805
0.33053333333333335,0.537507902295274
0.33066666666666666,0.5376634592888675
0.3308,0.537819016282461
0.33093333333333336,0.5379745732760545
0.3310666666666667,0.538130130269648
0.3312,0.5382856872632414
0.3313333333333333,0.5384412442568349
0.3314666666666667,0.5385968012504284
0.3316,0.5387523582440219
0.3317333333333333,0.5389079152376154
0.33186666666666664,0.5390634722312089
0.332,0.5392190292248024
0.33213333333333334,0.5393745862183958
0.33226666666666665,0.5395301432119893
0.3324,0.5396844557496341
0.33253333333333335,0.5398387682872788
0.33266666666666667,0.5399930808249236
0.3328,0.5401473933625683
0.33293333333333336,0.5403017059002131
0.3330666666666667,0.5404560184378578
0.3332,0.5406103309755026
0.3333333333333333,0.5407646435131473
0.3334666666666667,0.5409189560507921
0.3336,0.5410732685884369
0.3337333333333333,0.5412275811260816
0.33386666666666664,0.5413818936637264
0.334,0.5415362062013711
0.33413333333333334,0.5416905187390159
0.33426666666666666,0.5418448312766606
0.3344,0.5419991438143054
0.33453333333333335,0.5421534563519501
0.33466666666666667,0.5423077688895949
0.3348,0.5424620814272396
0.33493333333333336,0.5426163939648844
0.3350666666666667,0.5427707065025291
0.3352,0.5429250190401739
0.3353333333333333,0.5430793315778186
0.3354666666666667,0.5432336441154634
0.3356,0.5433879566531081
0.33573333333333333,0.5435422691907529
0.33586666666666665,0.5436965817283976
0.336,0.5438508942660424
0.33613333333333334,0.5440052068036871
0.33626666666666666,0.5441595193413319
0.3364,0.5443138318789766
0.33653333333333335,0.5444681444166214
0.33666666666666667,0.5446224569542661
0.3368,0.5447767694919109
0.3369333333333333,0.5449310820295556
0.3370666666666667,0.5450853945672004
0.3372,0.5452397071048452
0.3373333333333333,0.5453940196424899
0.3374666666666667,0.5455483321801347
0.3376,0.5457026447177794
0.33773333333333333,0.5458569572554242
0.33786666666666665,0.5460112697930689
0.338,0.5461655823307137
0.33813333333333334,0.5463198948683584
0.33826666666666666,0.5464742074060032
0.3384,0.5466285199436479
0.33853333333333335,0.5467828324812927
0.33866666666666667,0.5469359005629887
0.3388,0.5470889686446847
0.3389333333333333,0.5472420367263807
0.3390666666666667,0.5473951048080767
0.3392,0.5475481728897728
0.3393333333333333,0.5477012409714688
0.3394666666666667,0.5478543090531648
0.3396,0.5480073771348608
0.33973333333333333,0.5481604452165568
0.33986666666666665,0.5483135132982528
0.34,0.5484665813799489
0.34013333333333334,0.5486196494616449
0.34026666666666666,0.5487727175433409
0.3404,0.5489257856250369
0.34053333333333335,0.5490788537067329
0.3406666666666667,0.549231921788429
0.3408,0.549384989870125
0.3409333333333333,0.549538057951821
0.3410666666666667,0.549691126033517
0.3412,0.549844194115213
0.3413333333333333,0.549997262196909
0.34146666666666664,0.550150330278605
0.3416,0.5503033983603011
0.34173333333333333,0.5504564664419971
0.34186666666666665,0.5506095345236931
0.342,0.5507626026053891
0.34213333333333334,0.5509156706870851
0.34226666666666666,0.5510687387687812
0.3424,0.5512218068504772
0.34253333333333336,0.5513748749321732
0.3426666666666667,0.5515279430138692
0.3428,0.5516810110955652
0.3429333333333333,0.5518340791772612
0.3430666666666667,0.5519871472589573
0.3432,0.5521402153406533
0.3433333333333333,0.5522932834223493
0.34346666666666664,0.5524463515040453
0.3436,0.5525994195857413
0.34373333333333334,0.5527524876674373
0.34386666666666665,0.5529055557491334
0.344,0.5530586238308294
0.34413333333333335,0.5532116919125254
0.34426666666666667,0.5533647599942214
0.3444,0.5535178280759174
0.34453333333333336,0.5536708961576134
0.3446666666666667,0.5538239642393095
0.3448,0.5539757878650567
0.3449333333333333,0.554127611490804
0.3450666666666667,0.5542794351165513
0.3452,0.5544312587422986
0.3453333333333333,0.5545830823680459
0.34546666666666664,0.5547349059937932
0.3456,0.5548867296195404
0.34573333333333334,0.5550385532452877
0.34586666666666666,0.555190376871035
0.346,0.5553422004967823
0.34613333333333335,0.5554940241225296
0.34626666666666667,0.5556458477482769
0.3464,0.5557976713740241
0.34653333333333336,0.5559494949997714
0.3466666666666667,0.5561013186255187
0.3468,0.556253142251266
0.3469333333333333,0.5564049658770133
0.3470666666666667,0.5565567895027606
0.3472,0.5567086131285078
0.3473333333333333,0.5568604367542551
0.34746666666666665,0.5570122603800024
0.3476,0.5571640840057497
0.34773333333333334,0.557315907631497
0.34786666666666666,0.5574677312572442
0.348,0.5576195548829915
0.34813333333333335,0.5577713785087388
0.34826666666666667,0.5579232021344861
0.3484,0.5580750257602334
0.3485333333333333,0.5582268493859807
0.3486666666666667,0.5583786730117279
0.3488,0.5585304966374752
0.3489333333333333,0.5586823202632225
0.3490666666666667,0.5588341438889698
0.3492,0.5589859675147171
0.34933333333333333,0.5591377911404644
0.34946666666666665,0.5592896147662116
0.3496,0.5594414383919589
0.34973333333333334,0.5595920175617575
0.34986666666666666,0.559742596731556
0.35,0.5598931759013546
0.35013333333333335,0.5600437550711531
0.35026666666666667,0.5601943342409517
0.3504,0.5603449134107502
0.3505333333333333,0.5604954925805488
0.3506666666666667,0.5606460717503473
0.3508,0.5607966509201459
0.3509333333333333,0.5609472300899444
0.3510666666666667,0.561097809259743
0.3512,0.5612483884295415
0.35133333333333333,0.56139896759934
0.35146666666666665,0.5615495467691386
0.3516,0.5617001259389371
0.35173333333333334,0.5618507051087357
0.35186666666666666,0.5620012842785342
0.352,0.5621518634483328
0.35213333333333335,0.5623024426181313
0.3522666666666667,0.5624530217879299
0.3524,0.5626036009577284
0.3525333333333333,0.562754180127527
0.3526666666666667,0.5629047592973255
0.3528,0.5630553384671241
0.3529333333333333,0.5632059176369226
0.35306666666666664,0.5633564968067212
0.3532,0.5635070759765197
0.35333333333333333,0.5636576551463183
0.35346666666666665,0.5638082343161168
0.3536,0.5639588134859154
0.35373333333333334,0.5641093926557139
0.35386666666666666,0.5642599718255125
0.354,0.564410550995311
0.35413333333333336,0.5645611301651096
0.3542666666666667,0.5647117093349081
0.3544,0.5648610440487579
0.3545333333333333,0.5650103787626077
0.3546666666666667,0.5651597134764575
0.3548,0.5653090481903074
0.3549333333333333,0.5654583829041572
0.35506666666666664,0.565607717618007
0.3552,0.5657570523318568
0.35533333333333333,0.5659063870457066
0.35546666666666665,0.5660557217595564
0.3556,0.5662050564734062
0.35573333333333335,0.5663543911872561
0.35586666666666666,0.5665037259011059
0.356,0.5666530606149557
0.35613333333333336,0.5668023953288055
0.3562666666666667,0.5669517300426553
0.3564,0.5671010647565051
0.3565333333333333,0.5672503994703549
0.3566666666666667,0.5673997341842048
0.3568,0.5675490688980546
0.3569333333333333,0.5676984036119044
0.35706666666666664,0.5678477383257542
0.3572,0.567997073039604
0.35733333333333334,0.5681464077534538
0.35746666666666665,0.5682957424673036
0.3576,0.5684450771811534
0.35773333333333335,0.5685944118950033
0.35786666666666667,0.5687437466088531
0.358,0.5688930813227029
0.35813333333333336,0.5690424160365527
0.3582666666666667,0.5691917507504025
0.3584,0.5693410854642523
0.3585333333333333,0.5694904201781021
0.3586666666666667,0.569639754891952
0.3588,0.5697890896058018
0.3589333333333333,0.5699384243196516
0.35906666666666665,0.5700877590335014
0.3592,0.5702370937473512
0.35933333333333334,0.570386428461201
0.35946666666666666,0.5705357631750508
0.3596,0.5706850978889006
0.35973333333333335,0.5708344326027505
0.35986666666666667,0.5709837673166003
0.36,0.5711331020304501
0.36013333333333336,0.5712824367442999
0.3602666666666667,0.5714317714581497
0.3604,0.5715811061719995
0.3605333333333333,0.5717304408858493
0.3606666666666667,0.5718797755996992
0.3608,0.5720278658576002
0.36093333333333333,0.5721759561155013
0.36106666666666665,0.5723240463734024
0.3612,0.5724721366313035
0.36133333333333334,0.5726202268892046
0.36146666666666666,0.5727683171471056
0.3616,0.5729164074050067
0.36173333333333335,0.5730644976629078
0.36186666666666667,0.5732125879208089
0.362,0.57336067817871
0.3621333333333333,0.573508768436611
0.3622666666666667,0.5736568586945121
0.3624,0.5738049489524132
0.3625333333333333,0.5739530392103143
0.3626666666666667,0.5741011294682153
0.3628,0.5742492197261164
0.36293333333333333,0.5743973099840175
0.36306666666666665,0.5745454002419186
0.3632,0.5746934904998197
0.36333333333333334,0.5748415807577207
0.36346666666666666,0.5749896710156218
0.3636,0.5751377612735229
0.36373333333333335,0.575285851531424
0.36386666666666667,0.575433941789325
0.364,0.5755820320472261
0.3641333333333333,0.5757301223051272
0.3642666666666667,0.5758782125630283
0.3644,0.5760263028209294
0.3645333333333333,0.5761743930788304
0.36466666666666664,0.5763224833367315
0.3648,0.5764705735946326
0.36493333333333333,0.5766186638525337
0.36506666666666665,0.576765509654486
0.3652,0.5769123554564384
0.36533333333333334,0.5770592012583907
0.36546666666666666,0.5772060470603431
0.3656,0.5773528928622954
0.36573333333333335,0.5774997386642478
0.3658666666666667,0.5776465844662001
0.366,0.5777934302681524
0.3661333333333333,0.5779402760701048
0.3662666666666667,0.5780871218720571
0.3664,0.5782339676740095
0.3665333333333333,0.5783808134759618
0.36666666666666664,0.5785276592779142
0.3668,0.5786745050798665
0.36693333333333333,0.5788213508818189
0.36706666666666665,0.5789681966837712
0.3672,0.5791150424857235
0.36733333333333335,0.5792618882876759
0.36746666666666666,0.5794087340896282
0.3676,0.5795555798915806
0.36773333333333336,0.5797024256935329
0.3678666666666667,0.5798492714954853
0.368,0.5799961172974376
0.3681333333333333,0.58014296309939
0.3682666666666667,0.5802898089013423
0.3684,0.5804366547032946
0.3685333333333333,0.580583500505247
0.36866666666666664,0.5807303463071993
0.3688,0.5808771921091517
0.36893333333333334,0.581024037911104
0.36906666666666665,0.5811708837130564
0.3692,0.5813177295150087
0.36933333333333335,0.581464575316961
0.36946666666666667,0.5816114211189134
0.3696,0.5817582669208657
0.36973333333333336,0.5819051127228181
0.3698666666666667,0.5820519585247704
0.37,0.5821988043267228
0.3701333333333333,0.5823456501286751
0.3702666666666667,0.5824924959306275
0.3704,0.5826393417325798
0.3705333333333333,0.5827861875345322
0.37066666666666664,0.5829330333364845
0.3708,0.5830798791384368
0.37093333333333334,0.5832254804844403
0.37106666666666666,0.5833710818304438
0.3712,0.5835166831764473
0.37133333333333335,0.5836622845224508
0.37146666666666667,0.5838078858684543
0.3716,0.5839534872144578
0.37173333333333336,0.5840990885604613
0.3718666666666667,0.5842446899064648
0.372,0.5843902912524683
0.3721333333333333,0.5845358925984718
0.3722666666666667,0.5846814939444753
0.3724,0.5848270952904788
0.3725333333333333,0.5849726966364823
0.37266666666666665,0.5851182979824858
0.3728,0.5852638993284893
0.37293333333333334,0.5854095006744928
0.37306666666666666,0.5855551020204963
0.3732,0.5857007033664998
0.37333333333333335,0.5858463047125033
0.37346666666666667,0.5859919060585068
0.3736,0.5861375074045103
0.3737333333333333,0.5862831087505138
0.3738666666666667,0.5864287100965173
0.374,0.5865743114425208
0.3741333333333333,0.5867199127885243
0.3742666666666667,0.5868655141345278
0.3744,0.5870111154805313
0.37453333333333333,0.5871567168265348
0.37466666666666665,0.5873023181725383
0.3748,0.5874479195185418
0.37493333333333334,0.5875935208645453
0.37506666666666666,0.5877391222105488
0.3752,0.5878847235565523
0.37533333333333335,0.5880303249025558
0.37546666666666667,0.5881759262485593
0.3756,0.5883215275945628
0.3757333333333333,0.5884671289405663
0.3758666666666667,0.5886114858306211
0.376,0.5887558427206758
0.3761333333333333,0.5889001996107306
0.3762666666666667,0.5890445565007854
0.3764,0.5891889133908401
0.37653333333333333,0.5893332702808949
0.37666666666666665,0.5894776271709496
0.3768,0.5896219840610044
0.37693333333333334,0.5897663409510592
0.37706666666666666,0.5899106978411139
0.3772,0.5900550547311687
0.37733333333333335,0.5901994116212235
0.3774666666666667,0.5903437685112782
0.3776,0.590488125401333
0.3777333333333333,0.5906324822913878
0.3778666666666667,0.5907768391814425
0.378,0.5909211960714973
0.3781333333333333,0.591065552961552
0.37826666666666664,0.5912099098516068
0.3784,0.5913542667416616
0.37853333333333333,0.5914986236317163
0.37866666666666665,0.5916429805217711
0.3788,0.5917873374118259
0.37893333333333334,0.5919316943018806
0.37906666666666666,0.5920760511919354
0.3792,0.5922204080819902
0.37933333333333336,0.5923647649720449
0.3794666666666667,0.5925091218620997
0.3796,0.5926534787521545
0.3797333333333333,0.5927978356422092
0.3798666666666667,0.592942192532264
0.38,0.5930865494223188
0.3801333333333333,0.5932309063123735
0.38026666666666664,0.5933752632024283
0.3804,0.593519620092483
0.38053333333333333,0.5936639769825378
0.38066666666666665,0.5938083338725926
0.3808,0.5939526907626473
0.38093333333333335,0.5940970476527021
0.38106666666666666,0.5942414045427569
0.3812,0.5943857614328116
0.38133333333333336,0.5945301183228664
0.3814666666666667,0.5946744752129212
0.3816,0.5948188321029759
0.3817333333333333,0.5949631889930307
0.3818666666666667,0.5951075458830855
0.382,0.5952506583171915
0.3821333333333333,0.5953937707512975
0.38226666666666664,0.5955368831854035
0.3824,0.5956799956195096
0.38253333333333334,0.5958231080536156
0.38266666666666665,0.5959662204877216
0.3828,0.5961093329218277
0.38293333333333335,0.5962524453559337
0.38306666666666667,0.5963955577900397
0.3832,0.5965386702241458
0.38333333333333336,0.5966817826582518
0.3834666666666667,0.5968248950923578
0.3836,0.5969680075264638
0.3837333333333333,0.5971111199605699
0.3838666666666667,0.5972542323946759
0.384,0.5973973448287819
0.3841333333333333,0.597540457262888
0.38426666666666665,0.597683569696994
0.3844,0.5978266821311
0.38453333333333334,0.597969794565206
0.38466666666666666,0.5981129069993121
0.3848,0.5982560194334181
0.38493333333333335,0.5983991318675241
0.38506666666666667,0.5985422443016302
0.3852,0.5986853567357362
0.38533333333333336,0.5988284691698422
0.3854666666666667,0.5989715816039483
0.3856,0.5991146940380543
0.3857333333333333,0.5992578064721603
0.3858666666666667,0.5994009189062663
0.386,0.5995440313403724
0.38613333333333333,0.5996871437744784
0.38626666666666665,0.5998302562085844
0.3864,0.5999733686426905
0.38653333333333334,0.6001164810767965
0.38666666666666666,0.6002595935109025
0.3868,0.6004027059450086
0.38693333333333335,0.6005458183791146
0.38706666666666667,0.6006889308132206
0.3872,0.6008320432473266
0.3873333333333333,0.6009751556814327
0.3874666666666667,0.6011182681155387
0.3876,0.6012613805496447
0.3877333333333333,0.6014044929837508
0.3878666666666667,0.6015476054178568
0.388,0.6016907178519628
0.38813333333333333,0.6018338302860688
0.38826666666666665,0.6019769427201749
0.3884,0.6021200551542809
0.38853333333333334,0.6022631675883869
0.38866666666666666,0.6024050355665442
0.3888,0.6025469035447015
0.38893333333333335,0.6026887715228588
0.38906666666666667,0.6028306395010161
0.3892,0.6029725074791734
0.3893333333333333,0.6031143754573307
0.3894666666666667,0.603256243435488
0.3896,0.6033981114136453
0.3897333333333333,0.6035399793918026
0.38986666666666664,0.6036818473699599
0.39,0.6038237153481172
0.39013333333333333,0.6039655833262745
0.39026666666666665,0.6041074513044318
0.3904,0.6042493192825891
0.39053333333333334,0.6043911872607464
0.39066666666666666,0.6045330552389037
0.3908,0.604674923217061
0.39093333333333335,0.6048167911952183
0.3910666666666667,0.6049586591733755
0.3912,0.6051005271515328
0.3913333333333333,0.6052423951296901
0.3914666666666667,0.6053842631078474
0.3916,0.6055261310860047
0.3917333333333333,0.605667999064162
0.39186666666666664,0.6058098670423193
0.392,0.6059517350204766
0.39213333333333333,0.6060936029986339
0.39226666666666665,0.6062354709767912
0.3924,0.6063773389549485
0.39253333333333335,0.6065192069331058
0.39266666666666666,0.6066610749112631
0.3928,0.6068029428894204
0.39293333333333336,0.6069448108675777
0.3930666666666667,0.607086678845735
0.3932,0.6072285468238923
0.3933333333333333,0.6073704148020496
0.3934666666666667,0.6075122827802069
0.3936,0.6076541507583642
0.3937333333333333,0.6077960187365214
0.39386666666666664,0.6079378867146787
0.394,0.608079754692836
0.39413333333333334,0.6082216226709933
0.39426666666666665,0.6083634906491506
0.3944,0.6085053586273079
0.39453333333333335,0.6086472266054652
0.39466666666666667,0.6087890945836225
0.3948,0.6089297181058311
0.39493333333333336,0.6090703416280396
0.3950666666666667,0.6092109651502482
0.3952,0.6093515886724568
0.3953333333333333,0.6094922121946653
0.3954666666666667,0.6096328357168739
0.3956,0.6097734592390824
0.3957333333333333,0.609914082761291
0.39586666666666664,0.6100547062834996
0.396,0.6101953298057081
0.39613333333333334,0.6103359533279167
0.39626666666666666,0.6104765768501252
0.3964,0.6106172003723338
0.39653333333333335,0.6107578238945424
0.39666666666666667,0.6108984474167509
0.3968,0.6110390709389595
0.39693333333333336,0.611179694461168
0.3970666666666667,0.6113203179833766
0.3972,0.6114609415055852
0.3973333333333333,0.6116015650277937
0.3974666666666667,0.6117421885500023
0.3976,0.6118828120722108
0.3977333333333333,0.6120234355944194
0.39786666666666665,0.612164059116628
0.398,0.6123046826388365
0.39813333333333334,0.6124453061610451
0.39826666666666666,0.6125859296832536
0.3984,0.6127265532054622
0.39853333333333335,0.6128671767276708
0.39866666666666667,0.6130078002498793
0.3988,0.6131484237720879
0.3989333333333333,0.6132890472942965
0.3990666666666667,0.613429670816505
0.3992,0.6135702943387136
0.3993333333333333,0.6137109178609221
0.3994666666666667,0.6138515413831307
0.3996,0.6139921649053393
0.39973333333333333,0.6141327884275478
0.39986666666666665,0.6142734119497564
0.4,0.6144140354719649
0.40013333333333334,0.6145546589941735
0.40026666666666666,0.6146952825163821
0.4004,0.6148359060385906
0.40053333333333335,0.6149765295607992
0.40066666666666667,0.615115908627059
0.4008,0.6152552876933188
0.4009333333333333,0.6153946667595787
0.4010666666666667,0.6155340458258385
0.4012,0.6156734248920983
0.4013333333333333,0.6158128039583581
0.4014666666666667,0.615952183024618
0.4016,0.6160915620908778
0.40173333333333333,0.6162309411571376
0.40186666666666665,0.6163703202233974
0.402,0.6165096992896573
0.40213333333333334,0.6166490783559171
0.40226666666666666,0.6167884574221769
0.4024,0.6169278364884367
0.40253333333333335,0.6170672155546966
0.4026666666666667,0.6172065946209564
0.4028,0.6173459736872162
0.4029333333333333,0.617485352753476
0.4030666666666667,0.6176247318197359
0.4032,0.6177641108859957
0.4033333333333333,0.6179034899522555
0.40346666666666664,0.6180428690185154
0.4036,0.6181822480847752
0.40373333333333333,0.618321627151035
0.40386666666666665,0.6184610062172948
0.404,0.6186003852835547
0.40413333333333334,0.6187397643498145
0.40426666666666666,0.6188791434160743
0.4044,0.6190185224823341
0.40453333333333336,0.619157901548594
0.4046666666666667,0.6192972806148538
0.4048,0.6194366596811136
0.4049333333333333,0.6195760387473734
0.4050666666666667,0.6197154178136333
0.4052,0.6198547968798931
0.4053333333333333,0.6199941759461529
0.40546666666666664,0.620132310556464
0.4056,0.6202704451667751
0.40573333333333333,0.6204085797770862
0.40586666666666665,0.6205467143873973
0.406,0.6206848489977084
0.40613333333333335,0.6208229836080195
0.40626666666666666,0.6209611182183306
0.4064,0.6210992528286416
0.40653333333333336,0.6212373874389527
0.4066666666666667,0.6213755220492638
0.4068,0.6215136566595749
0.4069333333333333,0.621651791269886
0.4070666666666667,0.6217899258801971
0.4072,0.6219280604905082
0.4073333333333333,0.6220661951008193
0.40746666666666664,0.6222043297111304
0.4076,0.6223424643214415
0.40773333333333334,0.6224805989317526
0.40786666666666666,0.6226187335420637
0.408,0.6227568681523747
0.40813333333333335,0.6228950027626858
0.40826666666666667,0.6230331373729969
0.4084,0.623171271983308
0.40853333333333336,0.6233094065936191
0.4086666666666667,0.6234475412039302
0.4088,0.6235856758142413
0.4089333333333333,0.6237238104245524
0.4090666666666667,0.6238619450348635
0.4092,0.6240000796451746
0.4093333333333333,0.6241382142554857
0.40946666666666665,0.6242763488657967
0.4096,0.6244144834761078
0.40973333333333334,0.6245526180864189
0.40986666666666666,0.62469075269673
0.41,0.6248288873070411
0.41013333333333335,0.6249670219173522
0.41026666666666667,0.6251051565276633
0.4104,0.6252432911379744
0.4105333333333333,0.6253814257482855
0.4106666666666667,0.6255195603585966
0.4108,0.6256576949689077
0.4109333333333333,0.6257958295792188
0.4110666666666667,0.6259339641895298
0.4112,0.6260720987998409
0.41133333333333333,0.626210233410152
0.41146666666666665,0.6263471235645144
0.4116,0.6264840137188767
0.41173333333333334,0.6266209038732391
0.41186666666666666,0.6267577940276015
0.412,0.6268946841819638
0.41213333333333335,0.6270315743363262
0.41226666666666667,0.6271684644906885
0.4124,0.6273053546450509
0.4125333333333333,0.6274422447994132
0.4126666666666667,0.6275791349537756
0.4128,0.627716025108138
0.4129333333333333,0.6278529152625003
0.4130666666666667,0.6279898054168627
0.4132,0.628126695571225
0.41333333333333333,0.6282635857255874
0.41346666666666665,0.6284004758799497
0.4136,0.6285373660343121
0.41373333333333334,0.6286742561886745
0.41386666666666666,0.6288111463430368
0.414,0.6289480364973992
0.41413333333333335,0.6290849266517615
0.41426666666666667,0.6292218168061239
0.4144,0.6293587069604862
0.4145333333333333,0.6294955971148486
0.4146666666666667,0.629632487269211
0.4148,0.6297693774235733
0.4149333333333333,0.6299062675779357
0.41506666666666664,0.630043157732298
0.4152,0.6301800478866604
0.41533333333333333,0.6303169380410227
0.41546666666666665,0.6304538281953851
0.4156,0.6305907183497474
0.41573333333333334,0.6307276085041098
0.41586666666666666,0.6308644986584722
0.416,0.6310013888128345
0.41613333333333336,0.6311382789671969
0.4162666666666667,0.6312751691215592
0.4164,0.6314120592759216
0.4165333333333333,0.6315477049743352
0.4166666666666667,0.6316833506727488
0.4168,0.6318189963711625
0.4169333333333333,0.6319546420695761
0.41706666666666664,0.6320902877679897
0.4172,0.6322259334664033
0.41733333333333333,0.632361579164817
0.41746666666666665,0.6324972248632306
0.4176,0.6326328705616442
0.41773333333333335,0.6327685162600578
0.41786666666666666,0.6329041619584714
0.418,0.6330398076568851
0.41813333333333336,0.6331754533552987
0.4182666666666667,0.6333110990537123
0.4184,0.6334467447521259
0.4185333333333333,0.6335823904505395
0.4186666666666667,0.6337180361489532
0.4188,0.6338536818473668
0.4189333333333333,0.6339893275457804
0.41906666666666664,0.634124973244194
0.4192,0.6342606189426077
0.41933333333333334,0.6343962646410213
0.41946666666666665,0.6345319103394349
0.4196,0.6346675560378485
0.41973333333333335,0.6348032017362621
0.41986666666666667,0.6349388474346758
0.42,0.6350744931330894
0.42013333333333336,0.635210138831503
0.4202666666666667,0.6353457845299166
0.4204,0.6354814302283303
0.4205333333333333,0.6356170759267439
0.4206666666666667,0.6357527216251575
0.4208,0.6358883673235711
0.4209333333333333,0.6360240130219847
0.42106666666666664,0.6361596587203984
0.4212,0.636295304418812
0.42133333333333334,0.6364309501172256
0.42146666666666666,0.6365665958156392
0.4216,0.6367022415140529
0.42173333333333335,0.6368378872124665
0.42186666666666667,0.6369735329108801
0.422,0.6371091786092937
0.42213333333333336,0.6372448243077073
0.4222666666666667,0.637380470006121
0.4224,0.6375161157045346
0.4225333333333333,0.6376517614029482
0.4226666666666667,0.637786162645413
0.4228,0.6379205638878778
0.42293333333333333,0.6380549651303425
0.42306666666666665,0.6381893663728073
0.4232,0.6383237676152721
0.42333333333333334,0.6384581688577369
0.42346666666666666,0.6385925701002017
0.4236,0.6387269713426664
0.42373333333333335,0.6388613725851312
0.42386666666666667,0.638995773827596
0.424,0.6391301750700608
0.4241333333333333,0.6392645763125255
0.4242666666666667,0.6393989775549903
0.4244,0.6395333787974551
0.4245333333333333,0.6396677800399199
0.4246666666666667,0.6398021812823846
0.4248,0.6399365825248494
0.42493333333333333,0.6400709837673142
0.42506666666666665,0.640205385009779
0.4252,0.6403397862522437
0.42533333333333334,0.6404741874947085
0.42546666666666666,0.6406085887371733
0.4256,0.6407429899796381
0.42573333333333335,0.6408773912221029
0.42586666666666667,0.6410117924645676
0.426,0.6411461937070324
0.4261333333333333,0.6412805949494972
0.4262666666666667,0.641414996191962
0.4264,0.6415493974344267
0.4265333333333333,0.6416837986768915
0.4266666666666667,0.6418181999193563
0.4268,0.6419526011618211
0.42693333333333333,0.6420870024042858
0.42706666666666665,0.6422214036467506
0.4272,0.6423558048892154
0.42733333333333334,0.6424902061316802
0.42746666666666666,0.642624607374145
0.4276,0.6427590086166097
0.42773333333333335,0.6428934098590745
0.4278666666666667,0.6430278111015393
0.428,0.6431622123440041
0.4281333333333333,0.6432966135864688
0.4282666666666667,0.6434310148289336
0.4284,0.6435654160713984
0.4285333333333333,0.6436998173138632
0.42866666666666664,0.6438329741003792
0.4288,0.6439661308868952
0.42893333333333333,0.6440992876734113
0.42906666666666665,0.6442324444599273
0.4292,0.6443656012464434
0.42933333333333334,0.6444987580329594
0.42946666666666666,0.6446319148194755
0.4296,0.6447650716059915
0.42973333333333336,0.6448982283925075
0.4298666666666667,0.6450313851790236
0.43,0.6451645419655396
0.4301333333333333,0.6452976987520557
0.4302666666666667,0.6454308555385717
0.4304,0.6455640123250878
0.4305333333333333,0.6456971691116038
0.43066666666666664,0.6458303258981198
0.4308,0.6459634826846359
0.43093333333333333,0.6460966394711519
0.43106666666666665,0.646229796257668
0.4312,0.646362953044184
0.43133333333333335,0.6464961098307
0.43146666666666667,0.6466292666172161
0.4316,0.6467624234037321
0.43173333333333336,0.6468955801902482
0.4318666666666667,0.6470287369767642
0.432,0.6471618937632803
0.4321333333333333,0.6472950505497963
0.4322666666666667,0.6474282073363123
0.4324,0.6475613641228284
0.4325333333333333,0.6476945209093444
0.43266666666666664,0.6478276776958605
0.4328,0.6479608344823765
0.43293333333333334,0.6480939912688926
0.43306666666666666,0.6482271480554086
0.4332,0.6483603048419246
0.43333333333333335,0.6484934616284407
0.43346666666666667,0.648625373959008
0.4336,0.6487572862895753
0.43373333333333336,0.6488891986201426
0.4338666666666667,0.6490211109507099
0.434,0.6491530232812772
0.4341333333333333,0.6492849356118445
0.4342666666666667,0.6494168479424118
0.4344,0.6495487602729791
0.4345333333333333,0.6496806726035464
0.43466666666666665,0.6498125849341138
0.4348,0.6499444972646811
0.43493333333333334,0.6500764095952484
0.43506666666666666,0.6502083219258157
0.4352,0.650340234256383
0.43533333333333335,0.6504721465869503
0.43546666666666667,0.6506040589175176
0.4356,0.6507359712480849
0.4357333333333333,0.6508678835786522
0.4358666666666667,0.6509997959092195
0.436,0.6511317082397868
0.4361333333333333,0.6512636205703541
0.4362666666666667,0.6513955329009214
0.4364,0.6515274452314888
0.43653333333333333,0.6516593575620561
0.43666666666666665,0.6517912698926234
0.4368,0.6519231822231907
0.43693333333333334,0.652055094553758
0.43706666666666666,0.6521870068843253
0.4372,0.6523189192148926
0.43733333333333335,0.6524508315454599
0.43746666666666667,0.6525827438760272
0.4376,0.6527146562065945
0.4377333333333333,0.6528465685371618
0.4378666666666667,0.6529784808677291
0.438,0.6531103931982964
0.4381333333333333,0.6532423055288638
0.4382666666666667,0.6533742178594311
0.4384,0.6535061301899984
0.43853333333333333,0.6536380425205657
0.43866666666666665,0.653769954851133
0.4388,0.6539006227257516
0.43893333333333334,0.6540312906003701
0.43906666666666666,0.6541619584749887
0.4392,0.6542926263496073
0.43933333333333335,0.6544232942242258
0.43946666666666667,0.6545539620988444
0.4396,0.654684629973463
0.4397333333333333,0.6548152978480816
0.4398666666666667,0.6549459657227001
0.44,0.6550766335973187
0.4401333333333333,0.6552073014719373
0.44026666666666664,0.6553379693465559
0.4404,0.6554686372211744
0.44053333333333333,0.655599305095793
0.44066666666666665,0.6557299729704116
0.4408,0.6558606408450302
0.44093333333333334,0.6559913087196487
0.44106666666666666,0.6561219765942673
0.4412,0.6562526444688859
0.44133333333333336,0.6563833123435044
0.4414666666666667,0.656513980218123
0.4416,0.6566446480927416
0.4417333333333333,0.6567753159673602
0.4418666666666667,0.6569059838419787
0.442,0.6570366517165973
0.4421333333333333,0.6571673195912159
0.44226666666666664,0.6572979874658345
0.4424,0.657428655340453
0.44253333333333333,0.6575593232150716
0.44266666666666665,0.6576899910896902
0.4428,0.6578206589643087
0.44293333333333335,0.6579513268389273
0.44306666666666666,0.6580819947135459
0.4432,0.6582126625881645
0.44333333333333336,0.658343330462783
0.4434666666666667,0.6584739983374016
0.4436,0.6586046662120202
0.4437333333333333,0.6587353340866388
0.4438666666666667,0.6588660019612573
0.444,0.6589966698358759
0.4441333333333333,0.6591273377104945
0.44426666666666664,0.659258005585113
0.4444,0.6593886734597316
0.44453333333333334,0.6595193413343502
0.44466666666666665,0.6596500092089688
0.4448,0.6597806770835873
0.44493333333333335,0.6599101005022572
0.44506666666666667,0.660039523920927
0.4452,0.6601689473395969
0.44533333333333336,0.6602983707582667
0.4454666666666667,0.6604277941769365
0.4456,0.6605572175956064
0.4457333333333333,0.6606866410142762
0.4458666666666667,0.660816064432946
0.446,0.6609454878516159
0.4461333333333333,0.6610749112702857
0.44626666666666664,0.6612043346889556
0.4464,0.6613337581076254
0.44653333333333334,0.6614631815262952
0.44666666666666666,0.6615926049449651
0.4468,0.6617220283636349
0.44693333333333335,0.6618514517823048
0.44706666666666667,0.6619808752009746
0.4472,0.6621102986196444
0.44733333333333336,0.6622397220383143
0.4474666666666667,0.6623691454569841
0.4476,0.662498568875654
0.4477333333333333,0.6626279922943238
0.4478666666666667,0.6627574157129936
0.448,0.6628868391316635
0.44813333333333333,0.6630162625503333
0.44826666666666665,0.6631456859690031
0.4484,0.663275109387673
0.44853333333333334,0.6634045328063428
0.44866666666666666,0.6635339562250127
0.4488,0.6636633796436825
0.44893333333333335,0.6637928030623523
0.44906666666666667,0.6639222264810222
0.4492,0.664051649899692
0.4493333333333333,0.6641810733183618
0.4494666666666667,0.6643104967370317
0.4496,0.6644399201557015
0.4497333333333333,0.6645693435743714
0.4498666666666667,0.6646987669930412
0.45,0.664828190411711
0.45013333333333333,0.6649576138303809
0.45026666666666665,0.6650870372490507
0.4504,0.6652164606677206
0.45053333333333334,0.6653458840863904
0.45066666666666666,0.6654753075050602
0.4508,0.6656047309237301
0.45093333333333335,0.6657341543423999
0.45106666666666667,0.6658635777610697
0.4512,0.6659930011797396
0.4513333333333333,0.6661224245984094
0.4514666666666667,0.6662518480170793
0.4516,0.6663812714357491
0.4517333333333333,0.6665106948544189
0.4518666666666667,0.6666401182730888
0.452,0.6667695416917586
0.45213333333333333,0.6668989651104285
0.45226666666666665,0.6670283885290983
0.4524,0.6671578119477681
0.45253333333333334,0.6672859909104892
0.45266666666666666,0.6674141698732103
0.4528,0.6675423488359314
0.45293333333333335,0.6676705277986525
0.4530666666666667,0.6677987067613737
0.4532,0.6679268857240948
0.4533333333333333,0.6680550646868159
0.4534666666666667,0.668183243649537
0.4536,0.6683114226122581
0.4537333333333333,0.6684396015749792
0.45386666666666664,0.6685677805377003
0.454,0.6686959595004214
0.45413333333333333,0.6688241384631425
0.45426666666666665,0.6689523174258636
0.4544,0.6690804963885847
0.45453333333333334,0.6692086753513058
0.45466666666666666,0.6693368543140269
0.4548,0.669465033276748
0.45493333333333336,0.6695932122394691
0.4550666666666667,0.6697213912021902
0.4552,0.6698495701649113
0.4553333333333333,0.6699777491276324
0.4554666666666667,0.6701059280903535
0.4556,0.6702341070530746
0.4557333333333333,0.6703622860157957
0.45586666666666664,0.6704904649785168
0.456,0.6706186439412379
0.45613333333333334,0.670746822903959
0.45626666666666665,0.6708750018666801
0.4564,0.6710031808294012
0.45653333333333335,0.6711313597921224
0.45666666666666667,0.6712595387548435
0.4568,0.6713877177175646
0.45693333333333336,0.6715158966802857
0.4570666666666667,0.6716440756430068
0.4572,0.6717722546057279
0.4573333333333333,0.671900433568449
0.4574666666666667,0.6720286125311701
0.4576,0.6721567914938912
0.4577333333333333,0.6722849704566123
0.45786666666666664,0.6724131494193334
0.458,0.6725413283820545
0.45813333333333334,0.6726695073447756
0.45826666666666666,0.6727976863074967
0.4584,0.6729258652702178
0.45853333333333335,0.6730540442329389
0.45866666666666667,0.67318222319566
0.4588,0.6733104021583811
0.45893333333333336,0.6734385811211022
0.4590666666666667,0.6735667600838233
0.4592,0.6736936945905957
0.4593333333333333,0.6738206290973681
0.4594666666666667,0.6739475636041404
0.4596,0.6740744981109128
0.4597333333333333,0.6742014326176852
0.45986666666666665,0.6743283671244575
0.46,0.6744553016312299
0.46013333333333334,0.6745822361380023
0.46026666666666666,0.6747091706447746
0.4604,0.674836105151547
0.46053333333333335,0.6749630396583194
0.46066666666666667,0.6750899741650918
0.4608,0.6752169086718641
0.4609333333333333,0.6753438431786365
0.4610666666666667,0.6754707776854089
0.4612,0.6755977121921812
0.4613333333333333,0.6757246466989536
0.4614666666666667,0.675851581205726
0.4616,0.6759785157124983
0.46173333333333333,0.6761054502192707
0.46186666666666665,0.6762323847260431
0.462,0.6763593192328154
0.46213333333333334,0.6764862537395878
0.46226666666666666,0.6766131882463602
0.4624,0.6767401227531326
0.46253333333333335,0.6768670572599049
0.46266666666666667,0.6769939917666773
0.4628,0.6771209262734497
0.4629333333333333,0.677247860780222
0.4630666666666667,0.6773747952869944
0.4632,0.6775017297937668
0.4633333333333333,0.6776286643005391
0.4634666666666667,0.6777555988073115
0.4636,0.6778825333140839
0.46373333333333333,0.6780094678208562
0.46386666666666665,0.6781364023276286
0.464,0.678263336834401
0.46413333333333334,0.6783902713411734
0.46426666666666666,0.6785172058479457
0.4644,0.6786441403547181
0.46453333333333335,0.6787710748614905
0.4646666666666667,0.6788980093682628
0.4648,0.6790249438750352
0.4649333333333333,0.6791518783818076
0.4650666666666667,0.6792788128885799
0.4652,0.6794057473953523
0.4653333333333333,0.6795326819021247
0.46546666666666664,0.6796583719529483
0.4656,0.679784062003772
0.46573333333333333,0.6799097520545956
0.46586666666666665,0.6800354421054192
0.466,0.6801611321562429
0.46613333333333334,0.6802868222070665
0.46626666666666666,0.6804125122578901
0.4664,0.6805382023087138
0.46653333333333336,0.6806638923595374
0.4666666666666667,0.680789582410361
0.4668,0.6809152724611847
0.4669333333333333,0.6810409625120083
0.4670666666666667,0.6811666525628319
0.4672,0.6812923426136556
0.4673333333333333,0.6814180326644792
0.46746666666666664,0.6815437227153028
0.4676,0.6816694127661265
0.46773333333333333,0.6817951028169501
0.46786666666666665,0.6819207928677737
0.468,0.6820464829185974
0.46813333333333335,0.682172172969421
0.46826666666666666,0.6822978630202446
0.4684,0.6824235530710683
0.46853333333333336,0.6825492431218919
0.4686666666666667,0.6826749331727155
0.4688,0.6828006232235392
0.4689333333333333,0.6829263132743628
0.4690666666666667,0.6830520033251865
0.4692,0.6831776933760101
0.4693333333333333,0.6833033834268337
0.46946666666666664,0.6834290734776574
0.4696,0.683554763528481
0.46973333333333334,0.6836804535793046
0.46986666666666665,0.6838061436301283
0.47,0.6839318336809519
0.47013333333333335,0.6840575237317755
0.47026666666666667,0.6841832137825992
0.4704,0.6843089038334228
0.47053333333333336,0.6844333494282976
0.4706666666666667,0.6845577950231724
0.4708,0.6846822406180472
0.4709333333333333,0.684806686212922
0.4710666666666667,0.6849311318077967
0.4712,0.6850555774026715
0.4713333333333333,0.6851800229975463
0.47146666666666665,0.6853044685924211
0.4716,0.6854289141872959
0.47173333333333334,0.6855533597821707
0.47186666666666666,0.6856778053770455
0.472,0.6858022509719203
0.47213333333333335,0.6859266965667951
0.47226666666666667,0.6860511421616698
0.4724,0.6861755877565446
0.47253333333333336,0.6863000333514194
0.4726666666666667,0.6864244789462942
0.4728,0.686548924541169
0.4729333333333333,0.6866733701360438
0.4730666666666667,0.6867978157309186
0.4732,0.6869222613257934
0.47333333333333333,0.6870467069206682
0.47346666666666665,0.687171152515543
0.4736,0.6872955981104177
0.47373333333333334,0.6874200437052925
0.47386666666666666,0.6875444893001673
0.474,0.6876689348950421
0.47413333333333335,0.6877933804899169
0.47426666666666667,0.6879178260847917
0.4744,0.6880422716796665
0.4745333333333333,0.6881667172745413
0.4746666666666667,0.688291162869416
0.4748,0.6884156084642908
0.4749333333333333,0.6885400540591656
0.4750666666666667,0.6886644996540404
0.4752,0.6887889452489152
0.47533333333333333,0.68891339084379
0.47546666666666665,0.6890378364386648
0.4756,0.6891622820335396
0.47573333333333334,0.6892867276284144
0.47586666666666666,0.6894111732232892
0.476,0.6895356188181639
0.47613333333333335,0.6896600644130387
0.47626666666666667,0.6897845100079135
0.4764,0.6899089556027883
0.4765333333333333,0.6900334011976631
0.4766666666666667,0.6901578467925379
0.4768,0.6902822923874127
0.4769333333333333,0.6904067379822875
0.4770666666666667,0.6905299391212135
0.4772,0.6906531402601396
0.47733333333333333,0.6907763413990656
0.47746666666666665,0.6908995425379917
0.4776,0.6910227436769177
0.47773333333333334,0.6911459448158438
0.47786666666666666,0.6912691459547698
0.478,0.6913923470936959
0.47813333333333335,0.691515548232622
0.4782666666666667,0.691638749371548
0.4784,0.6917619505104741
0.4785333333333333,0.6918851516494001
0.4786666666666667,0.6920083527883262
0.4788,0.6921315539272522
0.4789333333333333,0.6922547550661783
0.47906666666666664,0.6923779562051043
0.4792,0.6925011573440304
0.47933333333333333,0.6926243584829564
0.47946666666666665,0.6927475596218825
0.4796,0.6928707607608086
0.47973333333333334,0.6929939618997346
0.47986666666666666,0.6931171630386607
0.48,0.6932403641775867
0.48013333333333336,0.6933635653165128
0.4802666666666667,0.6934867664554388
0.4804,0.6936099675943649
0.4805333333333333,0.6937331687332909
0.4806666666666667,0.693856369872217
0.4808,0.693979571011143
0.4809333333333333,0.6941027721500691
0.48106666666666664,0.6942259732889952
0.4812,0.6943491744279212
0.48133333333333334,0.6944723755668473
0.48146666666666665,0.6945955767057733
0.4816,0.6947187778446994
0.48173333333333335,0.6948419789836254
0.48186666666666667,0.6949651801225515
0.482,0.6950883812614775
0.48213333333333336,0.6952115824004036
0.4822666666666667,0.6953347835393296
0.4824,0.6954579846782557
0.4825333333333333,0.6955811858171818
0.4826666666666667,0.6957043869561078
0.4828,0.6958275880950339
0.4829333333333333,0.6959507892339599
0.48306666666666664,0.696073990372886
0.4832,0.696197191511812
0.48333333333333334,0.6963203926507381
0.48346666666666666,0.6964435937896641
0.4836,0.6965667949285902
0.48373333333333335,0.6966899960675162
0.48386666666666667,0.6968131972064423
0.484,0.6969363983453684
0.48413333333333336,0.6970583550283457
0.4842666666666667,0.697180311711323
0.4844,0.6973022683943003
0.4845333333333333,0.6974242250772776
0.4846666666666667,0.697546181760255
0.4848,0.6976681384432323
0.4849333333333333,0.6977900951262096
0.48506666666666665,0.6979120518091869
0.4852,0.6980340084921642
0.48533333333333334,0.6981559651751416
0.48546666666666666,0.6982779218581189
0.4856,0.6983998785410962
0.48573333333333335,0.6985218352240735
0.48586666666666667,0.6986437919070508
0.486,0.6987657485900282
0.4861333333333333,0.6988877052730055
0.4862666666666667,0.6990096619559828
0.4864,0.6991316186389601
0.4865333333333333,0.6992535753219374
0.4866666666666667,0.6993755320049148
0.4868,0.6994974886878921
0.48693333333333333,0.6996194453708694
0.48706666666666665,0.6997414020538467
0.4872,0.699863358736824
0.48733333333333334,0.6999853154198014
0.48746666666666666,0.7001072721027787
0.4876,0.700229228785756
0.48773333333333335,0.7003511854687333
0.48786666666666667,0.7004731421517106
0.488,0.700595098834688
0.4881333333333333,0.7007170555176653
0.4882666666666667,0.7008390122006426
0.4884,0.7009609688836199
0.4885333333333333,0.7010829255665972
0.4886666666666667,0.7012048822495746
0.4888,0.7013268389325519
0.48893333333333333,0.7014487956155292
0.48906666666666665,0.7015707522985065
0.4892,0.7016927089814838
0.48933333333333334,0.7018146656644612
0.48946666666666666,0.7019366223474385
0.4896,0.7020585790304158
0.48973333333333335,0.7021805357133931
0.4898666666666667,0.7023024923963704
0.49,0.7024244490793478
0.4901333333333333,0.7025464057623251
0.4902666666666667,0.7026683624453024
0.4904,0.7027903191282797
0.4905333333333333,0.702912275811257
0.49066666666666664,0.7030342324942344
0.4908,0.7031561891772117
0.49093333333333333,0.7032769014042403
0.49106666666666665,0.7033976136312688
0.4912,0.7035183258582974
0.49133333333333334,0.703639038085326
0.49146666666666666,0.7037597503123546
0.4916,0.7038804625393832
0.49173333333333336,0.7040011747664118
0.4918666666666667,0.7041218869934404
0.492,0.704242599220469
0.4921333333333333,0.7043633114474975
0.4922666666666667,0.7044840236745261
0.4924,0.7046047359015547
0.4925333333333333,0.7047254481285833
0.49266666666666664,0.7048461603556119
0.4928,0.7049668725826405
0.49293333333333333,0.705087584809669
0.49306666666666665,0.7052082970366976
0.4932,0.7053290092637262
0.49333333333333335,0.7054497214907548
0.49346666666666666,0.7055704337177834
0.4936,0.705691145944812
0.49373333333333336,0.7058118581718406
0.4938666666666667,0.7059325703988691
0.494,0.7060532826258977
0.4941333333333333,0.7061739948529263
0.4942666666666667,0.7062947070799549
0.4944,0.7064154193069835
0.4945333333333333,0.7065361315340121
0.49466666666666664,0.7066568437610407
0.4948,0.7067775559880692
0.49493333333333334,0.7068982682150978
0.49506666666666665,0.7070189804421264
0.4952,0.707139692669155
0.49533333333333335,0.7072604048961836
0.49546666666666667,0.7073811171232122
0.4956,0.7075018293502408
0.49573333333333336,0.7076225415772693
0.4958666666666667,0.7077432538042979
0.496,0.7078639660313265
0.4961333333333333,0.7079846782583551
0.4962666666666667,0.7081053904853837
0.4964,0.7082261027124123
0.4965333333333333,0.7083468149394408
0.49666666666666665,0.7084675271664694
0.4968,0.708588239393498
0.49693333333333334,0.7087089516205266
0.49706666666666666,0.7088296638475552
0.4972,0.7089503760745838
0.49733333333333335,0.7090698438456636
0.49746666666666667,0.7091893116167435
0.4976,0.7093087793878233
0.49773333333333336,0.7094282471589032
0.4978666666666667,0.709547714929983
0.498,0.7096671827010629
0.4981333333333333,0.7097866504721427
0.4982666666666667,0.7099061182432226
0.4984,0.7100255860143024
0.49853333333333333,0.7101450537853823
0.49866666666666665,0.7102645215564621
0.4988,0.710383989327542
0.49893333333333334,0.7105034570986218
0.49906666666666666,0.7106229248697017
0.4992,0.7107423926407815
0.49933333333333335,0.7108618604118614
0.49946666666666667,0.7109813281829412
0.4996,0.7111007959540211
0.4997333333333333,0.7112202637251009
0.4998666666666667,0.7113397314961808
0.5,0.7114591992672606
0.5001333333333333,0.7115786670383405
0.5002666666666666,0.7116981348094203
0.5004,0.7118176025805002
0.5005333333333334,0.71193707035158
0.5006666666666667,0.7120565381226599
0.5008,0.7121760058937397
0.5009333333333333,0.7122954736648196
0.5010666666666667,0.7124149414358995
0.5012,0.7125344092069793
0.5013333333333333,0.7126538769780592
0.5014666666666666,0.712773344749139
0.5016,0.7128928125202189
0.5017333333333334,0.7130122802912987
0.5018666666666667,0.7131317480623786
0.502,0.7132512158334584
0.5021333333333333,0.7133706836045383
0.5022666666666666,0.7134901513756181
0.5024,0.713609619146698
0.5025333333333334,0.7137290869177778
0.5026666666666667,0.7138485546888577
0.5028,0.7139680224599375
0.5029333333333333,0.7140874902310174
0.5030666666666667,0.7142069580020972
0.5032,0.7143264257731771
0.5033333333333333,0.7144458935442569
0.5034666666666666,0.714564116859388
0.5036,0.7146823401745191
0.5037333333333334,0.7148005634896503
0.5038666666666667,0.7149187868047814
0.504,0.7150370101199125
0.5041333333333333,0.7151552334350436
0.5042666666666666,0.7152734567501747
0.5044,0.7153916800653058
0.5045333333333333,0.715509903380437
0.5046666666666667,0.7156281266955681
0.5048,0.7157463500106992
0.5049333333333333,0.7158645733258303
0.5050666666666667,0.7159827966409614
0.5052,0.7161010199560925
0.5053333333333333,0.7162192432712237
0.5054666666666666,0.7163374665863548
0.5056,0.7164556899014859
0.5057333333333334,0.716573913216617
0.5058666666666667,0.7166921365317481
0.506,0.7168103598468792
0.5061333333333333,0.7169285831620104
0.5062666666666666,0.7170468064771415
0.5064,0.7171650297922726
0.5065333333333333,0.7172832531074037
0.5066666666666667,0.7174014764225348
0.5068,0.7175196997376659
0.5069333333333333,0.717637923052797
0.5070666666666667,0.7177561463679282
0.5072,0.7178743696830593
0.5073333333333333,0.7179925929981904
0.5074666666666666,0.7181108163133215
0.5076,0.7182290396284526
0.5077333333333334,0.7183472629435838
0.5078666666666667,0.7184654862587149
0.508,0.718583709573846
0.5081333333333333,0.7187019328889771
0.5082666666666666,0.7188201562041082
0.5084,0.7189383795192393
0.5085333333333333,0.7190566028343705
0.5086666666666667,0.7191748261495016
0.5088,0.7192930494646327
0.5089333333333333,0.7194112727797638
0.5090666666666667,0.7195294960948949
0.5092,0.719647719410026
0.5093333333333333,0.7197659427251571
0.5094666666666666,0.7198841660402883
0.5096,0.7200023893554194
0.5097333333333334,0.7201206126705505
0.5098666666666667,0.7202388359856816
0.51,0.7203570593008127
0.5101333333333333,0.7204752826159438
0.5102666666666666,0.720593505931075
0.5104,0.7207117292462061
0.5105333333333333,0.7208299525613372
0.5106666666666667,0.7209481758764683
0.5108,0.7210663991915994
0.5109333333333334,0.7211846225067305
0.5110666666666667,0.7213028458218617
0.5112,0.7214210691369928
0.5113333333333333,0.7215392924521239
0.5114666666666666,0.721657515767255
0.5116,0.7217757390823861
0.5117333333333334,0.7218939623975172
0.5118666666666667,0.7220121857126484
0.512,0.7221291645718307
0.5121333333333333,0.7222461434310131
0.5122666666666666,0.7223631222901955
0.5124,0.7224801011493779
0.5125333333333333,0.7225970800085603
0.5126666666666667,0.7227140588677426
0.5128,0.722831037726925
0.5129333333333334,0.7229480165861074
0.5130666666666667,0.7230649954452898
0.5132,0.7231819743044722
0.5133333333333333,0.7232989531636546
0.5134666666666666,0.7234159320228369
0.5136,0.7235329108820193
0.5137333333333334,0.7236498897412017
0.5138666666666667,0.7237668686003841
0.514,0.7238838474595665
0.5141333333333333,0.7240008263187488
0.5142666666666666,0.7241178051779312
0.5144,0.7242347840371136
0.5145333333333333,0.724351762896296
0.5146666666666667,0.7244687417554784
0.5148,0.7245857206146608
0.5149333333333334,0.7247026994738431
0.5150666666666667,0.7248196783330255
0.5152,0.7249366571922079
0.5153333333333333,0.7250536360513903
0.5154666666666666,0.7251706149105727
0.5156,0.725287593769755
0.5157333333333334,0.7254045726289374
0.5158666666666667,0.7255215514881198
0.516,0.7256385303473022
0.5161333333333333,0.7257555092064846
0.5162666666666667,0.725872488065667
0.5164,0.7259894669248493
0.5165333333333333,0.7261064457840317
0.5166666666666667,0.7262234246432141
0.5168,0.7263404035023965
0.5169333333333334,0.7264573823615789
0.5170666666666667,0.7265743612207612
0.5172,0.7266913400799436
0.5173333333333333,0.726808318939126
0.5174666666666666,0.7269252977983084
0.5176,0.7270422766574908
0.5177333333333334,0.7271592555166732
0.5178666666666667,0.7272762343758555
0.518,0.7273932132350379
0.5181333333333333,0.7275101920942203
0.5182666666666667,0.7276271709534027
0.5184,0.7277441498125851
0.5185333333333333,0.7278611286717674
0.5186666666666667,0.7279781075309498
0.5188,0.7280950863901322
0.5189333333333334,0.7282120652493146
0.5190666666666667,0.728329044108497
0.5192,0.7284460229676794
0.5193333333333333,0.7285630018268617
0.5194666666666666,0.7286799806860441
0.5196,0.7287957150892778
0.5197333333333334,0.7289114494925114
0.5198666666666667,0.7290271838957451
0.52,0.7291429182989787
0.5201333333333333,0.7292586527022124
0.5202666666666667,0.729374387105446
0.5204,0.7294901215086796
0.5205333333333333,0.7296058559119133
0.5206666666666667,0.7297215903151469
0.5208,0.7298373247183806
0.5209333333333334,0.7299530591216142
0.5210666666666667,0.7300687935248479
0.5212,0.7301845279280815
0.5213333333333333,0.7303002623313152
0.5214666666666666,0.7304159967345488
0.5216,0.7305317311377825
0.5217333333333334,0.7306474655410161
0.5218666666666667,0.7307631999442498
0.522,0.7308789343474834
0.5221333333333333,0.7309946687507171
0.5222666666666667,0.7311104031539507
0.5224,0.7312261375571844
0.5225333333333333,0.731341871960418
0.5226666666666666,0.7314576063636516
0.5228,0.7315733407668853
0.5229333333333334,0.7316890751701189
0.5230666666666667,0.7318048095733526
0.5232,0.7319205439765862
0.5233333333333333,0.7320362783798199
0.5234666666666666,0.7321520127830535
0.5236,0.7322677471862872
0.5237333333333334,0.7323834815895208
0.5238666666666667,0.7324992159927545
0.524,0.7326149503959881
0.5241333333333333,0.7327306847992218
0.5242666666666667,0.7328464192024554
0.5244,0.7329621536056891
0.5245333333333333,0.7330778880089227
0.5246666666666666,0.7331936224121564
0.5248,0.73330935681539
0.5249333333333334,0.7334250912186236
0.5250666666666667,0.7335408256218573
0.5252,0.7336565600250909
0.5253333333333333,0.7337722944283246
0.5254666666666666,0.7338880288315582
0.5256,0.7340037632347919
0.5257333333333334,0.7341194976380255
0.5258666666666667,0.7342352320412592
0.526,0.7343509664444928
0.5261333333333333,0.7344667008477265
0.5262666666666667,0.7345824352509601
0.5264,0.7346969251982449
0.5265333333333333,0.7348114151455297
0.5266666666666666,0.7349259050928145
0.5268,0.7350403950400993
0.5269333333333334,0.7351548849873841
0.5270666666666667,0.7352693749346689
0.5272,0.7353838648819537
0.5273333333333333,0.7354983548292385
0.5274666666666666,0.7356128447765233
0.5276,0.7357273347238081
0.5277333333333334,0.7358418246710929
0.5278666666666667,0.7359563146183777
0.528,0.7360708045656625
0.5281333333333333,0.7361852945129473
0.5282666666666667,0.7362997844602321
0.5284,0.7364142744075169
0.5285333333333333,0.7365287643548017
0.5286666666666666,0.7366432543020865
0.5288,0.7367577442493713
0.5289333333333334,0.7368722341966562
0.5290666666666667,0.736986724143941
0.5292,0.7371012140912258
0.5293333333333333,0.7372157040385106
0.5294666666666666,0.7373301939857954
0.5296,0.7374446839330802
0.5297333333333333,0.737559173880365
0.5298666666666667,0.7376736638276498
0.53,0.7377881537749346
0.5301333333333333,0.7379026437222194
0.5302666666666667,0.7380171336695042
0.5304,0.738131623616789
0.5305333333333333,0.7382461135640738
0.5306666666666666,0.7383606035113586
0.5308,0.7384750934586434
0.5309333333333334,0.7385895834059282
0.5310666666666667,0.738704073353213
0.5312,0.7388185633004978
0.5313333333333333,0.7389330532477826
0.5314666666666666,0.7390475431950674
0.5316,0.7391620331423522
0.5317333333333333,0.739276523089637
0.5318666666666667,0.7393910130369218
0.532,0.7395055029842066
0.5321333333333333,0.7396199929314914
0.5322666666666667,0.7397344828787762
0.5324,0.739848972826061
0.5325333333333333,0.7399634627733458
0.5326666666666666,0.7400779527206306
0.5328,0.7401924426679154
0.5329333333333334,0.7403069326152002
0.5330666666666667,0.740421422562485
0.5332,0.7405359125097698
0.5333333333333333,0.7406504024570546
0.5334666666666666,0.7407648924043394
0.5336,0.7408793823516242
0.5337333333333333,0.740993872298909
0.5338666666666667,0.7411083622461938
0.534,0.7412228521934786
0.5341333333333333,0.7413373421407634
0.5342666666666667,0.7414518320880482
0.5344,0.741566322035333
0.5345333333333333,0.7416808119826178
0.5346666666666666,0.7417940574739539
0.5348,0.74190730296529
0.5349333333333334,0.742020548456626
0.5350666666666667,0.7421337939479621
0.5352,0.7422470394392982
0.5353333333333333,0.7423602849306342
0.5354666666666666,0.7424735304219703
0.5356,0.7425867759133064
0.5357333333333333,0.7427000214046424
0.5358666666666667,0.7428132668959785
0.536,0.7429265123873146
0.5361333333333334,0.7430397578786506
0.5362666666666667,0.7431530033699867
0.5364,0.7432662488613228
0.5365333333333333,0.7433794943526588
0.5366666666666666,0.7434927398439949
0.5368,0.743605985335331
0.5369333333333334,0.743719230826667
0.5370666666666667,0.7438324763180031
0.5372,0.7439457218093392
0.5373333333333333,0.7440589673006752
0.5374666666666666,0.7441722127920113
0.5376,0.7442854582833474
0.5377333333333333,0.7443987037746834
0.5378666666666667,0.7445119492660195
0.538,0.7446251947573556
0.5381333333333334,0.7447384402486916
0.5382666666666667,0.7448516857400277
0.5384,0.7449649312313638
0.5385333333333333,0.7450781767226998
0.5386666666666666,0.7451914222140359
0.5388,0.745304667705372
0.5389333333333334,0.745417913196708
0.5390666666666667,0.7455311586880441
0.5392,0.7456444041793802
0.5393333333333333,0.7457576496707162
0.5394666666666666,0.7458708951620523
0.5396,0.7459841406533884
0.5397333333333333,0.7460973861447244
0.5398666666666667,0.7462106316360605
0.54,0.7463238771273966
0.5401333333333334,0.7464371226187326
0.5402666666666667,0.7465503681100687
0.5404,0.746662369145456
0.5405333333333333,0.7467743701808434
0.5406666666666666,0.7468863712162307
0.5408,0.746998372251618
0.5409333333333334,0.7471103732870054
0.5410666666666667,0.7472223743223927
0.5412,0.74733437535778
0.5413333333333333,0.7474463763931674
0.5414666666666667,0.7475583774285547
0.5416,0.747670378463942
0.5417333333333333,0.7477823794993294
0.5418666666666667,0.7478943805347167
0.542,0.748006381570104
0.5421333333333334,0.7481183826054913
0.5422666666666667,0.7482303836408787
0.5424,0.748342384676266
0.5425333333333333,0.7484543857116533
0.5426666666666666,0.7485663867470407
0.5428,0.748678387782428
0.5429333333333334,0.7487903888178153
0.5430666666666667,0.7489023898532027
0.5432,0.74901439088859
0.5433333333333333,0.7491263919239773
0.5434666666666667,0.7492383929593647
0.5436,0.749350393994752
0.5437333333333333,0.7494623950301393
0.5438666666666667,0.7495743960655267
0.544,0.749686397100914
0.5441333333333334,0.7497983981363013
0.5442666666666667,0.7499103991716887
0.5444,0.750022400207076
0.5445333333333333,0.7501344012424633
0.5446666666666666,0.7502464022778507
0.5448,0.750358403313238
0.5449333333333334,0.7504704043486253
0.5450666666666667,0.7505824053840127
0.5452,0.7506944064194
0.5453333333333333,0.7508064074547873
0.5454666666666667,0.7509184084901747
0.5456,0.751030409525562
0.5457333333333333,0.7511424105609493
0.5458666666666666,0.7512544115963367
0.546,0.751366412631724
0.5461333333333334,0.7514784136671113
0.5462666666666667,0.7515904147024987
0.5464,0.751702415737886
0.5465333333333333,0.7518144167732733
0.5466666666666666,0.7519264178086607
0.5468,0.752038418844048
0.5469333333333334,0.7521504198794353
0.5470666666666667,0.7522624209148226
0.5472,0.75237442195021
0.5473333333333333,0.7524864229855973
0.5474666666666667,0.7525984240209846
0.5476,0.7527091806004232
0.5477333333333333,0.7528199371798618
0.5478666666666666,0.7529306937593004
0.548,0.753041450338739
0.5481333333333334,0.7531522069181776
0.5482666666666667,0.7532629634976162
0.5484,0.7533737200770548
0.5485333333333333,0.7534844766564934
0.5486666666666666,0.753595233235932
0.5488,0.7537059898153706
0.5489333333333334,0.7538167463948092
0.5490666666666667,0.7539275029742478
0.5492,0.7540382595536864
0.5493333333333333,0.754149016133125
0.5494666666666667,0.7542597727125636
0.5496,0.7543705292920022
0.5497333333333333,0.7544812858714408
0.5498666666666666,0.7545920424508794
0.55,0.754702799030318
0.5501333333333334,0.7548135556097566
0.5502666666666667,0.7549243121891952
0.5504,0.7550350687686338
0.5505333333333333,0.7551458253480724
0.5506666666666666,0.755256581927511
0.5508,0.7553673385069496
0.5509333333333334,0.7554780950863882
0.5510666666666667,0.7555888516658268
0.5512,0.7556996082452654
0.5513333333333333,0.755810364824704
0.5514666666666667,0.7559211214041426
0.5516,0.7560318779835812
0.5517333333333333,0.7561426345630198
0.5518666666666666,0.7562533911424584
0.552,0.756364147721897
0.5521333333333334,0.7564749043013356
0.5522666666666667,0.7565856608807742
0.5524,0.7566964174602128
0.5525333333333333,0.7568071740396514
0.5526666666666666,0.75691793061909
0.5528,0.7570286871985286
0.5529333333333334,0.7571394437779672
0.5530666666666667,0.757248955901457
0.5532,0.7573584680249469
0.5533333333333333,0.7574679801484367
0.5534666666666667,0.7575774922719266
0.5536,0.7576870043954165
0.5537333333333333,0.7577965165189063
0.5538666666666666,0.7579060286423962
0.554,0.7580155407658861
0.5541333333333334,0.7581250528893759
0.5542666666666667,0.7582345650128658
0.5544,0.7583440771363557
0.5545333333333333,0.7584535892598455
0.5546666666666666,0.7585631013833354
0.5548,0.7586726135068252
0.5549333333333333,0.7587821256303151
0.5550666666666667,0.758891637753805
0.5552,0.7590011498772948
0.5553333333333333,0.7591106620007847
0.5554666666666667,0.7592201741242746
0.5556,0.7593296862477644
0.5557333333333333,0.7594391983712543
0.5558666666666666,0.7595487104947442
0.556,0.759658222618234
0.5561333333333334,0.7597677347417239
0.5562666666666667,0.7598772468652137
0.5564,0.7599867589887036
0.5565333333333333,0.7600962711121935
0.5566666666666666,0.7602057832356833
0.5568,0.7603152953591732
0.5569333333333333,0.7604248074826631
0.5570666666666667,0.7605343196061529
0.5572,0.7606438317296428
0.5573333333333333,0.7607533438531326
0.5574666666666667,0.7608628559766225
0.5576,0.7609723681001124
0.5577333333333333,0.7610818802236022
0.5578666666666666,0.7611913923470921
0.558,0.761300904470582
0.5581333333333334,0.7614104165940718
0.5582666666666667,0.7615199287175617
0.5584,0.7616294408410516
0.5585333333333333,0.7617389529645414
0.5586666666666666,0.7618484650880313
0.5588,0.7619567327555724
0.5589333333333333,0.7620650004231135
0.5590666666666667,0.7621732680906547
0.5592,0.7622815357581958
0.5593333333333333,0.7623898034257369
0.5594666666666667,0.762498071093278
0.5596,0.7626063387608192
0.5597333333333333,0.7627146064283603
0.5598666666666666,0.7628228740959014
0.56,0.7629311417634426
0.5601333333333334,0.7630394094309837
0.5602666666666667,0.7631476770985248
0.5604,0.763255944766066
0.5605333333333333,0.7633642124336071
0.5606666666666666,0.7634724801011482
0.5608,0.7635807477686893
0.5609333333333333,0.7636890154362305
0.5610666666666667,0.7637972831037716
0.5612,0.7639055507713127
0.5613333333333334,0.7640138184388539
0.5614666666666667,0.764122086106395
0.5616,0.7642303537739361
0.5617333333333333,0.7643386214414772
0.5618666666666666,0.7644468891090184
0.562,0.7645551567765595
0.5621333333333334,0.7646634244441006
0.5622666666666667,0.7647716921116418
0.5624,0.7648799597791829
0.5625333333333333,0.764988227446724
0.5626666666666666,0.7650964951142651
0.5628,0.7652047627818063
0.5629333333333333,0.7653130304493474
0.5630666666666667,0.7654212981168885
0.5632,0.7655295657844297
0.5633333333333334,0.7656378334519708
0.5634666666666667,0.7657461011195119
0.5636,0.765854368787053
0.5637333333333333,0.7659626364545942
0.5638666666666666,0.7660709041221353
0.564,0.7661791717896764
0.5641333333333334,0.7662874394572176
0.5642666666666667,0.7663957071247587
0.5644,0.7665039747922998
0.5645333333333333,0.7666122424598409
0.5646666666666667,0.7667205101273821
0.5648,0.7668287777949232
0.5649333333333333,0.7669358010065156
0.5650666666666667,0.767042824218108
0.5652,0.7671498474297004
0.5653333333333334,0.7672568706412928
0.5654666666666667,0.7673638938528852
0.5656,0.7674709170644776
0.5657333333333333,0.76757794027607
0.5658666666666666,0.7676849634876624
0.566,0.7677919866992547
0.5661333333333334,0.7678990099108471
0.5662666666666667,0.7680060331224395
0.5664,0.7681130563340319
0.5665333333333333,0.7682200795456243
0.5666666666666667,0.7683271027572167
0.5668,0.7684341259688091
0.5669333333333333,0.7685411491804015
0.5670666666666667,0.7686481723919939
0.5672,0.7687551956035863
0.5673333333333334,0.7688622188151787
0.5674666666666667,0.7689692420267711
0.5676,0.7690762652383635
0.5677333333333333,0.7691832884499559
0.5678666666666666,0.7692903116615483
0.568,0.7693973348731407
0.5681333333333334,0.769504358084733
0.5682666666666667,0.7696113812963254
0.5684,0.7697184045079178
0.5685333333333333,0.7698254277195102
0.5686666666666667,0.7699324509311026
0.5688,0.770039474142695
0.5689333333333333,0.7701464973542874
0.5690666666666667,0.7702535205658798
0.5692,0.7703605437774722
0.5693333333333334,0.7704675669890646
0.5694666666666667,0.770574590200657
0.5696,0.7706816134122494
0.5697333333333333,0.7707886366238418
0.5698666666666666,0.7708956598354342
0.57,0.7710026830470266
0.5701333333333334,0.771109706258619
0.5702666666666667,0.7712167294702114
0.5704,0.7713237526818038
0.5705333333333333,0.7714307758933961
0.5706666666666667,0.7715377991049885
0.5708,0.7716448223165809
0.5709333333333333,0.7717518455281733
0.5710666666666666,0.7718588687397657
0.5712,0.7719646474954094
0.5713333333333334,0.772070426251053
0.5714666666666667,0.7721762050066967
0.5716,0.7722819837623404
0.5717333333333333,0.772387762517984
0.5718666666666666,0.7724935412736277
0.572,0.7725993200292713
0.5721333333333334,0.772705098784915
0.5722666666666667,0.7728108775405587
0.5724,0.7729166562962023
0.5725333333333333,0.773022435051846
0.5726666666666667,0.7731282138074896
0.5728,0.7732339925631333
0.5729333333333333,0.773339771318777
0.5730666666666666,0.7734455500744206
0.5732,0.7735513288300643
0.5733333333333334,0.7736571075857079
0.5734666666666667,0.7737628863413516
0.5736,0.7738686650969953
0.5737333333333333,0.7739744438526389
0.5738666666666666,0.7740802226082826
0.574,0.7741860013639262
0.5741333333333334,0.7742917801195699
0.5742666666666667,0.7743975588752136
0.5744,0.7745033376308572
0.5745333333333333,0.7746091163865009
0.5746666666666667,0.7747148951421445
0.5748,0.7748206738977882
0.5749333333333333,0.7749264526534319
0.5750666666666666,0.7750322314090755
0.5752,0.7751380101647192
0.5753333333333334,0.7752437889203628
0.5754666666666667,0.7753495676760065
0.5756,0.7754553464316501
0.5757333333333333,0.7755611251872938
0.5758666666666666,0.7756669039429375
0.576,0.7757726826985811
0.5761333333333334,0.7758784614542248
0.5762666666666667,0.7759842402098684
0.5764,0.7760900189655121
0.5765333333333333,0.7761957977211558
0.5766666666666667,0.7763015764767994
0.5768,0.7764073552324431
0.5769333333333333,0.7765131339880867
0.5770666666666666,0.7766189127437304
0.5772,0.7767246914993741
0.5773333333333334,0.7768304702550177
0.5774666666666667,0.7769350045547125
0.5776,0.7770395388544074
0.5777333333333333,0.7771440731541022
0.5778666666666666,0.777248607453797
0.578,0.7773531417534918
0.5781333333333334,0.7774576760531866
0.5782666666666667,0.7775622103528814
0.5784,0.7776667446525762
0.5785333333333333,0.777771278952271
0.5786666666666667,0.7778758132519659
0.5788,0.7779803475516607
0.5789333333333333,0.7780848818513555
0.5790666666666666,0.7781894161510503
0.5792,0.7782939504507451
0.5793333333333334,0.7783984847504399
0.5794666666666667,0.7785030190501347
0.5796,0.7786075533498296
0.5797333333333333,0.7787120876495244
0.5798666666666666,0.7788166219492192
0.58,0.778921156248914
0.5801333333333333,0.7790256905486088
0.5802666666666667,0.7791302248483036
0.5804,0.7792347591479984
0.5805333333333333,0.7793392934476933
0.5806666666666667,0.7794438277473881
0.5808,0.7795483620470829
0.5809333333333333,0.7796528963467777
0.5810666666666666,0.7797574306464725
0.5812,0.7798619649461673
0.5813333333333334,0.7799664992458621
0.5814666666666667,0.780071033545557
0.5816,0.7801755678452518
0.5817333333333333,0.7802801021449466
0.5818666666666666,0.7803846364446414
0.582,0.7804891707443362
0.5821333333333333,0.780593705044031
0.5822666666666667,0.7806982393437258
0.5824,0.7808027736434207
0.5825333333333333,0.7809073079431155
0.5826666666666667,0.7810118422428103
0.5828,0.7811163765425051
0.5829333333333333,0.7812209108421999
0.5830666666666666,0.7813254451418947
0.5832,0.7814299794415895
0.5833333333333334,0.7815345137412844
0.5834666666666667,0.7816390480409792
0.5836,0.781743582340674
0.5837333333333333,0.7818481166403688
0.5838666666666666,0.7819526509400636
0.584,0.7820571852397584
0.5841333333333333,0.7821604750835045
0.5842666666666667,0.7822637649272506
0.5844,0.7823670547709967
0.5845333333333333,0.7824703446147427
0.5846666666666667,0.7825736344584888
0.5848,0.7826769243022349
0.5849333333333333,0.782780214145981
0.5850666666666666,0.7828835039897271
0.5852,0.7829867938334731
0.5853333333333334,0.7830900836772192
0.5854666666666667,0.7831933735209653
0.5856,0.7832966633647114
0.5857333333333333,0.7833999532084575
0.5858666666666666,0.7835032430522035
0.586,0.7836065328959496
0.5861333333333333,0.7837098227396957
0.5862666666666667,0.7838131125834418
0.5864,0.7839164024271879
0.5865333333333334,0.7840196922709339
0.5866666666666667,0.78412298211468
0.5868,0.7842262719584261
0.5869333333333333,0.7843295618021722
0.5870666666666666,0.7844328516459182
0.5872,0.7845361414896643
0.5873333333333334,0.7846394313334104
0.5874666666666667,0.7847427211771565
0.5876,0.7848460110209026
0.5877333333333333,0.7849493008646486
0.5878666666666666,0.7850525907083947
0.588,0.7851558805521408
0.5881333333333333,0.7852591703958869
0.5882666666666667,0.785362460239633
0.5884,0.785465750083379
0.5885333333333334,0.7855690399271251
0.5886666666666667,0.7856723297708712
0.5888,0.7857756196146173
0.5889333333333333,0.7858789094583634
0.5890666666666666,0.7859821993021094
0.5892,0.7860854891458555
0.5893333333333334,0.7861887789896016
0.5894666666666667,0.7862920688333477
0.5896,0.7863953586770938
0.5897333333333333,0.7864986485208398
0.5898666666666667,0.7866019383645859
0.59,0.786705228208332
0.5901333333333333,0.7868085180520781
0.5902666666666667,0.7869118078958242
0.5904,0.7870150977395702
0.5905333333333334,0.7871183875833163
0.5906666666666667,0.7872216774270624
0.5908,0.7873249672708085
0.5909333333333333,0.7874282571145546
0.5910666666666666,0.7875315469583006
0.5912,0.7876348368020467
0.5913333333333334,0.7877381266457928
0.5914666666666667,0.7878414164895389
0.5916,0.787944706333285
0.5917333333333333,0.788047996177031
0.5918666666666667,0.7881512860207771
0.592,0.7882545758645232
0.5921333333333333,0.7883578657082693
0.5922666666666667,0.7884611555520153
0.5924,0.7885644453957614
0.5925333333333334,0.7886664907835588
0.5926666666666667,0.7887685361713561
0.5928,0.7888705815591535
0.5929333333333333,0.7889726269469508
0.5930666666666666,0.7890746723347482
0.5932,0.7891767177225455
0.5933333333333334,0.7892787631103428
0.5934666666666667,0.7893808084981402
0.5936,0.7894828538859375
0.5937333333333333,0.7895848992737349
0.5938666666666667,0.7896869446615322
0.594,0.7897889900493296
0.5941333333333333,0.7898910354371269
0.5942666666666667,0.7899930808249243
0.5944,0.7900951262127216
0.5945333333333334,0.7901971716005189
0.5946666666666667,0.7902992169883163
0.5948,0.7904012623761136
0.5949333333333333,0.790503307763911
0.5950666666666666,0.7906053531517083
0.5952,0.7907073985395057
0.5953333333333334,0.790809443927303
0.5954666666666667,0.7909114893151004
0.5956,0.7910135347028977
0.5957333333333333,0.791115580090695
0.5958666666666667,0.7912176254784924
0.596,0.7913196708662897
0.5961333333333333,0.7914217162540871
0.5962666666666666,0.7915237616418844
0.5964,0.7916258070296818
0.5965333333333334,0.7917278524174791
0.5966666666666667,0.7918298978052765
0.5968,0.7919319431930738
0.5969333333333333,0.7920339885808712
0.5970666666666666,0.7921360339686685
0.5972,0.7922380793564658
0.5973333333333334,0.7923401247442632
0.5974666666666667,0.7924421701320605
0.5976,0.7925442155198579
0.5977333333333333,0.7926462609076552
0.5978666666666667,0.7927483062954526
0.598,0.7928503516832499
0.5981333333333333,0.7929523970710473
0.5982666666666666,0.7930544424588446
0.5984,0.7931564878466419
0.5985333333333334,0.7932585332344393
0.5986666666666667,0.7933605786222366
0.5988,0.793462624010034
0.5989333333333333,0.7935646693978313
0.5990666666666666,0.7936667147856287
0.5992,0.793768760173426
0.5993333333333334,0.7938708055612234
0.5994666666666667,0.7939728509490207
0.5996,0.794074896336818
0.5997333333333333,0.7941769417246154
0.5998666666666667,0.7942789871124127
0.6,0.7943810325002101
0.6001333333333333,0.7944830778880074
0.6002666666666666,0.7945851232758048
0.6004,0.7946871686636021
0.6005333333333334,0.7947892140513995
0.6006666666666667,0.7948912594391968
0.6008,0.7949933048269942
0.6009333333333333,0.7950953502147915
0.6010666666666666,0.7951961511466401
0.6012,0.7952969520784887
0.6013333333333334,0.7953977530103373
0.6014666666666667,0.7954985539421859
0.6016,0.7955993548740345
0.6017333333333333,0.7957001558058832
0.6018666666666667,0.7958009567377318
0.602,0.7959017576695804
0.6021333333333333,0.796002558601429
0.6022666666666666,0.7961033595332776
0.6024,0.7962041604651262
0.6025333333333334,0.7963049613969748
0.6026666666666667,0.7964057623288234
0.6028,0.796506563260672
0.6029333333333333,0.7966073641925207
0.6030666666666666,0.7967081651243693
0.6032,0.7968089660562179
0.6033333333333334,0.7969097669880665
0.6034666666666667,0.7970105679199151
0.6036,0.7971113688517637
0.6037333333333333,0.7972121697836123
0.6038666666666667,0.7973129707154609
0.604,0.7974137716473095
0.6041333333333333,0.7975145725791581
0.6042666666666666,0.7976153735110068
0.6044,0.7977161744428554
0.6045333333333334,0.797816975374704
0.6046666666666667,0.7979177763065526
0.6048,0.7980185772384012
0.6049333333333333,0.7981193781702498
0.6050666666666666,0.7982201791020984
0.6052,0.798320980033947
0.6053333333333333,0.7984217809657956
0.6054666666666667,0.7985225818976442
0.6056,0.7986233828294929
0.6057333333333333,0.7987241837613415
0.6058666666666667,0.7988249846931901
0.606,0.7989257856250387
0.6061333333333333,0.7990265865568873
0.6062666666666666,0.7991273874887359
0.6064,0.7992281884205845
0.6065333333333334,0.7993289893524331
0.6066666666666667,0.7994297902842817
0.6068,0.7995305912161303
0.6069333333333333,0.799631392147979
0.6070666666666666,0.7997321930798276
0.6072,0.7998329940116762
0.6073333333333333,0.7999337949435248
0.6074666666666667,0.8000345958753734
0.6076,0.800135396807222
0.6077333333333333,0.8002361977390706
0.6078666666666667,0.8003369986709192
0.608,0.8004377996027678
0.6081333333333333,0.8005386005346165
0.6082666666666666,0.8006394014664651
0.6084,0.8007402023983137
0.6085333333333334,0.8008410033301623
0.6086666666666667,0.8009418042620109
0.6088,0.8010426051938595
0.6089333333333333,0.8011434061257081
0.6090666666666666,0.801242962601608
0.6092,0.8013425190775079
0.6093333333333333,0.8014420755534077
0.6094666666666667,0.8015416320293076
0.6096,0.8016411885052075
0.6097333333333333,0.8017407449811074
0.6098666666666667,0.8018403014570072
0.61,0.8019398579329071
0.6101333333333333,0.802039414408807
0.6102666666666666,0.8021389708847069
0.6104,0.8022385273606067
0.6105333333333334,0.8023380838365066
0.6106666666666667,0.8024376403124065
0.6108,0.8025371967883064
0.6109333333333333,0.8026367532642062
0.6110666666666666,0.8027363097401061
0.6112,0.802835866216006
0.6113333333333333,0.8029354226919059
0.6114666666666667,0.8030349791678058
0.6116,0.8031345356437056
0.6117333333333334,0.8032340921196055
0.6118666666666667,0.8033336485955054
0.612,0.8034332050714053
0.6121333333333333,0.8035327615473051
0.6122666666666666,0.803632318023205
0.6124,0.8037318744991049
0.6125333333333334,0.8038314309750048
0.6126666666666667,0.8039309874509046
0.6128,0.8040305439268045
0.6129333333333333,0.8041301004027044
0.6130666666666666,0.8042296568786043
0.6132,0.8043292133545041
0.6133333333333333,0.804428769830404
0.6134666666666667,0.8045283263063039
0.6136,0.8046278827822038
0.6137333333333334,0.8047274392581036
0.6138666666666667,0.8048269957340035
0.614,0.8049265522099034
0.6141333333333333,0.8050261086858033
0.6142666666666666,0.8051256651617031
0.6144,0.805225221637603
0.6145333333333334,0.8053247781135029
0.6146666666666667,0.8054243345894028
0.6148,0.8055238910653026
0.6149333333333333,0.8056234475412025
0.6150666666666667,0.8057230040171024
0.6152,0.8058225604930023
0.6153333333333333,0.8059208725129534
0.6154666666666667,0.8060191845329046
0.6156,0.8061174965528557
0.6157333333333334,0.8062158085728068
0.6158666666666667,0.806314120592758
0.616,0.8064124326127091
0.6161333333333333,0.8065107446326603
0.6162666666666666,0.8066090566526114
0.6164,0.8067073686725625
0.6165333333333334,0.8068056806925137
0.6166666666666667,0.8069039927124648
0.6168,0.807002304732416
0.6169333333333333,0.8071006167523671
0.6170666666666667,0.8071989287723182
0.6172,0.8072972407922694
0.6173333333333333,0.8073955528122205
0.6174666666666667,0.8074938648321717
0.6176,0.8075921768521228
0.6177333333333334,0.807690488872074
0.6178666666666667,0.8077888008920251
0.618,0.8078871129119762
0.6181333333333333,0.8079854249319274
0.6182666666666666,0.8080837369518785
0.6184,0.8081820489718297
0.6185333333333334,0.8082803609917808
0.6186666666666667,0.8083786730117319
0.6188,0.8084769850316831
0.6189333333333333,0.8085752970516342
0.6190666666666667,0.8086736090715854
0.6192,0.8087719210915365
0.6193333333333333,0.8088702331114876
0.6194666666666667,0.8089685451314388
0.6196,0.8090668571513899
0.6197333333333334,0.8091651691713411
0.6198666666666667,0.8092634811912922
0.62,0.8093617932112434
0.6201333333333333,0.8094601052311945
0.6202666666666666,0.8095584172511456
0.6204,0.8096567292710968
0.6205333333333334,0.8097550412910479
0.6206666666666667,0.8098533533109991
0.6208,0.8099516653309502
0.6209333333333333,0.8100499773509013
0.6210666666666667,0.8101482893708525
0.6212,0.8102466013908036
0.6213333333333333,0.8103449134107548
0.6214666666666666,0.8104432254307059
0.6216,0.810541537450657
0.6217333333333334,0.8106398494706082
0.6218666666666667,0.8107381614905593
0.622,0.8108364735105105
0.6221333333333333,0.8109347855304616
0.6222666666666666,0.8110330975504128
0.6224,0.8111314095703639
0.6225333333333334,0.811229721590315
0.6226666666666667,0.8113280336102662
0.6228,0.8114263456302173
0.6229333333333333,0.8115234131942197
0.6230666666666667,0.8116204807582221
0.6232,0.8117175483222245
0.6233333333333333,0.8118146158862269
0.6234666666666666,0.8119116834502293
0.6236,0.8120087510142318
0.6237333333333334,0.8121058185782342
0.6238666666666667,0.8122028861422366
0.624,0.812299953706239
0.6241333333333333,0.8123970212702414
0.6242666666666666,0.8124940888342438
0.6244,0.8125911563982462
0.6245333333333334,0.8126882239622486
0.6246666666666667,0.812785291526251
0.6248,0.8128823590902534
0.6249333333333333,0.8129794266542558
0.6250666666666667,0.8130764942182582
0.6252,0.8131735617822606
0.6253333333333333,0.813270629346263
0.6254666666666666,0.8133676969102654
0.6256,0.8134647644742679
0.6257333333333334,0.8135618320382703
0.6258666666666667,0.8136588996022727
0.626,0.8137559671662751
0.6261333333333333,0.8138530347302775
0.6262666666666666,0.8139501022942799
0.6264,0.8140471698582823
0.6265333333333334,0.8141442374222847
0.6266666666666667,0.8142413049862871
0.6268,0.8143383725502895
0.6269333333333333,0.8144354401142919
0.6270666666666667,0.8145325076782943
0.6272,0.8146295752422967
0.6273333333333333,0.8147266428062991
0.6274666666666666,0.8148237103703015
0.6276,0.814920777934304
0.6277333333333334,0.8150178454983064
0.6278666666666667,0.8151149130623088
0.628,0.8152119806263112
0.6281333333333333,0.8153090481903136
0.6282666666666666,0.815406115754316
0.6284,0.8155031833183184
0.6285333333333334,0.8156002508823208
0.6286666666666667,0.8156973184463232
0.6288,0.8157943860103256
0.6289333333333333,0.815891453574328
0.6290666666666667,0.8159885211383304
0.6292,0.8160855887023328
0.6293333333333333,0.8161826562663352
0.6294666666666666,0.8162797238303376
0.6296,0.81637679139434
0.6297333333333334,0.8164738589583425
0.6298666666666667,0.8165709265223449
0.63,0.8166679940863473
0.6301333333333333,0.8167650616503497
0.6302666666666666,0.8168621292143521
0.6304,0.8169591967783545
0.6305333333333333,0.8170562643423569
0.6306666666666667,0.8171533319063593
0.6308,0.817249155014413
0.6309333333333333,0.8173449781224666
0.6310666666666667,0.8174408012305203
0.6312,0.817536624338574
0.6313333333333333,0.8176324474466277
0.6314666666666666,0.8177282705546813
0.6316,0.817824093662735
0.6317333333333334,0.8179199167707887
0.6318666666666667,0.8180157398788424
0.632,0.818111562986896
0.6321333333333333,0.8182073860949497
0.6322666666666666,0.8183032092030034
0.6324,0.818399032311057
0.6325333333333333,0.8184948554191107
0.6326666666666667,0.8185906785271644
0.6328,0.8186865016352181
0.6329333333333333,0.8187823247432717
0.6330666666666667,0.8188781478513254
0.6332,0.8189739709593791
0.6333333333333333,0.8190697940674327
0.6334666666666666,0.8191656171754864
0.6336,0.8192614402835401
0.6337333333333334,0.8193572633915938
0.6338666666666667,0.8194530864996474
0.634,0.8195489096077011
0.6341333333333333,0.8196447327157548
0.6342666666666666,0.8197405558238084
0.6344,0.8198363789318621
0.6345333333333333,0.8199322020399158
0.6346666666666667,0.8200280251479695
0.6348,0.8201238482560231
0.6349333333333333,0.8202196713640768
0.6350666666666667,0.8203154944721305
0.6352,0.8204113175801842
0.6353333333333333,0.8205071406882378
0.6354666666666666,0.8206029637962915
0.6356,0.8206987869043452
0.6357333333333334,0.8207946100123988
0.6358666666666667,0.8208904331204525
0.636,0.8209862562285062
0.6361333333333333,0.8210820793365599
0.6362666666666666,0.8211779024446135
0.6364,0.8212737255526672
0.6365333333333333,0.8213695486607209
0.6366666666666667,0.8214653717687745
0.6368,0.8215611948768282
0.6369333333333334,0.8216570179848819
0.6370666666666667,0.8217528410929356
0.6372,0.8218486642009892
0.6373333333333333,0.8219444873090429
0.6374666666666666,0.8220403104170966
0.6376,0.8221361335251502
0.6377333333333334,0.8222319566332039
0.6378666666666667,0.8223277797412576
0.638,0.8224236028493113
0.6381333333333333,0.8225194259573649
0.6382666666666666,0.8226152490654186
0.6384,0.8227110721734723
0.6385333333333333,0.822806895281526
0.6386666666666667,0.8229027183895796
0.6388,0.8229985414976333
0.6389333333333334,0.823094364605687
0.6390666666666667,0.8231901877137406
0.6392,0.8232860108217943
0.6393333333333333,0.823381833929848
0.6394666666666666,0.8234776570379017
0.6396,0.8235734801459553
0.6397333333333334,0.823669303254009
0.6398666666666667,0.8237651263620627
0.64,0.8238609494701163
0.6401333333333333,0.82395677257817
0.6402666666666667,0.8240513512302748
0.6404,0.8241459298823797
0.6405333333333333,0.8242405085344845
0.6406666666666667,0.8243350871865893
0.6408,0.8244296658386941
0.6409333333333334,0.824524244490799
0.6410666666666667,0.8246188231429038
0.6412,0.8247134017950086
0.6413333333333333,0.8248079804471135
0.6414666666666666,0.8249025590992183
0.6416,0.8249971377513231
0.6417333333333334,0.8250917164034279
0.6418666666666667,0.8251862950555328
0.642,0.8252808737076376
0.6421333333333333,0.8253754523597424
0.6422666666666667,0.8254700310118472
0.6424,0.8255646096639521
0.6425333333333333,0.8256591883160569
0.6426666666666667,0.8257537669681617
0.6428,0.8258483456202665
0.6429333333333334,0.8259429242723714
0.6430666666666667,0.8260375029244762
0.6432,0.826132081576581
0.6433333333333333,0.8262266602286858
0.6434666666666666,0.8263212388807907
0.6436,0.8264158175328955
0.6437333333333334,0.8265103961850003
0.6438666666666667,0.8266049748371052
0.644,0.82669955348921
0.6441333333333333,0.8267941321413148
0.6442666666666667,0.8268887107934196
0.6444,0.8269832894455245
0.6445333333333333,0.8270778680976293
0.6446666666666667,0.8271724467497341
0.6448,0.8272670254018389
0.6449333333333334,0.8273616040539438
0.6450666666666667,0.8274561827060486
0.6452,0.8275507613581534
0.6453333333333333,0.8276453400102582
0.6454666666666666,0.8277399186623631
0.6456,0.8278344973144679
0.6457333333333334,0.8279290759665727
0.6458666666666667,0.8280236546186776
0.646,0.8281182332707824
0.6461333333333333,0.8282128119228872
0.6462666666666667,0.828307390574992
0.6464,0.8284019692270969
0.6465333333333333,0.8284965478792017
0.6466666666666666,0.8285911265313065
0.6468,0.8286857051834113
0.6469333333333334,0.8287802838355162
0.6470666666666667,0.828874862487621
0.6472,0.8289694411397258
0.6473333333333333,0.8290640197918306
0.6474666666666666,0.8291585984439355
0.6476,0.8292531770960403
0.6477333333333334,0.8293477557481451
0.6478666666666667,0.8294410899443012
0.648,0.8295344241404573
0.6481333333333333,0.8296277583366134
0.6482666666666667,0.8297210925327695
0.6484,0.8298144267289256
0.6485333333333333,0.8299077609250817
0.6486666666666666,0.8300010951212378
0.6488,0.8300944293173939
0.6489333333333334,0.83018776351355
0.6490666666666667,0.830281097709706
0.6492,0.8303744319058621
0.6493333333333333,0.8304677661020182
0.6494666666666666,0.8305611002981743
0.6496,0.8306544344943304
0.6497333333333334,0.8307477686904865
0.6498666666666667,0.8308411028866426
0.65,0.8309344370827987
0.6501333333333333,0.8310277712789548
0.6502666666666667,0.8311211054751109
0.6504,0.831214439671267
0.6505333333333333,0.831307773867423
0.6506666666666666,0.8314011080635791
0.6508,0.8314944422597352
0.6509333333333334,0.8315877764558913
0.6510666666666667,0.8316811106520474
0.6512,0.8317744448482035
0.6513333333333333,0.8318677790443596
0.6514666666666666,0.8319611132405157
0.6516,0.8320544474366718
0.6517333333333334,0.8321477816328279
0.6518666666666667,0.832241115828984
0.652,0.8323344500251401
0.6521333333333333,0.8324277842212962
0.6522666666666667,0.8325211184174522
0.6524,0.8326144526136083
0.6525333333333333,0.8327077868097644
0.6526666666666666,0.8328011210059205
0.6528,0.8328944552020766
0.6529333333333334,0.8329877893982327
0.6530666666666667,0.8330811235943888
0.6532,0.8331744577905449
0.6533333333333333,0.833267791986701
0.6534666666666666,0.8333611261828571
0.6536,0.8334544603790132
0.6537333333333334,0.8335477945751693
0.6538666666666667,0.8336411287713253
0.654,0.8337344629674814
0.6541333333333333,0.8338277971636375
0.6542666666666667,0.8339211313597936
0.6544,0.8340144655559497
0.6545333333333333,0.8341077997521058
0.6546666666666666,0.8342011339482619
0.6548,0.834294468144418
0.6549333333333334,0.8343878023405741
0.6550666666666667,0.8344811365367302
0.6552,0.8345744707328863
0.6553333333333333,0.8346678049290424
0.6554666666666666,0.8347611391251984
0.6556,0.8348544733213545
0.6557333333333333,0.8349478075175106
0.6558666666666667,0.8350411417136667
0.656,0.8351344759098228
0.6561333333333333,0.8352265656500302
0.6562666666666667,0.8353186553902375
0.6564,0.8354107451304449
0.6565333333333333,0.8355028348706522
0.6566666666666666,0.8355949246108596
0.6568,0.835687014351067
0.6569333333333334,0.8357791040912743
0.6570666666666667,0.8358711938314817
0.6572,0.835963283571689
0.6573333333333333,0.8360553733118964
0.6574666666666666,0.8361474630521037
0.6576,0.8362395527923111
0.6577333333333333,0.8363316425325185
0.6578666666666667,0.8364237322727258
0.658,0.8365158220129332
0.6581333333333333,0.8366079117531405
0.6582666666666667,0.8367000014933479
0.6584,0.8367920912335552
0.6585333333333333,0.8368841809737626
0.6586666666666666,0.83697627071397
0.6588,0.8370683604541773
0.6589333333333334,0.8371604501943847
0.6590666666666667,0.837252539934592
0.6592,0.8373446296747994
0.6593333333333333,0.8374367194150067
0.6594666666666666,0.8375288091552141
0.6596,0.8376208988954215
0.6597333333333333,0.8377129886356288
0.6598666666666667,0.8378050783758362
0.66,0.8378971681160435
0.6601333333333333,0.8379892578562509
0.6602666666666667,0.8380813475964582
0.6604,0.8381734373366656
0.6605333333333333,0.838265527076873
0.6606666666666666,0.8383576168170803
0.6608,0.8384497065572877
0.6609333333333334,0.838541796297495
0.6610666666666667,0.8386338860377024
0.6612,0.8387259757779097
0.6613333333333333,0.8388180655181171
0.6614666666666666,0.8389101552583245
0.6616,0.8390022449985318
0.6617333333333333,0.8390943347387392
0.6618666666666667,0.8391864244789465
0.662,0.8392785142191539
0.6621333333333334,0.8393706039593613
0.6622666666666667,0.8394626936995686
0.6624,0.839554783439776
0.6625333333333333,0.8396468731799833
0.6626666666666666,0.8397389629201907
0.6628,0.839831052660398
0.6629333333333334,0.8399231424006054
0.6630666666666667,0.8400152321408128
0.6632,0.8401073218810201
0.6633333333333333,0.8401981671652787
0.6634666666666666,0.8402890124495374
0.6636,0.840379857733796
0.6637333333333333,0.8404707030180546
0.6638666666666667,0.8405615483023132
0.664,0.8406523935865718
0.6641333333333334,0.8407432388708305
0.6642666666666667,0.8408340841550891
0.6644,0.8409249294393477
0.6645333333333333,0.8410157747236063
0.6646666666666666,0.841106620007865
0.6648,0.8411974652921236
0.6649333333333334,0.8412883105763822
0.6650666666666667,0.8413791558606408
0.6652,0.8414700011448994
0.6653333333333333,0.8415608464291581
0.6654666666666667,0.8416516917134167
0.6656,0.8417425369976753
0.6657333333333333,0.8418333822819339
0.6658666666666667,0.8419242275661926
0.666,0.8420150728504512
0.6661333333333334,0.8421059181347098
0.6662666666666667,0.8421967634189684
0.6664,0.842287608703227
0.6665333333333333,0.8423784539874857
0.6666666666666666,0.8424692992717443
0.6668,0.8425601445560029
0.6669333333333334,0.8426509898402615
0.6670666666666667,0.8427418351245202
0.6672,0.8428326804087788
0.6673333333333333,0.8429235256930374
0.6674666666666667,0.843014370977296
0.6676,0.8431052162615547
0.6677333333333333,0.8431960615458133
0.6678666666666667,0.8432869068300719
0.668,0.8433777521143305
0.6681333333333334,0.8434685973985891
0.6682666666666667,0.8435594426828478
0.6684,0.8436502879671064
0.6685333333333333,0.843741133251365
0.6686666666666666,0.8438319785356236
0.6688,0.8439228238198823
0.6689333333333334,0.8440136691041409
0.6690666666666667,0.8441045143883995
0.6692,0.8441953596726581
0.6693333333333333,0.8442862049569168
0.6694666666666667,0.8443770502411754
0.6696,0.844467895525434
0.6697333333333333,0.8445587408096926
0.6698666666666667,0.8446495860939512
0.67,0.8447404313782099
0.6701333333333334,0.8448312766624685
0.6702666666666667,0.8449221219467271
0.6704,0.845011722775037
0.6705333333333333,0.8451013236033469
0.6706666666666666,0.8451909244316568
0.6708,0.8452805252599667
0.6709333333333334,0.8453701260882766
0.6710666666666667,0.8454597269165864
0.6712,0.8455493277448963
0.6713333333333333,0.8456389285732062
0.6714666666666667,0.8457285294015161
0.6716,0.845818130229826
0.6717333333333333,0.8459077310581359
0.6718666666666666,0.8459973318864458
0.672,0.8460869327147557
0.6721333333333334,0.8461765335430655
0.6722666666666667,0.8462661343713754
0.6724,0.8463557351996853
0.6725333333333333,0.8464453360279952
0.6726666666666666,0.8465349368563051
0.6728,0.846624537684615
0.6729333333333334,0.8467141385129249
0.6730666666666667,0.8468037393412348
0.6732,0.8468933401695447
0.6733333333333333,0.8469829409978545
0.6734666666666667,0.8470725418261644
0.6736,0.8471621426544743
0.6737333333333333,0.8472517434827842
0.6738666666666666,0.8473413443110941
0.674,0.847430945139404
0.6741333333333334,0.8475205459677139
0.6742666666666667,0.8476101467960238
0.6744,0.8476997476243336
0.6745333333333333,0.8477893484526435
0.6746666666666666,0.8478789492809534
0.6748,0.8479685501092633
0.6749333333333334,0.8480581509375732
0.6750666666666667,0.8481477517658831
0.6752,0.848237352594193
0.6753333333333333,0.8483269534225029
0.6754666666666667,0.8484165542508127
0.6756,0.8485061550791226
0.6757333333333333,0.8485957559074325
0.6758666666666666,0.8486853567357424
0.676,0.8487749575640523
0.6761333333333334,0.8488645583923622
0.6762666666666667,0.8489541592206721
0.6764,0.849043760048982
0.6765333333333333,0.8491333608772919
0.6766666666666666,0.8492229617056017
0.6768,0.8493125625339116
0.6769333333333334,0.8494021633622215
0.6770666666666667,0.8494917641905314
0.6772,0.8495813650188413
0.6773333333333333,0.8496709658471512
0.6774666666666667,0.8497605666754611
0.6776,0.849850167503771
0.6777333333333333,0.8499397683320808
0.6778666666666666,0.8500293691603907
0.678,0.8501189699887006
0.6781333333333334,0.8502085708170105
0.6782666666666667,0.8502969271893717
0.6784,0.8503852835617328
0.6785333333333333,0.850473639934094
0.6786666666666666,0.8505619963064551
0.6788,0.8506503526788163
0.6789333333333334,0.8507387090511774
0.6790666666666667,0.8508270654235386
0.6792,0.8509154217958997
0.6793333333333333,0.8510037781682609
0.6794666666666667,0.851092134540622
0.6796,0.8511804909129832
0.6797333333333333,0.8512688472853444
0.6798666666666666,0.8513572036577055
0.68,0.8514455600300667
0.6801333333333334,0.8515339164024278
0.6802666666666667,0.851622272774789
0.6804,0.8517106291471501
0.6805333333333333,0.8517989855195113
0.6806666666666666,0.8518873418918724
0.6808,0.8519756982642336
0.6809333333333333,0.8520640546365947
0.6810666666666667,0.8521524110089559
0.6812,0.852240767381317
0.6813333333333333,0.8523291237536782
0.6814666666666667,0.8524174801260394
0.6816,0.8525058364984005
0.6817333333333333,0.8525941928707617
0.6818666666666666,0.8526825492431228
0.682,0.852770905615484
0.6821333333333334,0.8528592619878451
0.6822666666666667,0.8529476183602063
0.6824,0.8530359747325674
0.6825333333333333,0.8531243311049286
0.6826666666666666,0.8532126874772897
0.6828,0.8533010438496509
0.6829333333333333,0.853389400222012
0.6830666666666667,0.8534777565943732
0.6832,0.8535661129667343
0.6833333333333333,0.8536544693390955
0.6834666666666667,0.8537428257114567
0.6836,0.8538311820838178
0.6837333333333333,0.853919538456179
0.6838666666666666,0.8540078948285401
0.684,0.8540962512009013
0.6841333333333334,0.8541846075732624
0.6842666666666667,0.8542729639456236
0.6844,0.8543613203179847
0.6845333333333333,0.8544496766903459
0.6846666666666666,0.854538033062707
0.6848,0.8546263894350682
0.6849333333333333,0.8547147458074293
0.6850666666666667,0.8548031021797905
0.6852,0.8548914585521517
0.6853333333333333,0.8549798149245128
0.6854666666666667,0.855068171296874
0.6856,0.8551565276692351
0.6857333333333333,0.8552448840415963
0.6858666666666666,0.8553332404139574
0.686,0.8554215967863186
0.6861333333333334,0.8555099531586797
0.6862666666666667,0.8555983095310409
0.6864,0.855686665903402
0.6865333333333333,0.8557750222757632
0.6866666666666666,0.8558633786481243
0.6868,0.8559517350204855
0.6869333333333333,0.8560388469368979
0.6870666666666667,0.8561259588533103
0.6872,0.8562130707697228
0.6873333333333334,0.8563001826861352
0.6874666666666667,0.8563872946025476
0.6876,0.85647440651896
0.6877333333333333,0.8565615184353724
0.6878666666666666,0.8566486303517848
0.688,0.8567357422681973
0.6881333333333334,0.8568228541846097
0.6882666666666667,0.8569099661010221
0.6884,0.8569970780174345
0.6885333333333333,0.8570841899338469
0.6886666666666666,0.8571713018502594
0.6888,0.8572584137666718
0.6889333333333333,0.8573455256830842
0.6890666666666667,0.8574326375994966
0.6892,0.857519749515909
0.6893333333333334,0.8576068614323215
0.6894666666666667,0.8576939733487339
0.6896,0.8577810852651463
0.6897333333333333,0.8578681971815587
0.6898666666666666,0.8579553090979711
0.69,0.8580424210143835
0.6901333333333334,0.858129532930796
0.6902666666666667,0.8582166448472084
0.6904,0.8583037567636208
0.6905333333333333,0.8583908686800332
0.6906666666666667,0.8584779805964456
0.6908,0.8585650925128581
0.6909333333333333,0.8586522044292705
0.6910666666666667,0.8587393163456829
0.6912,0.8588264282620953
0.6913333333333334,0.8589135401785077
0.6914666666666667,0.8590006520949202
0.6916,0.8590877640113326
0.6917333333333333,0.859174875927745
0.6918666666666666,0.8592619878441574
0.692,0.8593490997605698
0.6921333333333334,0.8594362116769823
0.6922666666666667,0.8595233235933947
0.6924,0.8596104355098071
0.6925333333333333,0.8596975474262195
0.6926666666666667,0.8597846593426319
0.6928,0.8598717712590443
0.6929333333333333,0.8599588831754568
0.6930666666666667,0.8600459950918692
0.6932,0.8601331070082816
0.6933333333333334,0.860220218924694
0.6934666666666667,0.8603073308411064
0.6936,0.8603944427575189
0.6937333333333333,0.8604815546739313
0.6938666666666666,0.8605686665903437
0.694,0.8606557785067561
0.6941333333333334,0.8607428904231685
0.6942666666666667,0.860830002339581
0.6944,0.8609171142559934
0.6945333333333333,0.8610042261724058
0.6946666666666667,0.8610913380888182
0.6948,0.8611784500052306
0.6949333333333333,0.861265561921643
0.6950666666666667,0.8613526738380555
0.6952,0.8614397857544679
0.6953333333333334,0.8615268976708803
0.6954666666666667,0.8616140095872927
0.6956,0.8617011215037051
0.6957333333333333,0.8617882334201176
0.6958666666666666,0.8618741008805813
0.696,0.8619599683410449
0.6961333333333334,0.8620458358015086
0.6962666666666667,0.8621317032619723
0.6964,0.862217570722436
0.6965333333333333,0.8623034381828997
0.6966666666666667,0.8623893056433634
0.6968,0.862475173103827
0.6969333333333333,0.8625610405642907
0.6970666666666666,0.8626469080247544
0.6972,0.8627327754852181
0.6973333333333334,0.8628186429456818
0.6974666666666667,0.8629045104061455
0.6976,0.8629903778666091
0.6977333333333333,0.8630762453270728
0.6978666666666666,0.8631621127875365
0.698,0.8632479802480002
0.6981333333333334,0.8633338477084639
0.6982666666666667,0.8634197151689276
0.6984,0.8635055826293913
0.6985333333333333,0.8635914500898549
0.6986666666666667,0.8636773175503186
0.6988,0.8637631850107823
0.6989333333333333,0.863849052471246
0.6990666666666666,0.8639349199317097
0.6992,0.8640207873921734
0.6993333333333334,0.864106654852637
0.6994666666666667,0.8641925223131007
0.6996,0.8642783897735644
0.6997333333333333,0.8643642572340281
0.6998666666666666,0.8644501246944918
0.7,0.8645359921549555
0.7001333333333334,0.8646218596154192
0.7002666666666667,0.8647077270758828
0.7004,0.8647935945363465
0.7005333333333333,0.8648794619968102
0.7006666666666667,0.8649653294572739
0.7008,0.8650511969177376
0.7009333333333333,0.8651370643782013
0.7010666666666666,0.8652229318386649
0.7012,0.8653087992991286
0.7013333333333334,0.8653946667595923
0.7014666666666667,0.865480534220056
0.7016,0.8655664016805197
0.7017333333333333,0.8656522691409834
0.7018666666666666,0.865738136601447
0.702,0.8658240040619107
0.7021333333333334,0.8659098715223744
0.7022666666666667,0.8659957389828381
0.7024,0.8660816064433018
0.7025333333333333,0.8661674739037655
0.7026666666666667,0.8662533413642292
0.7028,0.8663392088246928
0.7029333333333333,0.8664250762851565
0.7030666666666666,0.8665096992896714
0.7032,0.8665943222941862
0.7033333333333334,0.866678945298701
0.7034666666666667,0.8667635683032159
0.7036,0.8668481913077307
0.7037333333333333,0.8669328143122456
0.7038666666666666,0.8670174373167604
0.704,0.8671020603212752
0.7041333333333334,0.8671866833257901
0.7042666666666667,0.8672713063303049
0.7044,0.8673559293348198
0.7045333333333333,0.8674405523393346
0.7046666666666667,0.8675251753438494
0.7048,0.8676097983483643
0.7049333333333333,0.8676944213528791
0.7050666666666666,0.867779044357394
0.7052,0.8678636673619088
0.7053333333333334,0.8679482903664236
0.7054666666666667,0.8680329133709385
0.7056,0.8681175363754533
0.7057333333333333,0.8682021593799681
0.7058666666666666,0.868286782384483
0.706,0.8683714053889978
0.7061333333333333,0.8684560283935127
0.7062666666666667,0.8685406513980275
0.7064,0.8686252744025423
0.7065333333333333,0.8687098974070572
0.7066666666666667,0.868794520411572
0.7068,0.8688791434160869
0.7069333333333333,0.8689637664206017
0.7070666666666666,0.8690483894251165
0.7072,0.8691330124296314
0.7073333333333334,0.8692176354341462
0.7074666666666667,0.869302258438661
0.7076,0.8693868814431759
0.7077333333333333,0.8694715044476907
0.7078666666666666,0.8695561274522056
0.708,0.8696407504567204
0.7081333333333333,0.8697253734612352
0.7082666666666667,0.8698099964657501
0.7084,0.8698946194702649
0.7085333333333333,0.8699792424747798
0.7086666666666667,0.8700638654792946
0.7088,0.8701484884838094
0.7089333333333333,0.8702331114883243
0.7090666666666666,0.8703177344928391
0.7092,0.870402357497354
0.7093333333333334,0.8704869805018688
0.7094666666666667,0.8705716035063836
0.7096,0.8706562265108985
0.7097333333333333,0.8707396050594646
0.7098666666666666,0.8708229836080307
0.71,0.8709063621565968
0.7101333333333333,0.8709897407051629
0.7102666666666667,0.871073119253729
0.7104,0.8711564978022951
0.7105333333333334,0.8712398763508612
0.7106666666666667,0.8713232548994273
0.7108,0.8714066334479934
0.7109333333333333,0.8714900119965595
0.7110666666666666,0.8715733905451256
0.7112,0.8716567690936917
0.7113333333333334,0.8717401476422578
0.7114666666666667,0.8718235261908239
0.7116,0.87190690473939
0.7117333333333333,0.8719902832879561
0.7118666666666666,0.8720736618365222
0.712,0.8721570403850883
0.7121333333333333,0.8722404189336544
0.7122666666666667,0.8723237974822206
0.7124,0.8724071760307867
0.7125333333333334,0.8724905545793528
0.7126666666666667,0.8725739331279189
0.7128,0.872657311676485
0.7129333333333333,0.8727406902250511
0.7130666666666666,0.8728240687736172
0.7132,0.8729074473221833
0.7133333333333334,0.8729908258707494
0.7134666666666667,0.8730742044193155
0.7136,0.8731575829678816
0.7137333333333333,0.8732409615164477
0.7138666666666666,0.8733243400650138
0.714,0.8734077186135799
0.7141333333333333,0.873491097162146
0.7142666666666667,0.8735744757107121
0.7144,0.8736578542592782
0.7145333333333334,0.8737412328078443
0.7146666666666667,0.8738246113564104
0.7148,0.8739079899049765
0.7149333333333333,0.8739913684535426
0.7150666666666666,0.8740747470021087
0.7152,0.8741581255506748
0.7153333333333334,0.874241504099241
0.7154666666666667,0.8743248826478071
0.7156,0.8744082611963732
0.7157333333333333,0.8744916397449393
0.7158666666666667,0.8745750182935054
0.716,0.8746583968420715
0.7161333333333333,0.8747417753906376
0.7162666666666667,0.8748251539392037
0.7164,0.8749085324877698
0.7165333333333334,0.8749919110363359
0.7166666666666667,0.875075289584902
0.7168,0.8751586681334681
0.7169333333333333,0.8752420466820342
0.7170666666666666,0.8753254252306003
0.7172,0.8754088037791664
0.7173333333333334,0.8754921823277325
0.7174666666666667,0.8755755608762986
0.7176,0.8756589394248647
0.7177333333333333,0.8757423179734308
0.7178666666666667,0.8758256965219969
0.718,0.875909075070563
0.7181333333333333,0.8759912091631804
0.7182666666666667,0.8760733432557978
0.7184,0.8761554773484151
0.7185333333333334,0.8762376114410325
0.7186666666666667,0.8763197455336499
0.7188,0.8764018796262673
0.7189333333333333,0.8764840137188846
0.7190666666666666,0.876566147811502
0.7192,0.8766482819041194
0.7193333333333334,0.8767304159967367
0.7194666666666667,0.8768125500893541
0.7196,0.8768946841819715
0.7197333333333333,0.8769768182745888
0.7198666666666667,0.8770589523672062
0.72,0.8771410864598236
0.7201333333333333,0.877223220552441
0.7202666666666667,0.8773053546450583
0.7204,0.8773874887376757
0.7205333333333334,0.8774696228302931
0.7206666666666667,0.8775517569229104
0.7208,0.8776338910155278
0.7209333333333333,0.8777160251081452
0.7210666666666666,0.8777981592007625
0.7212,0.8778802932933799
0.7213333333333334,0.8779624273859973
0.7214666666666667,0.8780445614786146
0.7216,0.878126695571232
0.7217333333333333,0.8782088296638494
0.7218666666666667,0.8782909637564668
0.722,0.8783730978490841
0.7221333333333333,0.8784552319417015
0.7222666666666666,0.8785373660343189
0.7224,0.8786195001269362
0.7225333333333334,0.8787016342195536
0.7226666666666667,0.878783768312171
0.7228,0.8788659024047883
0.7229333333333333,0.8789480364974057
0.7230666666666666,0.8790301705900231
0.7232,0.8791123046826405
0.7233333333333334,0.8791944387752578
0.7234666666666667,0.8792765728678752
0.7236,0.8793587069604926
0.7237333333333333,0.8794408410531099
0.7238666666666667,0.8795229751457273
0.724,0.8796051092383447
0.7241333333333333,0.879687243330962
0.7242666666666666,0.8797693774235794
0.7244,0.8798515115161968
0.7245333333333334,0.8799336456088142
0.7246666666666667,0.8800157797014315
0.7248,0.8800979137940489
0.7249333333333333,0.8801800478866663
0.7250666666666666,0.8802621819792836
0.7252,0.880344316071901
0.7253333333333334,0.8804264501645184
0.7254666666666667,0.8805085842571357
0.7256,0.8805907183497531
0.7257333333333333,0.8806728524423705
0.7258666666666667,0.8807549865349878
0.726,0.8808371206276052
0.7261333333333333,0.8809192547202226
0.7262666666666666,0.8810001443568912
0.7264,0.8810810339935599
0.7265333333333334,0.8811619236302285
0.7266666666666667,0.8812428132668971
0.7268,0.8813237029035658
0.7269333333333333,0.8814045925402344
0.7270666666666666,0.881485482176903
0.7272,0.8815663718135717
0.7273333333333334,0.8816472614502403
0.7274666666666667,0.8817281510869089
0.7276,0.8818090407235776
0.7277333333333333,0.8818899303602462
0.7278666666666667,0.8819708199969148
0.728,0.8820517096335835
0.7281333333333333,0.8821325992702521
0.7282666666666666,0.8822134889069208
0.7284,0.8822943785435894
0.7285333333333334,0.882375268180258
0.7286666666666667,0.8824561578169267
0.7288,0.8825370474535953
0.7289333333333333,0.8826179370902639
0.7290666666666666,0.8826988267269326
0.7292,0.8827797163636012
0.7293333333333333,0.8828606060002698
0.7294666666666667,0.8829414956369385
0.7296,0.8830223852736071
0.7297333333333333,0.8831032749102757
0.7298666666666667,0.8831841645469444
0.73,0.883265054183613
0.7301333333333333,0.8833459438202816
0.7302666666666666,0.8834268334569503
0.7304,0.8835077230936189
0.7305333333333334,0.8835886127302875
0.7306666666666667,0.8836695023669562
0.7308,0.8837503920036248
0.7309333333333333,0.8838312816402935
0.7310666666666666,0.8839121712769621
0.7312,0.8839930609136307
0.7313333333333333,0.8840739505502994
0.7314666666666667,0.884154840186968
0.7316,0.8842357298236366
0.7317333333333333,0.8843166194603053
0.7318666666666667,0.8843975090969739
0.732,0.8844783987336425
0.7321333333333333,0.8845592883703112
0.7322666666666666,0.8846401780069798
0.7324,0.8847210676436484
0.7325333333333334,0.8848019572803171
0.7326666666666667,0.8848828469169857
0.7328,0.8849637365536543
0.7329333333333333,0.885044626190323
0.7330666666666666,0.8851255158269916
0.7332,0.8852064054636603
0.7333333333333333,0.8852872951003289
0.7334666666666667,0.8853681847369975
0.7336,0.8854490743736662
0.7337333333333333,0.8855299640103348
0.7338666666666667,0.8856108536470034
0.734,0.8856917432836721
0.7341333333333333,0.8857726329203407
0.7342666666666666,0.8858535225570093
0.7344,0.885934412193678
0.7345333333333334,0.8860153018303466
0.7346666666666667,0.8860961914670152
0.7348,0.8861770811036839
0.7349333333333333,0.8862579707403525
0.7350666666666666,0.8863388603770211
0.7352,0.8864197500136898
0.7353333333333333,0.8865006396503584
0.7354666666666667,0.886581529287027
0.7356,0.8866624189236957
0.7357333333333334,0.8867420641044156
0.7358666666666667,0.8868217092851355
0.736,0.8869013544658554
0.7361333333333333,0.8869809996465753
0.7362666666666666,0.8870606448272952
0.7364,0.8871402900080151
0.7365333333333334,0.887219935188735
0.7366666666666667,0.8872995803694549
0.7368,0.8873792255501748
0.7369333333333333,0.8874588707308947
0.7370666666666666,0.8875385159116146
0.7372,0.8876181610923345
0.7373333333333333,0.8876978062730544
0.7374666666666667,0.8877774514537743
0.7376,0.8878570966344942
0.7377333333333334,0.8879367418152141
0.7378666666666667,0.888016386995934
0.738,0.8880960321766539
0.7381333333333333,0.8881756773573738
0.7382666666666666,0.8882553225380937
0.7384,0.8883349677188136
0.7385333333333334,0.8884146128995335
0.7386666666666667,0.8884942580802534
0.7388,0.8885739032609733
0.7389333333333333,0.8886535484416932
0.7390666666666666,0.8887331936224131
0.7392,0.888812838803133
0.7393333333333333,0.8888924839838529
0.7394666666666667,0.8889721291645728
0.7396,0.8890517743452927
0.7397333333333334,0.8891314195260126
0.7398666666666667,0.8892110647067325
0.74,0.8892907098874524
0.7401333333333333,0.8893703550681723
0.7402666666666666,0.8894500002488922
0.7404,0.8895296454296121
0.7405333333333334,0.889609290610332
0.7406666666666667,0.8896889357910519
0.7408,0.8897685809717718
0.7409333333333333,0.8898482261524917
0.7410666666666667,0.8899278713332116
0.7412,0.8900075165139315
0.7413333333333333,0.8900871616946514
0.7414666666666667,0.8901668068753713
0.7416,0.8902464520560912
0.7417333333333334,0.8903260972368111
0.7418666666666667,0.890405742417531
0.742,0.8904853875982509
0.7421333333333333,0.8905650327789708
0.7422666666666666,0.8906446779596907
0.7424,0.8907243231404106
0.7425333333333334,0.8908039683211305
0.7426666666666667,0.8908836135018504
0.7428,0.8909632586825703
0.7429333333333333,0.8910416594073415
0.7430666666666667,0.8911200601321126
0.7432,0.8911984608568838
0.7433333333333333,0.891276861581655
0.7434666666666667,0.8913552623064261
0.7436,0.8914336630311973
0.7437333333333334,0.8915120637559685
0.7438666666666667,0.8915904644807396
0.744,0.8916688652055108
0.7441333333333333,0.891747265930282
0.7442666666666666,0.8918256666550531
0.7444,0.8919040673798243
0.7445333333333334,0.8919824681045955
0.7446666666666667,0.8920608688293666
0.7448,0.8921392695541378
0.7449333333333333,0.892217670278909
0.7450666666666667,0.8922960710036801
0.7452,0.8923744717284513
0.7453333333333333,0.8924528724532225
0.7454666666666667,0.8925312731779936
0.7456,0.8926096739027648
0.7457333333333334,0.892688074627536
0.7458666666666667,0.8927664753523071
0.746,0.8928448760770783
0.7461333333333333,0.8929232768018495
0.7462666666666666,0.8930016775266206
0.7464,0.8930800782513918
0.7465333333333334,0.893158478976163
0.7466666666666667,0.8932368797009341
0.7468,0.8933152804257053
0.7469333333333333,0.8933936811504765
0.7470666666666667,0.8934720818752476
0.7472,0.8935504826000188
0.7473333333333333,0.89362888332479
0.7474666666666666,0.8937072840495611
0.7476,0.8937856847743323
0.7477333333333334,0.8938640854991035
0.7478666666666667,0.8939424862238746
0.748,0.8940208869486458
0.7481333333333333,0.894099287673417
0.7482666666666666,0.8941776883981881
0.7484,0.8942560891229593
0.7485333333333334,0.8943344898477305
0.7486666666666667,0.8944128905725016
0.7488,0.8944912912972728
0.7489333333333333,0.894569692022044
0.7490666666666667,0.8946480927468151
0.7492,0.8947264934715863
0.7493333333333333,0.8948048941963574
0.7494666666666666,0.8948832949211286
0.7496,0.8949616956458998
0.7497333333333334,0.895040096370671
0.7498666666666667,0.8951184970954421
0.75,0.8951968978202133
0.7501333333333333,0.8952740540890357
0.7502666666666666,0.8953512103578581
0.7504,0.8954283666266806
0.7505333333333334,0.895505522895503
0.7506666666666667,0.8955826791643254
0.7508,0.8956598354331479
0.7509333333333333,0.8957369917019703
0.7510666666666667,0.8958141479707927
0.7512,0.8958913042396152
0.7513333333333333,0.8959684605084376
0.7514666666666666,0.89604561677726
0.7516,0.8961227730460825
0.7517333333333334,0.8961999293149049
0.7518666666666667,0.8962770855837273
0.752,0.8963542418525497
0.7521333333333333,0.8964313981213722
0.7522666666666666,0.8965085543901946
0.7524,0.896585710659017
0.7525333333333334,0.8966628669278395
0.7526666666666667,0.8967400231966619
0.7528,0.8968171794654843
0.7529333333333333,0.8968943357343068
0.7530666666666667,0.8969714920031292
0.7532,0.8970486482719516
0.7533333333333333,0.8971258045407741
0.7534666666666666,0.8972029608095965
0.7536,0.8972801170784189
0.7537333333333334,0.8973572733472414
0.7538666666666667,0.8974344296160638
0.754,0.8975115858848862
0.7541333333333333,0.8975887421537087
0.7542666666666666,0.8976658984225311
0.7544,0.8977430546913535
0.7545333333333333,0.897820210960176
0.7546666666666667,0.8978973672289984
0.7548,0.8979745234978208
0.7549333333333333,0.8980516797666432
0.7550666666666667,0.8981288360354657
0.7552,0.8982059923042881
0.7553333333333333,0.8982831485731105
0.7554666666666666,0.898360304841933
0.7556,0.8984374611107554
0.7557333333333334,0.8985146173795778
0.7558666666666667,0.8985917736484003
0.756,0.8986689299172227
0.7561333333333333,0.8987460861860451
0.7562666666666666,0.8988232424548676
0.7564,0.89890039872369
0.7565333333333333,0.8989775549925124
0.7566666666666667,0.8990547112613348
0.7568,0.8991318675301573
0.7569333333333333,0.8992090237989797
0.7570666666666667,0.8992861800678021
0.7572,0.8993633363366246
0.7573333333333333,0.899440492605447
0.7574666666666666,0.8995176488742694
0.7576,0.8995948051430919
0.7577333333333334,0.8996719614119143
0.7578666666666667,0.899747873224788
0.758,0.8998237850376617
0.7581333333333333,0.8998996968505354
0.7582666666666666,0.8999756086634091
0.7584,0.9000515204762828
0.7585333333333333,0.9001274322891565
0.7586666666666667,0.9002033441020302
0.7588,0.9002792559149039
0.7589333333333333,0.9003551677277776
0.7590666666666667,0.9004310795406513
0.7592,0.900506991353525
0.7593333333333333,0.9005829031663987
0.7594666666666666,0.9006588149792724
0.7596,0.9007347267921461
0.7597333333333334,0.9008106386050198
0.7598666666666667,0.9008865504178935
0.76,0.9009624622307671
0.7601333333333333,0.9010383740436408
0.7602666666666666,0.9011142858565145
0.7604,0.9011901976693882
0.7605333333333333,0.9012661094822619
0.7606666666666667,0.9013420212951356
0.7608,0.9014179331080093
0.7609333333333334,0.901493844920883
0.7610666666666667,0.9015697567337567
0.7612,0.9016456685466304
0.7613333333333333,0.9017215803595041
0.7614666666666666,0.9017974921723778
0.7616,0.9018734039852515
0.7617333333333334,0.9019493157981252
0.7618666666666667,0.9020252276109989
0.762,0.9021011394238726
0.7621333333333333,0.9021770512367463
0.7622666666666666,0.90225296304962
0.7624,0.9023288748624937
0.7625333333333333,0.9024047866753674
0.7626666666666667,0.9024806984882411
0.7628,0.9025566103011148
0.7629333333333334,0.9026325221139885
0.7630666666666667,0.9027084339268622
0.7632,0.9027843457397359
0.7633333333333333,0.9028602575526096
0.7634666666666666,0.9029361693654833
0.7636,0.903012081178357
0.7637333333333334,0.9030879929912307
0.7638666666666667,0.9031639048041044
0.764,0.903239816616978
0.7641333333333333,0.9033157284298517
0.7642666666666666,0.9033916402427254
0.7644,0.9034675520555991
0.7645333333333333,0.9035434638684728
0.7646666666666667,0.9036193756813465
0.7648,0.9036952874942202
0.7649333333333334,0.9037711993070939
0.7650666666666667,0.9038471111199676
0.7652,0.9039230229328413
0.7653333333333333,0.903998934745715
0.7654666666666666,0.9040736021026399
0.7656,0.9041482694595647
0.7657333333333334,0.9042229368164896
0.7658666666666667,0.9042976041734144
0.766,0.9043722715303393
0.7661333333333333,0.9044469388872641
0.7662666666666667,0.904521606244189
0.7664,0.9045962736011138
0.7665333333333333,0.9046709409580387
0.7666666666666667,0.9047456083149635
0.7668,0.9048202756718884
0.7669333333333334,0.9048949430288132
0.7670666666666667,0.9049696103857381
0.7672,0.9050442777426629
0.7673333333333333,0.9051189450995878
0.7674666666666666,0.9051936124565126
0.7676,0.9052682798134375
0.7677333333333334,0.9053429471703623
0.7678666666666667,0.9054176145272872
0.768,0.905492281884212
0.7681333333333333,0.9055669492411369
0.7682666666666667,0.9056416165980617
0.7684,0.9057162839549866
0.7685333333333333,0.9057909513119115
0.7686666666666667,0.9058656186688363
0.7688,0.9059402860257612
0.7689333333333334,0.906014953382686
0.7690666666666667,0.9060896207396109
0.7692,0.9061642880965357
0.7693333333333333,0.9062389554534606
0.7694666666666666,0.9063136228103854
0.7696,0.9063882901673103
0.7697333333333334,0.9064629575242351
0.7698666666666667,0.90653762488116
0.77,0.9066122922380848
0.7701333333333333,0.9066869595950097
0.7702666666666667,0.9067616269519345
0.7704,0.9068362943088594
0.7705333333333333,0.9069109616657842
0.7706666666666667,0.9069856290227091
0.7708,0.9070602963796339
0.7709333333333334,0.9071349637365588
0.7710666666666667,0.9072096310934836
0.7712,0.9072842984504085
0.7713333333333333,0.9073589658073333
0.7714666666666666,0.9074336331642582
0.7716,0.907508300521183
0.7717333333333334,0.9075829678781079
0.7718666666666667,0.9076576352350327
0.772,0.9077323025919576
0.7721333333333333,0.9078069699488824
0.7722666666666667,0.9078816373058073
0.7724,0.9079563046627321
0.7725333333333333,0.908030972019657
0.7726666666666666,0.9081056393765818
0.7728,0.9081803067335067
0.7729333333333334,0.9082549740904315
0.7730666666666667,0.9083296414473564
0.7732,0.9084043088042812
0.7733333333333333,0.9084789761612061
0.7734666666666666,0.9085523990621822
0.7736,0.9086258219631583
0.7737333333333334,0.9086992448641344
0.7738666666666667,0.9087726677651106
0.774,0.9088460906660867
0.7741333333333333,0.9089195135670628
0.7742666666666667,0.9089929364680389
0.7744,0.909066359369015
0.7745333333333333,0.9091397822699911
0.7746666666666666,0.9092132051709673
0.7748,0.9092866280719434
0.7749333333333334,0.9093600509729195
0.7750666666666667,0.9094334738738956
0.7752,0.9095068967748717
0.7753333333333333,0.9095803196758478
0.7754666666666666,0.909653742576824
0.7756,0.9097271654778001
0.7757333333333334,0.9098005883787762
0.7758666666666667,0.9098740112797523
0.776,0.9099474341807284
0.7761333333333333,0.9100208570817045
0.7762666666666667,0.9100942799826807
0.7764,0.9101677028836568
0.7765333333333333,0.9102411257846329
0.7766666666666666,0.910314548685609
0.7768,0.9103879715865851
0.7769333333333334,0.9104613944875612
0.7770666666666667,0.9105348173885374
0.7772,0.9106082402895135
0.7773333333333333,0.9106816631904896
0.7774666666666666,0.9107550860914657
0.7776,0.9108285089924418
0.7777333333333334,0.910901931893418
0.7778666666666667,0.9109753547943941
0.778,0.9110487776953702
0.7781333333333333,0.9111222005963463
0.7782666666666667,0.9111956234973224
0.7784,0.9112690463982985
0.7785333333333333,0.9113424692992746
0.7786666666666666,0.9114158922002508
0.7788,0.9114893151012269
0.7789333333333334,0.911562738002203
0.7790666666666667,0.9116361609031791
0.7792,0.9117095838041552
0.7793333333333333,0.9117830067051313
0.7794666666666666,0.9118564296061075
0.7796,0.9119298525070836
0.7797333333333333,0.9120032754080597
0.7798666666666667,0.9120766983090358
0.78,0.9121501212100119
0.7801333333333333,0.912223544110988
0.7802666666666667,0.9122969670119642
0.7804,0.9123703899129403
0.7805333333333333,0.9124438128139164
0.7806666666666666,0.9125172357148925
0.7808,0.9125906586158686
0.7809333333333334,0.912662837060896
0.7810666666666667,0.9127350155059234
0.7812,0.9128071939509508
0.7813333333333333,0.9128793723959782
0.7814666666666666,0.9129515508410055
0.7816,0.9130237292860329
0.7817333333333333,0.9130959077310603
0.7818666666666667,0.9131680861760877
0.782,0.9132402646211151
0.7821333333333333,0.9133124430661425
0.7822666666666667,0.9133846215111698
0.7824,0.9134567999561972
0.7825333333333333,0.9135289784012246
0.7826666666666666,0.913601156846252
0.7828,0.9136733352912794
0.7829333333333334,0.9137455137363067
0.7830666666666667,0.9138176921813341
0.7832,0.9138898706263615
0.7833333333333333,0.9139620490713889
0.7834666666666666,0.9140342275164163
0.7836,0.9141064059614437
0.7837333333333333,0.914178584406471
0.7838666666666667,0.9142507628514984
0.784,0.9143229412965258
0.7841333333333333,0.9143951197415532
0.7842666666666667,0.9144672981865806
0.7844,0.914539476631608
0.7845333333333333,0.9146116550766353
0.7846666666666666,0.9146838335216627
0.7848,0.9147560119666901
0.7849333333333334,0.9148281904117175
0.7850666666666667,0.9149003688567449
0.7852,0.9149725473017722
0.7853333333333333,0.9150447257467996
0.7854666666666666,0.915116904191827
0.7856,0.9151890826368544
0.7857333333333333,0.9152612610818818
0.7858666666666667,0.9153334395269092
0.786,0.9154056179719365
0.7861333333333334,0.9154777964169639
0.7862666666666667,0.9155499748619913
0.7864,0.9156221533070187
0.7865333333333333,0.9156943317520461
0.7866666666666666,0.9157665101970734
0.7868,0.9158386886421008
0.7869333333333334,0.9159108670871282
0.7870666666666667,0.9159830455321556
0.7872,0.916055223977183
0.7873333333333333,0.9161274024222104
0.7874666666666666,0.9161995808672377
0.7876,0.9162717593122651
0.7877333333333333,0.9163439377572925
0.7878666666666667,0.9164161162023199
0.788,0.9164882946473473
0.7881333333333334,0.9165592286364259
0.7882666666666667,0.9166301626255046
0.7884,0.9167010966145832
0.7885333333333333,0.9167720306036619
0.7886666666666666,0.9168429645927405
0.7888,0.9169138985818192
0.7889333333333334,0.9169848325708978
0.7890666666666667,0.9170557665599764
0.7892,0.9171267005490551
0.7893333333333333,0.9171976345381337
0.7894666666666666,0.9172685685272124
0.7896,0.917339502516291
0.7897333333333333,0.9174104365053697
0.7898666666666667,0.9174813704944483
0.79,0.917552304483527
0.7901333333333334,0.9176232384726056
0.7902666666666667,0.9176941724616843
0.7904,0.9177651064507629
0.7905333333333333,0.9178360404398416
0.7906666666666666,0.9179069744289202
0.7908,0.9179779084179989
0.7909333333333334,0.9180488424070775
0.7910666666666667,0.9181197763961562
0.7912,0.9181907103852348
0.7913333333333333,0.9182616443743135
0.7914666666666667,0.9183325783633921
0.7916,0.9184035123524708
0.7917333333333333,0.9184744463415494
0.7918666666666667,0.918545380330628
0.792,0.9186163143197067
0.7921333333333334,0.9186872483087853
0.7922666666666667,0.918758182297864
0.7924,0.9188291162869426
0.7925333333333333,0.9189000502760213
0.7926666666666666,0.9189709842650999
0.7928,0.9190419182541786
0.7929333333333334,0.9191128522432572
0.7930666666666667,0.9191837862323359
0.7932,0.9192547202214145
0.7933333333333333,0.9193256542104932
0.7934666666666667,0.9193965881995718
0.7936,0.9194675221886505
0.7937333333333333,0.9195384561777291
0.7938666666666667,0.9196093901668078
0.794,0.9196803241558864
0.7941333333333334,0.9197512581449651
0.7942666666666667,0.9198221921340437
0.7944,0.9198931261231224
0.7945333333333333,0.919964060112201
0.7946666666666666,0.9200349941012796
0.7948,0.9201059280903583
0.7949333333333334,0.9201768620794369
0.7950666666666667,0.9202477960685156
0.7952,0.9203187300575942
0.7953333333333333,0.9203896640466729
0.7954666666666667,0.9204605980357515
0.7956,0.9205315320248302
0.7957333333333333,0.9206024660139088
0.7958666666666666,0.9206734000029875
0.796,0.9207443339920661
0.7961333333333334,0.9208152679811448
0.7962666666666667,0.9208862019702234
0.7964,0.9209571359593021
0.7965333333333333,0.9210280699483807
0.7966666666666666,0.9210990039374594
0.7968,0.921169937926538
0.7969333333333334,0.9212408719156167
0.7970666666666667,0.9213118059046953
0.7972,0.921382739893774
0.7973333333333333,0.9214536738828526
0.7974666666666667,0.9215246078719312
0.7976,0.9215955418610099
0.7977333333333333,0.9216652313941398
0.7978666666666666,0.9217349209272697
0.798,0.9218046104603996
0.7981333333333334,0.9218742999935295
0.7982666666666667,0.9219439895266595
0.7984,0.9220136790597894
0.7985333333333333,0.9220833685929193
0.7986666666666666,0.9221530581260492
0.7988,0.9222227476591791
0.7989333333333334,0.922292437192309
0.7990666666666667,0.9223621267254389
0.7992,0.9224318162585688
0.7993333333333333,0.9225015057916988
0.7994666666666667,0.9225711953248287
0.7996,0.9226408848579586
0.7997333333333333,0.9227105743910885
0.7998666666666666,0.9227802639242184
0.8,0.9228499534573483
0.8001333333333334,0.9229196429904782
0.8002666666666667,0.9229893325236082
0.8004,0.9230590220567381
0.8005333333333333,0.923128711589868
0.8006666666666666,0.9231984011229979
0.8008,0.9232680906561278
0.8009333333333334,0.9233377801892577
0.8010666666666667,0.9234074697223876
0.8012,0.9234771592555175
0.8013333333333333,0.9235468487886475
0.8014666666666667,0.9236165383217774
0.8016,0.9236862278549073
0.8017333333333333,0.9237559173880372
0.8018666666666666,0.9238256069211671
0.802,0.923895296454297
0.8021333333333334,0.9239649859874269
0.8022666666666667,0.9240346755205568
0.8024,0.9241043650536868
0.8025333333333333,0.9241740545868167
0.8026666666666666,0.9242437441199466
0.8028,0.9243134336530765
0.8029333333333334,0.9243831231862064
0.8030666666666667,0.9244528127193363
0.8032,0.9245225022524662
0.8033333333333333,0.9245921917855962
0.8034666666666667,0.9246618813187261
0.8036,0.924731570851856
0.8037333333333333,0.9248012603849859
0.8038666666666666,0.9248709499181158
0.804,0.9249406394512457
0.8041333333333334,0.9250103289843756
0.8042666666666667,0.9250800185175055
0.8044,0.9251497080506355
0.8045333333333333,0.9252193975837654
0.8046666666666666,0.9252890871168953
0.8048,0.9253575321940765
0.8049333333333333,0.9254259772712576
0.8050666666666667,0.9254944223484388
0.8052,0.92556286742562
0.8053333333333333,0.9256313125028012
0.8054666666666667,0.9256997575799824
0.8056,0.9257682026571635
0.8057333333333333,0.9258366477343447
0.8058666666666666,0.9259050928115259
0.806,0.9259735378887071
0.8061333333333334,0.9260419829658882
0.8062666666666667,0.9261104280430694
0.8064,0.9261788731202506
0.8065333333333333,0.9262473181974318
0.8066666666666666,0.926315763274613
0.8068,0.9263842083517941
0.8069333333333333,0.9264526534289753
0.8070666666666667,0.9265210985061565
0.8072,0.9265895435833377
0.8073333333333333,0.9266579886605188
0.8074666666666667,0.9267264337377
0.8076,0.9267948788148812
0.8077333333333333,0.9268633238920624
0.8078666666666666,0.9269317689692436
0.808,0.9270002140464247
0.8081333333333334,0.9270686591236059
0.8082666666666667,0.9271371042007871
0.8084,0.9272055492779683
0.8085333333333333,0.9272739943551495
0.8086666666666666,0.9273424394323306
0.8088,0.9274108845095118
0.8089333333333333,0.927479329586693
0.8090666666666667,0.9275477746638742
0.8092,0.9276162197410553
0.8093333333333333,0.9276846648182365
0.8094666666666667,0.9277531098954177
0.8096,0.9278215549725989
0.8097333333333333,0.9278900000497801
0.8098666666666666,0.9279584451269612
0.81,0.9280268902041424
0.8101333333333334,0.9280953352813236
0.8102666666666667,0.9281637803585048
0.8104,0.928232225435686
0.8105333333333333,0.9283006705128671
0.8106666666666666,0.9283691155900483
0.8108,0.9284375606672295
0.8109333333333333,0.9285060057444107
0.8110666666666667,0.9285744508215918
0.8112,0.928642895898773
0.8113333333333334,0.9287113409759542
0.8114666666666667,0.9287797860531354
0.8116,0.9288482311303166
0.8117333333333333,0.9289166762074977
0.8118666666666666,0.9289851212846789
0.812,0.9290535663618601
0.8121333333333334,0.9291220114390413
0.8122666666666667,0.9291904565162225
0.8124,0.9292589015934036
0.8125333333333333,0.9293273466705848
0.8126666666666666,0.929395791747766
0.8128,0.9294642368249472
0.8129333333333333,0.9295326819021283
0.8130666666666667,0.9296011269793095
0.8132,0.9296695720564907
0.8133333333333334,0.9297380171336719
0.8134666666666667,0.9298064622108531
0.8136,0.9298749072880342
0.8137333333333333,0.9299433523652154
0.8138666666666666,0.9300105529864479
0.814,0.9300777536076803
0.8141333333333334,0.9301449542289127
0.8142666666666667,0.9302121548501452
0.8144,0.9302793554713776
0.8145333333333333,0.9303465560926101
0.8146666666666667,0.9304137567138425
0.8148,0.930480957335075
0.8149333333333333,0.9305481579563074
0.8150666666666667,0.9306153585775399
0.8152,0.9306825591987723
0.8153333333333334,0.9307497598200047
0.8154666666666667,0.9308169604412372
0.8156,0.9308841610624696
0.8157333333333333,0.9309513616837021
0.8158666666666666,0.9310185623049345
0.816,0.931085762926167
0.8161333333333334,0.9311529635473994
0.8162666666666667,0.9312201641686318
0.8164,0.9312873647898643
0.8165333333333333,0.9313545654110967
0.8166666666666667,0.9314217660323292
0.8168,0.9314889666535616
0.8169333333333333,0.9315561672747941
0.8170666666666667,0.9316233678960265
0.8172,0.931690568517259
0.8173333333333334,0.9317577691384914
0.8174666666666667,0.9318249697597238
0.8176,0.9318921703809563
0.8177333333333333,0.9319593710021887
0.8178666666666666,0.9320265716234212
0.818,0.9320937722446536
0.8181333333333334,0.9321609728658861
0.8182666666666667,0.9322281734871185
0.8184,0.932295374108351
0.8185333333333333,0.9323625747295834
0.8186666666666667,0.9324297753508158
0.8188,0.9324969759720483
0.8189333333333333,0.9325641765932807
0.8190666666666667,0.9326313772145132
0.8192,0.9326985778357456
0.8193333333333334,0.9327657784569781
0.8194666666666667,0.9328329790782105
0.8196,0.9329001796994429
0.8197333333333333,0.9329673803206754
0.8198666666666666,0.9330345809419078
0.82,0.9331017815631403
0.8201333333333334,0.9331689821843727
0.8202666666666667,0.9332361828056052
0.8204,0.9333033834268376
0.8205333333333333,0.93337058404807
0.8206666666666667,0.9334377846693025
0.8208,0.9335049852905349
0.8209333333333333,0.9335721859117674
0.8210666666666666,0.9336393865329998
0.8212,0.9337065871542323
0.8213333333333334,0.9337737877754647
0.8214666666666667,0.9338409883966972
0.8216,0.9339081890179296
0.8217333333333333,0.933975389639162
0.8218666666666666,0.9340413458044458
0.822,0.9341073019697295
0.8221333333333334,0.9341732581350132
0.8222666666666667,0.9342392143002969
0.8224,0.9343051704655806
0.8225333333333333,0.9343711266308643
0.8226666666666667,0.934437082796148
0.8228,0.9345030389614317
0.8229333333333333,0.9345689951267154
0.8230666666666666,0.9346349512919991
0.8232,0.9347009074572828
0.8233333333333334,0.9347668636225666
0.8234666666666667,0.9348328197878503
0.8236,0.934898775953134
0.8237333333333333,0.9349647321184177
0.8238666666666666,0.9350306882837014
0.824,0.9350966444489851
0.8241333333333334,0.9351626006142688
0.8242666666666667,0.9352285567795525
0.8244,0.9352945129448362
0.8245333333333333,0.9353604691101199
0.8246666666666667,0.9354264252754037
0.8248,0.9354923814406874
0.8249333333333333,0.9355583376059711
0.8250666666666666,0.9356242937712548
0.8252,0.9356902499365385
0.8253333333333334,0.9357562061018222
0.8254666666666667,0.9358221622671059
0.8256,0.9358881184323896
0.8257333333333333,0.9359540745976733
0.8258666666666666,0.936020030762957
0.826,0.9360859869282407
0.8261333333333334,0.9361519430935245
0.8262666666666667,0.9362178992588082
0.8264,0.9362838554240919
0.8265333333333333,0.9363498115893756
0.8266666666666667,0.9364157677546593
0.8268,0.936481723919943
0.8269333333333333,0.9365476800852267
0.8270666666666666,0.9366136362505104
0.8272,0.9366795924157941
0.8273333333333334,0.9367455485810778
0.8274666666666667,0.9368115047463615
0.8276,0.9368774609116453
0.8277333333333333,0.936943417076929
0.8278666666666666,0.9370093732422127
0.828,0.9370753294074964
0.8281333333333334,0.9371412855727801
0.8282666666666667,0.9372072417380638
0.8284,0.9372731979033475
0.8285333333333333,0.9373391540686312
0.8286666666666667,0.9374051102339149
0.8288,0.9374710663991986
0.8289333333333333,0.9375370225644823
0.8290666666666666,0.9376029787297661
0.8292,0.9376689348950498
0.8293333333333334,0.9377348910603335
0.8294666666666667,0.9378008472256172
0.8296,0.9378668033909009
0.8297333333333333,0.9379327595561846
0.8298666666666666,0.9379987157214683
0.83,0.938064671886752
0.8301333333333333,0.9381306280520357
0.8302666666666667,0.9381965842173194
0.8304,0.9382625403826031
0.8305333333333333,0.938327252091938
0.8306666666666667,0.9383919638012729
0.8308,0.9384566755106077
0.8309333333333333,0.9385213872199426
0.8310666666666666,0.9385860989292775
0.8312,0.9386508106386123
0.8313333333333334,0.9387155223479472
0.8314666666666667,0.9387802340572821
0.8316,0.9388449457666169
0.8317333333333333,0.9389096574759518
0.8318666666666666,0.9389743691852867
0.832,0.9390390808946215
0.8321333333333333,0.9391037926039564
0.8322666666666667,0.9391685043132912
0.8324,0.9392332160226261
0.8325333333333333,0.939297927731961
0.8326666666666667,0.9393626394412958
0.8328,0.9394273511506307
0.8329333333333333,0.9394920628599656
0.8330666666666666,0.9395567745693004
0.8332,0.9396214862786353
0.8333333333333334,0.9396861979879702
0.8334666666666667,0.939750909697305
0.8336,0.9398156214066399
0.8337333333333333,0.9398803331159747
0.8338666666666666,0.9399450448253096
0.834,0.9400097565346445
0.8341333333333333,0.9400744682439793
0.8342666666666667,0.9401391799533142
0.8344,0.9402038916626491
0.8345333333333333,0.9402686033719839
0.8346666666666667,0.9403333150813188
0.8348,0.9403980267906537
0.8349333333333333,0.9404627384999885
0.8350666666666666,0.9405274502093234
0.8352,0.9405921619186582
0.8353333333333334,0.9406568736279931
0.8354666666666667,0.940721585337328
0.8356,0.9407862970466628
0.8357333333333333,0.9408510087559977
0.8358666666666666,0.9409157204653326
0.836,0.9409804321746674
0.8361333333333333,0.9410451438840023
0.8362666666666667,0.9411098555933372
0.8364,0.941174567302672
0.8365333333333334,0.9412392790120069
0.8366666666666667,0.9413039907213417
0.8368,0.9413687024306766
0.8369333333333333,0.9414334141400115
0.8370666666666666,0.9414981258493463
0.8372,0.9415628375586812
0.8373333333333334,0.9416275492680161
0.8374666666666667,0.9416922609773509
0.8376,0.9417569726866858
0.8377333333333333,0.9418216843960207
0.8378666666666666,0.9418863961053555
0.838,0.9419511078146904
0.8381333333333333,0.9420158195240252
0.8382666666666667,0.9420805312333601
0.8384,0.942145242942695
0.8385333333333334,0.9422099546520298
0.8386666666666667,0.9422746663613647
0.8388,0.9423393780706996
0.8389333333333333,0.9424040897800344
0.8390666666666666,0.9424675570334206
0.8392,0.9425310242868067
0.8393333333333334,0.9425944915401928
0.8394666666666667,0.9426579587935789
0.8396,0.9427214260469651
0.8397333333333333,0.9427848933003512
0.8398666666666667,0.9428483605537373
0.84,0.9429118278071235
0.8401333333333333,0.9429752950605096
0.8402666666666667,0.9430387623138957
0.8404,0.9431022295672818
0.8405333333333334,0.943165696820668
0.8406666666666667,0.9432291640740541
0.8408,0.9432926313274402
0.8409333333333333,0.9433560985808264
0.8410666666666666,0.9434195658342125
0.8412,0.9434830330875986
0.8413333333333334,0.9435465003409848
0.8414666666666667,0.9436099675943709
0.8416,0.943673434847757
0.8417333333333333,0.9437369021011431
0.8418666666666667,0.9438003693545293
0.842,0.9438638366079154
0.8421333333333333,0.9439273038613015
0.8422666666666667,0.9439907711146877
0.8424,0.9440542383680738
0.8425333333333334,0.9441177056214599
0.8426666666666667,0.944181172874846
0.8428,0.9442446401282322
0.8429333333333333,0.9443081073816183
0.8430666666666666,0.9443715746350044
0.8432,0.9444350418883906
0.8433333333333334,0.9444985091417767
0.8434666666666667,0.9445619763951628
0.8436,0.944625443648549
0.8437333333333333,0.9446889109019351
0.8438666666666667,0.9447523781553212
0.844,0.9448158454087073
0.8441333333333333,0.9448793126620935
0.8442666666666667,0.9449427799154796
0.8444,0.9450062471688657
0.8445333333333334,0.9450697144222518
0.8446666666666667,0.945133181675638
0.8448,0.9451966489290241
0.8449333333333333,0.9452601161824102
0.8450666666666666,0.9453235834357964
0.8452,0.9453870506891825
0.8453333333333334,0.9454505179425686
0.8454666666666667,0.9455139851959548
0.8456,0.9455774524493409
0.8457333333333333,0.945640919702727
0.8458666666666667,0.9457043869561131
0.846,0.9457678542094993
0.8461333333333333,0.9458313214628854
0.8462666666666666,0.9458947887162715
0.8464,0.9459582559696577
0.8465333333333334,0.9460217232230438
0.8466666666666667,0.9460851904764299
0.8468,0.946148657729816
0.8469333333333333,0.9462121249832022
0.8470666666666666,0.9462755922365883
0.8472,0.9463390594899744
0.8473333333333334,0.9464025267433606
0.8474666666666667,0.9464659939967467
0.8476,0.9465294612501328
0.8477333333333333,0.9465916840475702
0.8478666666666667,0.9466539068450076
0.848,0.946716129642445
0.8481333333333333,0.9467783524398824
0.8482666666666666,0.9468405752373198
0.8484,0.9469027980347572
0.8485333333333334,0.9469650208321946
0.8486666666666667,0.947027243629632
0.8488,0.9470894664270694
0.8489333333333333,0.9471516892245068
0.8490666666666666,0.9472139120219442
0.8492,0.9472761348193816
0.8493333333333334,0.947338357616819
0.8494666666666667,0.9474005804142563
0.8496,0.9474628032116937
0.8497333333333333,0.9475250260091311
0.8498666666666667,0.9475872488065685
0.85,0.9476494716040059
0.8501333333333333,0.9477116944014433
0.8502666666666666,0.9477739171988807
0.8504,0.9478361399963181
0.8505333333333334,0.9478983627937555
0.8506666666666667,0.9479605855911929
0.8508,0.9480228083886303
0.8509333333333333,0.9480850311860677
0.8510666666666666,0.9481472539835051
0.8512,0.9482094767809425
0.8513333333333334,0.9482716995783799
0.8514666666666667,0.9483339223758173
0.8516,0.9483961451732547
0.8517333333333333,0.948458367970692
0.8518666666666667,0.9485205907681294
0.852,0.9485828135655668
0.8521333333333333,0.9486450363630042
0.8522666666666666,0.9487072591604416
0.8524,0.948769481957879
0.8525333333333334,0.9488317047553164
0.8526666666666667,0.9488939275527538
0.8528,0.9489561503501912
0.8529333333333333,0.9490183731476286
0.8530666666666666,0.949080595945066
0.8532,0.9491428187425034
0.8533333333333334,0.9492050415399408
0.8534666666666667,0.9492672643373782
0.8536,0.9493294871348156
0.8537333333333333,0.949391709932253
0.8538666666666667,0.9494526882737416
0.854,0.9495136666152303
0.8541333333333333,0.949574644956719
0.8542666666666666,0.9496356232982076
0.8544,0.9496966016396963
0.8545333333333334,0.9497575799811849
0.8546666666666667,0.9498185583226736
0.8548,0.9498795366641622
0.8549333333333333,0.9499405150056509
0.8550666666666666,0.9500014933471396
0.8552,0.9500624716886282
0.8553333333333333,0.9501234500301169
0.8554666666666667,0.9501844283716055
0.8556,0.9502454067130942
0.8557333333333333,0.9503063850545829
0.8558666666666667,0.9503673633960715
0.856,0.9504283417375602
0.8561333333333333,0.9504893200790488
0.8562666666666666,0.9505502984205375
0.8564,0.9506112767620262
0.8565333333333334,0.9506722551035148
0.8566666666666667,0.9507332334450035
0.8568,0.9507942117864921
0.8569333333333333,0.9508551901279808
0.8570666666666666,0.9509161684694695
0.8572,0.9509771468109581
0.8573333333333333,0.9510381251524468
0.8574666666666667,0.9510991034939354
0.8576,0.9511600818354241
0.8577333333333333,0.9512210601769128
0.8578666666666667,0.9512820385184014
0.858,0.9513430168598901
0.8581333333333333,0.9514039952013787
0.8582666666666666,0.9514649735428674
0.8584,0.9515259518843561
0.8585333333333334,0.9515869302258447
0.8586666666666667,0.9516479085673334
0.8588,0.951708886908822
0.8589333333333333,0.9517698652503107
0.8590666666666666,0.9518308435917994
0.8592,0.951891821933288
0.8593333333333333,0.9519528002747767
0.8594666666666667,0.9520137786162653
0.8596,0.952074756957754
0.8597333333333333,0.9521357352992427
0.8598666666666667,0.9521967136407313
0.86,0.95225769198222
0.8601333333333333,0.9523186703237086
0.8602666666666666,0.9523796486651973
0.8604,0.952440627006686
0.8605333333333334,0.9525016053481746
0.8606666666666667,0.9525625836896633
0.8608,0.952623562031152
0.8609333333333333,0.9526845403726406
0.8610666666666666,0.9527455187141293
0.8612,0.9528064970556179
0.8613333333333333,0.9528674753971066
0.8614666666666667,0.9529272092826465
0.8616,0.9529869431681864
0.8617333333333334,0.9530466770537264
0.8618666666666667,0.9531064109392663
0.862,0.9531661448248062
0.8621333333333333,0.9532258787103461
0.8622666666666666,0.9532856125958861
0.8624,0.953345346481426
0.8625333333333334,0.9534050803669659
0.8626666666666667,0.9534648142525058
0.8628,0.9535245481380458
0.8629333333333333,0.9535842820235857
0.8630666666666666,0.9536440159091256
0.8632,0.9537037497946655
0.8633333333333333,0.9537634836802055
0.8634666666666667,0.9538232175657454
0.8636,0.9538829514512853
0.8637333333333334,0.9539426853368252
0.8638666666666667,0.9540024192223652
0.864,0.9540621531079051
0.8641333333333333,0.954121886993445
0.8642666666666666,0.954181620878985
0.8644,0.9542413547645249
0.8645333333333334,0.9543010886500648
0.8646666666666667,0.9543608225356047
0.8648,0.9544205564211447
0.8649333333333333,0.9544802903066846
0.8650666666666667,0.9545400241922245
0.8652,0.9545997580777644
0.8653333333333333,0.9546594919633044
0.8654666666666667,0.9547192258488443
0.8656,0.9547789597343842
0.8657333333333334,0.9548386936199241
0.8658666666666667,0.954898427505464
0.866,0.954958161391004
0.8661333333333333,0.9550178952765439
0.8662666666666666,0.9550776291620838
0.8664,0.9551373630476238
0.8665333333333334,0.9551970969331637
0.8666666666666667,0.9552568308187036
0.8668,0.9553165647042435
0.8669333333333333,0.9553762985897835
0.8670666666666667,0.9554360324753234
0.8672,0.9554957663608633
0.8673333333333333,0.9555555002464032
0.8674666666666667,0.9556152341319432
0.8676,0.9556749680174831
0.8677333333333334,0.955734701903023
0.8678666666666667,0.9557944357885629
0.868,0.9558541696741029
0.8681333333333333,0.9559139035596428
0.8682666666666666,0.9559736374451827
0.8684,0.9560333713307226
0.8685333333333334,0.9560931052162626
0.8686666666666667,0.9561528391018025
0.8688,0.9562125729873424
0.8689333333333333,0.9562723068728823
0.8690666666666667,0.9563320407584223
0.8692,0.9563905301880135
0.8693333333333333,0.9564490196176046
0.8694666666666667,0.9565075090471958
0.8696,0.956565998476787
0.8697333333333334,0.9566244879063782
0.8698666666666667,0.9566829773359694
0.87,0.9567414667655606
0.8701333333333333,0.9567999561951518
0.8702666666666666,0.956858445624743
0.8704,0.9569169350543342
0.8705333333333334,0.9569754244839254
0.8706666666666667,0.9570339139135166
0.8708,0.9570924033431077
0.8709333333333333,0.9571508927726989
0.8710666666666667,0.9572093822022901
0.8712,0.9572678716318813
0.8713333333333333,0.9573263610614725
0.8714666666666666,0.9573848504910637
0.8716,0.9574433399206549
0.8717333333333334,0.9575018293502461
0.8718666666666667,0.9575603187798373
0.872,0.9576188082094285
0.8721333333333333,0.9576772976390197
0.8722666666666666,0.9577357870686108
0.8724,0.957794276498202
0.8725333333333334,0.9578527659277932
0.8726666666666667,0.9579112553573844
0.8728,0.9579697447869756
0.8729333333333333,0.9580282342165668
0.8730666666666667,0.958086723646158
0.8732,0.9581452130757492
0.8733333333333333,0.9582037025053404
0.8734666666666666,0.9582621919349316
0.8736,0.9583206813645228
0.8737333333333334,0.9583791707941139
0.8738666666666667,0.9584376602237051
0.874,0.9584961496532963
0.8741333333333333,0.9585546390828875
0.8742666666666666,0.9586131285124787
0.8744,0.9586716179420699
0.8745333333333334,0.9587301073716611
0.8746666666666667,0.9587885968012523
0.8748,0.9588470862308435
0.8749333333333333,0.9589055756604347
0.8750666666666667,0.9589640650900259
0.8752,0.959022554519617
0.8753333333333333,0.9590797994932595
0.8754666666666666,0.959137044466902
0.8756,0.9591942894405444
0.8757333333333334,0.9592515344141869
0.8758666666666667,0.9593087793878293
0.876,0.9593660243614718
0.8761333333333333,0.9594232693351142
0.8762666666666666,0.9594805143087567
0.8764,0.9595377592823991
0.8765333333333334,0.9595950042560416
0.8766666666666667,0.9596522492296841
0.8768,0.9597094942033265
0.8769333333333333,0.959766739176969
0.8770666666666667,0.9598239841506114
0.8772,0.9598812291242539
0.8773333333333333,0.9599384740978963
0.8774666666666666,0.9599957190715388
0.8776,0.9600529640451813
0.8777333333333334,0.9601102090188237
0.8778666666666667,0.9601674539924662
0.878,0.9602246989661086
0.8781333333333333,0.9602819439397511
0.8782666666666666,0.9603391889133935
0.8784,0.960396433887036
0.8785333333333334,0.9604536788606785
0.8786666666666667,0.9605109238343209
0.8788,0.9605681688079634
0.8789333333333333,0.9606254137816058
0.8790666666666667,0.9606826587552483
0.8792,0.9607399037288907
0.8793333333333333,0.9607971487025332
0.8794666666666666,0.9608543936761756
0.8796,0.9609116386498181
0.8797333333333334,0.9609688836234606
0.8798666666666667,0.961026128597103
0.88,0.9610833735707455
0.8801333333333333,0.9611406185443879
0.8802666666666666,0.9611978635180304
0.8804,0.9612551084916728
0.8805333333333333,0.9613123534653153
0.8806666666666667,0.9613695984389578
0.8808,0.9614268434126002
0.8809333333333333,0.9614840883862427
0.8810666666666667,0.9615413333598851
0.8812,0.9615985783335276
0.8813333333333333,0.96165582330717
0.8814666666666666,0.9617130682808125
0.8816,0.961770313254455
0.8817333333333334,0.9618263137721487
0.8818666666666667,0.9618823142898424
0.882,0.9619383148075361
0.8821333333333333,0.9619943153252298
0.8822666666666666,0.9620503158429236
0.8824,0.9621063163606173
0.8825333333333333,0.962162316878311
0.8826666666666667,0.9622183173960047
0.8828,0.9622743179136984
0.8829333333333333,0.9623303184313922
0.8830666666666667,0.9623863189490859
0.8832,0.9624423194667796
0.8833333333333333,0.9624983199844733
0.8834666666666666,0.962554320502167
0.8836,0.9626103210198608
0.8837333333333334,0.9626663215375545
0.8838666666666667,0.9627223220552482
0.884,0.9627783225729419
0.8841333333333333,0.9628343230906357
0.8842666666666666,0.9628903236083294
0.8844,0.9629463241260231
0.8845333333333333,0.9630023246437168
0.8846666666666667,0.9630583251614105
0.8848,0.9631143256791043
0.8849333333333333,0.963170326196798
0.8850666666666667,0.9632263267144917
0.8852,0.9632823272321854
0.8853333333333333,0.9633383277498792
0.8854666666666666,0.9633943282675729
0.8856,0.9634503287852666
0.8857333333333334,0.9635063293029603
0.8858666666666667,0.963562329820654
0.886,0.9636183303383478
0.8861333333333333,0.9636743308560415
0.8862666666666666,0.9637303313737352
0.8864,0.9637863318914289
0.8865333333333333,0.9638423324091226
0.8866666666666667,0.9638983329268164
0.8868,0.9639543334445101
0.8869333333333334,0.9640103339622038
0.8870666666666667,0.9640663344798975
0.8872,0.9641223349975913
0.8873333333333333,0.964178335515285
0.8874666666666666,0.9642343360329787
0.8876,0.9642903365506724
0.8877333333333334,0.9643463370683661
0.8878666666666667,0.9644023375860599
0.888,0.9644583381037536
0.8881333333333333,0.9645143386214473
0.8882666666666666,0.964570339139141
0.8884,0.9646263396568348
0.8885333333333333,0.9646823401745285
0.8886666666666667,0.9647383406922222
0.8888,0.9647943412099159
0.8889333333333334,0.9648503417276096
0.8890666666666667,0.9649063422453034
0.8892,0.9649623427629971
0.8893333333333333,0.9650183432806908
0.8894666666666666,0.9650743437983845
0.8896,0.9651303443160782
0.8897333333333334,0.965186344833772
0.8898666666666667,0.9652411008955168
0.89,0.9652958569572617
0.8901333333333333,0.9653506130190066
0.8902666666666667,0.9654053690807515
0.8904,0.9654601251424964
0.8905333333333333,0.9655148812042412
0.8906666666666667,0.9655696372659861
0.8908,0.965624393327731
0.8909333333333334,0.9656791493894759
0.8910666666666667,0.9657339054512207
0.8912,0.9657886615129656
0.8913333333333333,0.9658434175747105
0.8914666666666666,0.9658981736364554
0.8916,0.9659529296982002
0.8917333333333334,0.9660076857599451
0.8918666666666667,0.96606244182169
0.892,0.9661171978834349
0.8921333333333333,0.9661719539451797
0.8922666666666667,0.9662267100069246
0.8924,0.9662814660686695
0.8925333333333333,0.9663362221304144
0.8926666666666667,0.9663909781921592
0.8928,0.9664457342539041
0.8929333333333334,0.966500490315649
0.8930666666666667,0.9665552463773939
0.8932,0.9666100024391387
0.8933333333333333,0.9666647585008836
0.8934666666666666,0.9667195145626285
0.8936,0.9667742706243734
0.8937333333333334,0.9668290266861183
0.8938666666666667,0.9668837827478631
0.894,0.966938538809608
0.8941333333333333,0.9669932948713529
0.8942666666666667,0.9670480509330978
0.8944,0.9671028069948426
0.8945333333333333,0.9671575630565875
0.8946666666666667,0.9672123191183324
0.8948,0.9672670751800773
0.8949333333333334,0.9673218312418221
0.8950666666666667,0.967376587303567
0.8952,0.9674313433653119
0.8953333333333333,0.9674860994270568
0.8954666666666666,0.9675408554888016
0.8956,0.9675956115505465
0.8957333333333334,0.9676503676122914
0.8958666666666667,0.9677051236740363
0.896,0.9677598797357811
0.8961333333333333,0.967814635797526
0.8962666666666667,0.9678693918592709
0.8964,0.9679241479210158
0.8965333333333333,0.9679789039827607
0.8966666666666666,0.9680336600445055
0.8968,0.9680871716503017
0.8969333333333334,0.9681406832560978
0.8970666666666667,0.968194194861894
0.8972,0.9682477064676901
0.8973333333333333,0.9683012180734862
0.8974666666666666,0.9683547296792824
0.8976,0.9684082412850785
0.8977333333333334,0.9684617528908747
0.8978666666666667,0.9685152644966708
0.898,0.9685687761024669
0.8981333333333333,0.9686222877082631
0.8982666666666667,0.9686757993140592
0.8984,0.9687293109198554
0.8985333333333333,0.9687828225256515
0.8986666666666666,0.9688363341314477
0.8988,0.9688898457372438
0.8989333333333334,0.9689433573430399
0.8990666666666667,0.9689968689488361
0.8992,0.9690503805546322
0.8993333333333333,0.9691038921604284
0.8994666666666666,0.9691574037662245
0.8996,0.9692109153720206
0.8997333333333334,0.9692644269778168
0.8998666666666667,0.9693179385836129
0.9,0.9693714501894091
0.9001333333333333,0.9694249617952052
0.9002666666666667,0.9694784734010014
0.9004,0.9695319850067975
0.9005333333333333,0.9695854966125936
0.9006666666666666,0.9696390082183898
0.9008,0.9696925198241859
0.9009333333333334,0.9697460314299821
0.9010666666666667,0.9697995430357782
0.9012,0.9698530546415743
0.9013333333333333,0.9699065662473705
0.9014666666666666,0.9699600778531666
0.9016,0.9700135894589628
0.9017333333333334,0.9700671010647589
0.9018666666666667,0.970120612670555
0.902,0.9701741242763512
0.9021333333333333,0.9702276358821473
0.9022666666666667,0.9702811474879435
0.9024,0.9703334146377909
0.9025333333333333,0.9703856817876383
0.9026666666666666,0.9704379489374857
0.9028,0.9704902160873331
0.9029333333333334,0.9705424832371805
0.9030666666666667,0.9705947503870279
0.9032,0.9706470175368753
0.9033333333333333,0.9706992846867227
0.9034666666666666,0.9707515518365701
0.9036,0.9708038189864175
0.9037333333333334,0.970856086136265
0.9038666666666667,0.9709083532861124
0.904,0.9709606204359598
0.9041333333333333,0.9710128875858072
0.9042666666666667,0.9710651547356546
0.9044,0.971117421885502
0.9045333333333333,0.9711696890353494
0.9046666666666666,0.9712219561851968
0.9048,0.9712742233350442
0.9049333333333334,0.9713264904848916
0.9050666666666667,0.971378757634739
0.9052,0.9714310247845864
0.9053333333333333,0.9714832919344338
0.9054666666666666,0.9715355590842812
0.9056,0.9715878262341286
0.9057333333333333,0.9716400933839761
0.9058666666666667,0.9716923605338235
0.906,0.9717446276836709
0.9061333333333333,0.9717968948335183
0.9062666666666667,0.9718491619833657
0.9064,0.9719014291332131
0.9065333333333333,0.9719536962830605
0.9066666666666666,0.9720059634329079
0.9068,0.9720582305827553
0.9069333333333334,0.9721104977326027
0.9070666666666667,0.9721627648824501
0.9072,0.9722150320322975
0.9073333333333333,0.9722672991821449
0.9074666666666666,0.9723195663319923
0.9076,0.9723718334818398
0.9077333333333333,0.9724241006316872
0.9078666666666667,0.9724763677815346
0.908,0.972528634931382
0.9081333333333333,0.9725809020812294
0.9082666666666667,0.9726331692310768
0.9084,0.9726854363809242
0.9085333333333333,0.9727377035307716
0.9086666666666666,0.972789970680619
0.9088,0.9728422378304664
0.9089333333333334,0.9728945049803138
0.9090666666666667,0.9729467721301612
0.9092,0.9729990392800086
0.9093333333333333,0.9730500619739073
0.9094666666666666,0.973101084667806
0.9096,0.9731521073617047
0.9097333333333333,0.9732031300556033
0.9098666666666667,0.973254152749502
0.91,0.9733051754434007
0.9101333333333333,0.9733561981372993
0.9102666666666667,0.973407220831198
0.9104,0.9734582435250967
0.9105333333333333,0.9735092662189954
0.9106666666666666,0.973560288912894
0.9108,0.9736113116067927
0.9109333333333334,0.9736623343006914
0.9110666666666667,0.97371335699459
0.9112,0.9737643796884887
0.9113333333333333,0.9738154023823874
0.9114666666666666,0.9738664250762861
0.9116,0.9739174477701847
0.9117333333333333,0.9739684704640834
0.9118666666666667,0.9740194931579821
0.912,0.9740705158518808
0.9121333333333334,0.9741215385457794
0.9122666666666667,0.9741725612396781
0.9124,0.9742235839335768
0.9125333333333333,0.9742746066274754
0.9126666666666666,0.9743256293213741
0.9128,0.9743766520152728
0.9129333333333334,0.9744276747091715
0.9130666666666667,0.9744786974030701
0.9132,0.9745297200969688
0.9133333333333333,0.9745807427908675
0.9134666666666666,0.9746317654847662
0.9136,0.9746827881786648
0.9137333333333333,0.9747338108725635
0.9138666666666667,0.9747848335664622
0.914,0.9748358562603608
0.9141333333333334,0.9748868789542595
0.9142666666666667,0.9749379016481582
0.9144,0.9749889243420569
0.9145333333333333,0.9750399470359555
0.9146666666666666,0.9750909697298542
0.9148,0.9751419924237529
0.9149333333333334,0.9751930151176516
0.9150666666666667,0.9752440378115502
0.9152,0.9752950605054489
0.9153333333333333,0.9753460831993476
0.9154666666666667,0.9753958614372975
0.9156,0.9754456396752474
0.9157333333333333,0.9754954179131974
0.9158666666666667,0.9755451961511473
0.916,0.9755949743890973
0.9161333333333334,0.9756447526270472
0.9162666666666667,0.9756945308649971
0.9164,0.9757443091029471
0.9165333333333333,0.975794087340897
0.9166666666666666,0.975843865578847
0.9168,0.9758936438167969
0.9169333333333334,0.9759434220547468
0.9170666666666667,0.9759932002926968
0.9172,0.9760429785306467
0.9173333333333333,0.9760927567685966
0.9174666666666667,0.9761425350065466
0.9176,0.9761923132444965
0.9177333333333333,0.9762420914824465
0.9178666666666667,0.9762918697203964
0.918,0.9763416479583463
0.9181333333333334,0.9763914261962963
0.9182666666666667,0.9764412044342462
0.9184,0.9764909826721961
0.9185333333333333,0.9765407609101461
0.9186666666666666,0.976590539148096
0.9188,0.976640317386046
0.9189333333333334,0.9766900956239959
0.9190666666666667,0.9767398738619458
0.9192,0.9767896520998958
0.9193333333333333,0.9768394303378457
0.9194666666666667,0.9768892085757956
0.9196,0.9769389868137456
0.9197333333333333,0.9769887650516955
0.9198666666666667,0.9770385432896455
0.92,0.9770883215275954
0.9201333333333334,0.9771380997655453
0.9202666666666667,0.9771878780034953
0.9204,0.9772376562414452
0.9205333333333333,0.9772874344793951
0.9206666666666666,0.9773372127173451
0.9208,0.977386990955295
0.9209333333333334,0.977436769193245
0.9210666666666667,0.9774865474311949
0.9212,0.9775363256691448
0.9213333333333333,0.9775861039070948
0.9214666666666667,0.9776358821450447
0.9216,0.9776856603829946
0.9217333333333333,0.9777354386209446
0.9218666666666666,0.9777852168588945
0.922,0.9778349950968445
0.9221333333333334,0.9778847733347944
0.9222666666666667,0.9779345515727443
0.9224,0.9779843298106943
0.9225333333333333,0.9780328635926955
0.9226666666666666,0.9780813973746967
0.9228,0.9781299311566979
0.9229333333333334,0.9781784649386991
0.9230666666666667,0.9782269987207003
0.9232,0.9782755325027015
0.9233333333333333,0.9783240662847027
0.9234666666666667,0.9783726000667039
0.9236,0.9784211338487051
0.9237333333333333,0.9784696676307063
0.9238666666666666,0.9785182014127075
0.924,0.9785667351947087
0.9241333333333334,0.9786152689767099
0.9242666666666667,0.9786638027587111
0.9244,0.9787123365407123
0.9245333333333333,0.9787608703227135
0.9246666666666666,0.9788094041047147
0.9248,0.9788579378867159
0.9249333333333334,0.9789064716687171
0.9250666666666667,0.9789550054507183
0.9252,0.9790035392327195
0.9253333333333333,0.9790520730147207
0.9254666666666667,0.979100606796722
0.9256,0.9791491405787232
0.9257333333333333,0.9791976743607244
0.9258666666666666,0.9792462081427256
0.926,0.9792947419247268
0.9261333333333334,0.979343275706728
0.9262666666666667,0.9793918094887292
0.9264,0.9794403432707304
0.9265333333333333,0.9794888770527316
0.9266666666666666,0.9795374108347328
0.9268,0.979585944616734
0.9269333333333334,0.9796344783987352
0.9270666666666667,0.9796830121807364
0.9272,0.9797315459627376
0.9273333333333333,0.9797800797447388
0.9274666666666667,0.97982861352674
0.9276,0.9798771473087412
0.9277333333333333,0.9799256810907424
0.9278666666666666,0.9799742148727436
0.928,0.9800227486547448
0.9281333333333334,0.9800700379807973
0.9282666666666667,0.9801173273068498
0.9284,0.9801646166329022
0.9285333333333333,0.9802119059589547
0.9286666666666666,0.9802591952850072
0.9288,0.9803064846110596
0.9289333333333334,0.9803537739371121
0.9290666666666667,0.9804010632631646
0.9292,0.980448352589217
0.9293333333333333,0.9804956419152695
0.9294666666666667,0.980542931241322
0.9296,0.9805902205673744
0.9297333333333333,0.9806375098934269
0.9298666666666666,0.9806847992194794
0.93,0.9807320885455318
0.9301333333333334,0.9807793778715843
0.9302666666666667,0.9808266671976368
0.9304,0.9808739565236892
0.9305333333333333,0.9809212458497417
0.9306666666666666,0.9809685351757942
0.9308,0.9810158245018467
0.9309333333333333,0.9810631138278991
0.9310666666666667,0.9811104031539516
0.9312,0.9811576924800041
0.9313333333333333,0.9812049818060565
0.9314666666666667,0.981252271132109
0.9316,0.9812995604581615
0.9317333333333333,0.9813468497842139
0.9318666666666666,0.9813941391102664
0.932,0.9814414284363189
0.9321333333333334,0.9814887177623713
0.9322666666666667,0.9815360070884238
0.9324,0.9815832964144763
0.9325333333333333,0.9816305857405287
0.9326666666666666,0.9816778750665812
0.9328,0.9817251643926337
0.9329333333333333,0.9817724537186862
0.9330666666666667,0.9818197430447386
0.9332,0.9818670323707911
0.9333333333333333,0.9819143216968436
0.9334666666666667,0.981961611022896
0.9336,0.9820089003489485
0.9337333333333333,0.982056189675001
0.9338666666666666,0.9821034790010534
0.934,0.9821507683271059
0.9341333333333334,0.9821980576531584
0.9342666666666667,0.9822453469792108
0.9344,0.9822913918493146
0.9345333333333333,0.9823374367194183
0.9346666666666666,0.982383481589522
0.9348,0.9824295264596258
0.9349333333333333,0.9824755713297295
0.9350666666666667,0.9825216161998332
0.9352,0.982567661069937
0.9353333333333333,0.9826137059400407
0.9354666666666667,0.9826597508101445
0.9356,0.9827057956802482
0.9357333333333333,0.9827518405503519
0.9358666666666666,0.9827978854204557
0.936,0.9828439302905594
0.9361333333333334,0.9828899751606631
0.9362666666666667,0.9829360200307669
0.9364,0.9829820649008706
0.9365333333333333,0.9830281097709743
0.9366666666666666,0.9830741546410781
0.9368,0.9831201995111818
0.9369333333333333,0.9831662443812855
0.9370666666666667,0.9832122892513893
0.9372,0.983258334121493
0.9373333333333334,0.9833043789915967
0.9374666666666667,0.9833504238617005
0.9376,0.9833964687318042
0.9377333333333333,0.9834425136019079
0.9378666666666666,0.9834885584720117
0.938,0.9835346033421154
0.9381333333333334,0.9835806482122191
0.9382666666666667,0.9836266930823229
0.9384,0.9836727379524266
0.9385333333333333,0.9837187828225303
0.9386666666666666,0.9837648276926341
0.9388,0.9838108725627378
0.9389333333333333,0.9838569174328415
0.9390666666666667,0.9839029623029453
0.9392,0.983949007173049
0.9393333333333334,0.9839950520431527
0.9394666666666667,0.9840410969132565
0.9396,0.9840871417833602
0.9397333333333333,0.9841331866534639
0.9398666666666666,0.9841792315235677
0.94,0.9842252763936714
0.9401333333333334,0.9842713212637751
0.9402666666666667,0.9843173661338789
0.9404,0.9843634110039826
0.9405333333333333,0.9844094558740863
0.9406666666666667,0.9844555007441901
0.9408,0.984500301158345
0.9409333333333333,0.9845451015724999
0.9410666666666667,0.9845899019866547
0.9412,0.9846347024008096
0.9413333333333334,0.9846795028149645
0.9414666666666667,0.9847243032291194
0.9416,0.9847691036432743
0.9417333333333333,0.9848139040574292
0.9418666666666666,0.9848587044715841
0.942,0.984903504885739
0.9421333333333334,0.9849483052998939
0.9422666666666667,0.9849931057140487
0.9424,0.9850379061282036
0.9425333333333333,0.9850827065423585
0.9426666666666667,0.9851275069565134
0.9428,0.9851723073706683
0.9429333333333333,0.9852171077848232
0.9430666666666667,0.9852619081989781
0.9432,0.985306708613133
0.9433333333333334,0.9853515090272879
0.9434666666666667,0.9853963094414427
0.9436,0.9854411098555976
0.9437333333333333,0.9854859102697525
0.9438666666666666,0.9855307106839074
0.944,0.9855755110980623
0.9441333333333334,0.9856203115122172
0.9442666666666667,0.9856651119263721
0.9444,0.985709912340527
0.9445333333333333,0.9857547127546818
0.9446666666666667,0.9857995131688367
0.9448,0.9858443135829916
0.9449333333333333,0.9858891139971465
0.9450666666666667,0.9859339144113014
0.9452,0.9859787148254563
0.9453333333333334,0.9860235152396112
0.9454666666666667,0.9860683156537661
0.9456,0.986113116067921
0.9457333333333333,0.9861579164820758
0.9458666666666666,0.9862027168962307
0.946,0.9862475173103856
0.9461333333333334,0.9862923177245405
0.9462666666666667,0.9863358736827467
0.9464,0.9863794296409528
0.9465333333333333,0.986422985599159
0.9466666666666667,0.9864665415573651
0.9468,0.9865100975155713
0.9469333333333333,0.9865536534737774
0.9470666666666666,0.9865972094319836
0.9472,0.9866407653901897
0.9473333333333334,0.9866843213483959
0.9474666666666667,0.986727877306602
0.9476,0.9867714332648082
0.9477333333333333,0.9868149892230144
0.9478666666666666,0.9868585451812205
0.948,0.9869021011394267
0.9481333333333334,0.9869456570976328
0.9482666666666667,0.986989213055839
0.9484,0.9870327690140451
0.9485333333333333,0.9870763249722513
0.9486666666666667,0.9871198809304574
0.9488,0.9871634368886636
0.9489333333333333,0.9872069928468697
0.9490666666666666,0.9872505488050759
0.9492,0.987294104763282
0.9493333333333334,0.9873376607214882
0.9494666666666667,0.9873812166796944
0.9496,0.9874247726379005
0.9497333333333333,0.9874683285961067
0.9498666666666666,0.9875118845543128
0.95,0.987555440512519
0.9501333333333334,0.9875989964707251
0.9502666666666667,0.9876413079729826
0.9504,0.98768361947524
0.9505333333333333,0.9877259309774974
0.9506666666666667,0.9877682424797548
0.9508,0.9878105539820122
0.9509333333333333,0.9878528654842696
0.9510666666666666,0.9878951769865271
0.9512,0.9879374884887845
0.9513333333333334,0.9879797999910419
0.9514666666666667,0.9880221114932993
0.9516,0.9880644229955567
0.9517333333333333,0.9881067344978142
0.9518666666666666,0.9881490460000716
0.952,0.988191357502329
0.9521333333333334,0.9882336690045864
0.9522666666666667,0.9882759805068438
0.9524,0.9883182920091013
0.9525333333333333,0.9883606035113587
0.9526666666666667,0.9884029150136161
0.9528,0.9884452265158735
0.9529333333333333,0.9884875380181309
0.9530666666666666,0.9885298495203884
0.9532,0.9885721610226458
0.9533333333333334,0.9886144725249032
0.9534666666666667,0.9886567840271606
0.9536,0.988699095529418
0.9537333333333333,0.9887414070316755
0.9538666666666666,0.9887837185339329
0.954,0.9888260300361903
0.9541333333333334,0.9888683415384477
0.9542666666666667,0.9889106530407051
0.9544,0.9889529645429626
0.9545333333333333,0.98899527604522
0.9546666666666667,0.9890375875474774
0.9548,0.9890798990497348
0.9549333333333333,0.9891222105519922
0.9550666666666666,0.9891645220542497
0.9552,0.9892068335565071
0.9553333333333334,0.9892479006028158
0.9554666666666667,0.9892889676491244
0.9556,0.9893300346954331
0.9557333333333333,0.9893711017417418
0.9558666666666666,0.9894121687880505
0.956,0.9894532358343592
0.9561333333333333,0.9894943028806679
0.9562666666666667,0.9895353699269765
0.9564,0.9895764369732852
0.9565333333333333,0.9896175040195939
0.9566666666666667,0.9896585710659026
0.9568,0.9896996381122113
0.9569333333333333,0.98974070515852
0.9570666666666666,0.9897817722048287
0.9572,0.9898228392511373
0.9573333333333334,0.989863906297446
0.9574666666666667,0.9899049733437547
0.9576,0.9899460403900634
0.9577333333333333,0.9899871074363721
0.9578666666666666,0.9900281744826808
0.958,0.9900692415289895
0.9581333333333333,0.9901103085752981
0.9582666666666667,0.9901513756216068
0.9584,0.9901924426679155
0.9585333333333333,0.9902335097142242
0.9586666666666667,0.9902745767605329
0.9588,0.9903156438068416
0.9589333333333333,0.9903567108531502
0.9590666666666666,0.9903977778994589
0.9592,0.9904388449457676
0.9593333333333334,0.9904799119920763
0.9594666666666667,0.990520979038385
0.9596,0.9905620460846937
0.9597333333333333,0.9906031131310024
0.9598666666666666,0.990644180177311
0.96,0.9906852472236197
0.9601333333333333,0.9907263142699284
0.9602666666666667,0.9907673813162371
0.9604,0.9908084483625458
0.9605333333333334,0.9908495154088545
0.9606666666666667,0.9908905824551631
0.9608,0.9909316495014718
0.9609333333333333,0.9909727165477805
0.9610666666666666,0.9910137835940892
0.9612,0.9910536061844492
0.9613333333333334,0.9910934287748091
0.9614666666666667,0.991133251365169
0.9616,0.991173073955529
0.9617333333333333,0.991212896545889
0.9618666666666666,0.9912527191362489
0.962,0.9912925417266089
0.9621333333333333,0.9913323643169688
0.9622666666666667,0.9913721869073288
0.9624,0.9914120094976887
0.9625333333333334,0.9914518320880487
0.9626666666666667,0.9914916546784086
0.9628,0.9915314772687686
0.9629333333333333,0.9915712998591285
0.9630666666666666,0.9916111224494885
0.9632,0.9916509450398484
0.9633333333333334,0.9916907676302084
0.9634666666666667,0.9917305902205683
0.9636,0.9917704128109283
0.9637333333333333,0.9918102354012882
0.9638666666666666,0.9918500579916482
0.964,0.9918898805820081
0.9641333333333333,0.9919297031723681
0.9642666666666667,0.991969525762728
0.9644,0.992009348353088
0.9645333333333334,0.9920491709434479
0.9646666666666667,0.9920889935338079
0.9648,0.9921288161241678
0.9649333333333333,0.9921686387145278
0.9650666666666666,0.992207216848939
0.9652,0.9922457949833502
0.9653333333333334,0.9922843731177614
0.9654666666666667,0.9923229512521726
0.9656,0.9923615293865838
0.9657333333333333,0.9924001075209951
0.9658666666666667,0.9924386856554063
0.966,0.9924772637898175
0.9661333333333333,0.9925158419242287
0.9662666666666667,0.9925544200586399
0.9664,0.9925929981930511
0.9665333333333334,0.9926315763274624
0.9666666666666667,0.9926701544618736
0.9668,0.9927087325962848
0.9669333333333333,0.992747310730696
0.9670666666666666,0.9927858888651072
0.9672,0.9928244669995184
0.9673333333333334,0.9928630451339296
0.9674666666666667,0.9929016232683409
0.9676,0.9929402014027521
0.9677333333333333,0.9929787795371633
0.9678666666666667,0.9930173576715745
0.968,0.9930559358059857
0.9681333333333333,0.9930945139403969
0.9682666666666667,0.9931330920748082
0.9684,0.9931716702092194
0.9685333333333334,0.9932102483436306
0.9686666666666667,0.9932488264780418
0.9688,0.993287404612453
0.9689333333333333,0.9933259827468642
0.9690666666666666,0.9933645608812754
0.9692,0.9934018945597379
0.9693333333333334,0.9934392282382004
0.9694666666666667,0.9934765619166629
0.9696,0.9935138955951254
0.9697333333333333,0.9935512292735879
0.9698666666666667,0.9935885629520503
0.97,0.9936258966305128
0.9701333333333333,0.9936632303089753
0.9702666666666667,0.9937005639874378
0.9704,0.9937378976659003
0.9705333333333334,0.9937752313443627
0.9706666666666667,0.9938125650228252
0.9708,0.9938498987012877
0.9709333333333333,0.9938872323797502
0.9710666666666666,0.9939245660582127
0.9712,0.9939618997366751
0.9713333333333334,0.9939992334151376
0.9714666666666667,0.9940365670936001
0.9716,0.9940739007720626
0.9717333333333333,0.9941112344505251
0.9718666666666667,0.9941485681289876
0.972,0.99418590180745
0.9721333333333333,0.9942232354859125
0.9722666666666666,0.994260569164375
0.9724,0.9942979028428375
0.9725333333333334,0.9943339920653512
0.9726666666666667,0.994370081287865
0.9728,0.9944061705103787
0.9729333333333333,0.9944422597328925
0.9730666666666666,0.9944783489554062
0.9732,0.99451443817792
0.9733333333333334,0.9945505274004337
0.9734666666666667,0.9945866166229475
0.9736,0.9946227058454612
0.9737333333333333,0.9946587950679749
0.9738666666666667,0.9946948842904887
0.974,0.9947309735130024
0.9741333333333333,0.9947670627355162
0.9742666666666666,0.9948031519580299
0.9744,0.9948392411805437
0.9745333333333334,0.9948753304030574
0.9746666666666667,0.9949114196255712
0.9748,0.9949475088480849
0.9749333333333333,0.9949835980705987
0.9750666666666666,0.9950196872931124
0.9752,0.9950557765156262
0.9753333333333334,0.9950906212821911
0.9754666666666667,0.995125466048756
0.9756,0.9951603108153209
0.9757333333333333,0.9951951555818858
0.9758666666666667,0.9952300003484507
0.976,0.9952648451150156
0.9761333333333333,0.9952996898815805
0.9762666666666666,0.9953345346481454
0.9764,0.9953693794147103
0.9765333333333334,0.9954042241812752
0.9766666666666667,0.9954390689478401
0.9768,0.995473913714405
0.9769333333333333,0.9955087584809699
0.9770666666666666,0.995542358791586
0.9772,0.9955759591022022
0.9773333333333334,0.9956095594128184
0.9774666666666667,0.9956431597234345
0.9776,0.9956767600340507
0.9777333333333333,0.9957103603446669
0.9778666666666667,0.995743960655283
0.978,0.9957775609658992
0.9781333333333333,0.9958111612765154
0.9782666666666666,0.9958447615871315
0.9784,0.9958783618977477
0.9785333333333334,0.9959119622083639
0.9786666666666667,0.99594556251898
0.9788,0.9959791628295962
0.9789333333333333,0.9960127631402124
0.9790666666666666,0.9960463634508285
0.9792,0.9960799637614447
0.9793333333333333,0.9961135640720609
0.9794666666666667,0.9961459199267283
0.9796,0.9961782757813957
0.9797333333333333,0.9962106316360632
0.9798666666666667,0.9962429874907306
0.98,0.996275343345398
0.9801333333333333,0.9963076992000655
0.9802666666666666,0.9963400550547329
0.9804,0.9963724109094003
0.9805333333333334,0.9964047667640678
0.9806666666666667,0.9964371226187352
0.9808,0.9964694784734026
0.9809333333333333,0.99650183432807
0.9810666666666666,0.9965341901827375
0.9812,0.9965665460374049
0.9813333333333333,0.9965989018920723
0.9814666666666667,0.9966312577467398
0.9816,0.9966636136014072
0.9817333333333333,0.9966959694560746
0.9818666666666667,0.9967283253107421
0.982,0.9967606811654095
0.9821333333333333,0.9967930370200769
0.9822666666666666,0.9968253928747444
0.9824,0.9968577487294118
0.9825333333333334,0.9968901045840792
0.9826666666666667,0.9969212159827979
0.9828,0.9969523273815166
0.9829333333333333,0.9969834387802353
0.9830666666666666,0.997014550178954
0.9832,0.9970456615776727
0.9833333333333333,0.9970767729763914
0.9834666666666667,0.9971078843751101
0.9836,0.9971389957738288
0.9837333333333333,0.9971701071725475
0.9838666666666667,0.9972012185712662
0.984,0.9972323299699849
0.9841333333333333,0.9972621969127549
0.9842666666666666,0.9972920638555248
0.9844,0.9973219307982948
0.9845333333333334,0.9973517977410647
0.9846666666666667,0.9973816646838347
0.9848,0.9974115316266047
0.9849333333333333,0.9974413985693746
0.9850666666666666,0.9974712655121446
0.9852,0.9975011324549146
0.9853333333333333,0.9975309993976845
0.9854666666666667,0.9975608663404545
0.9856,0.9975907332832245
0.9857333333333334,0.9976206002259944
0.9858666666666667,0.9976504671687644
0.986,0.9976803341115343
0.9861333333333333,0.9977102010543043
0.9862666666666666,0.9977388235411255
0.9864,0.9977674460279468
0.9865333333333334,0.997796068514768
0.9866666666666667,0.9978246910015892
0.9868,0.9978533134884104
0.9869333333333333,0.9978819359752317
0.9870666666666666,0.9979105584620529
0.9872,0.9979391809488741
0.9873333333333333,0.9979678034356954
0.9874666666666667,0.9979964259225166
0.9876,0.9980250484093378
0.9877333333333334,0.998053670896159
0.9878666666666667,0.9980822933829803
0.988,0.9981109158698015
0.9881333333333333,0.9981395383566227
0.9882666666666666,0.998168160843444
0.9884,0.9981955388743164
0.9885333333333334,0.9982229169051889
0.9886666666666667,0.9982502949360614
0.9888,0.9982776729669339
0.9889333333333333,0.9983050509978064
0.9890666666666666,0.9983324290286789
0.9892,0.9983598070595514
0.9893333333333333,0.9983871850904239
0.9894666666666667,0.9984145631212964
0.9896,0.9984419411521689
0.9897333333333334,0.9984693191830414
0.9898666666666667,0.9984966972139139
0.99,0.9985228307888376
0.9901333333333333,0.9985489643637614
0.9902666666666666,0.9985750979386852
0.9904,0.9986012315136089
0.9905333333333334,0.9986273650885327
0.9906666666666667,0.9986534986634564
0.9908,0.9986796322383802
0.9909333333333333,0.998705765813304
0.9910666666666667,0.9987318993882277
0.9912,0.9987580329631515
0.9913333333333333,0.9987841665380752
0.9914666666666667,0.998810300112999
0.9916,0.9988364336879227
0.9917333333333334,0.9988613228068977
0.9918666666666667,0.9988862119258726
0.992,0.9989111010448475
0.9921333333333333,0.9989359901638224
0.9922666666666666,0.9989608792827973
0.9924,0.9989857684017722
0.9925333333333334,0.9990106575207471
0.9926666666666667,0.999035546639722
0.9928,0.999060435758697
0.9929333333333333,0.9990853248776719
0.9930666666666667,0.9991102139966468
0.9932,0.999133858659673
0.9933333333333333,0.9991575033226991
0.9934666666666667,0.9991811479857253
0.9936,0.9992047926487515
0.9937333333333334,0.9992284373117777
0.9938666666666667,0.9992520819748039
0.994,0.9992744821818813
0.9941333333333333,0.9992968823889588
0.9942666666666666,0.9993192825960362
0.9944,0.9993416828031136
0.9945333333333334,0.9993640830101911
0.9946666666666667,0.9993864832172685
0.9948,0.999408883424346
0.9949333333333333,0.9994312836314234
0.9950666666666667,0.9994536838385009
0.9952,0.9994748395896296
0.9953333333333333,0.9994959953407583
0.9954666666666667,0.999517151091887
0.9956,0.9995383068430157
0.9957333333333334,0.9995594625941444
0.9958666666666667,0.9995806183452731
0.996,0.9996017740964018
0.9961333333333333,0.9996216853915818
0.9962666666666666,0.999640352230813
0.9964,0.9996590190700443
0.9965333333333334,0.9996776859092755
0.9966666666666667,0.9996963527485068
0.9968,0.999715019587738
0.9969333333333333,0.9997324419710205
0.9970666666666667,0.999749864354303
0.9972,0.9997660422816368
0.9973333333333333,0.9997822202089706
0.9974666666666666,0.9997971536803555
0.9976,0.9998120871517404
0.9977333333333334,0.9998270206231253
0.9978666666666667,0.9998407096385615
0.998,0.9998543986539977
0.9981333333333333,0.9998680876694339
0.9982666666666666,0.9998817766848701
0.9984,0.9998954657003063
0.9985333333333334,0.9999079102597938
0.9986666666666667,0.9999203548192812
0.9988,0.9999315549228199
0.9989333333333333,0.9999427550263587
0.9990666666666667,0.9999514662179999
0.9992,0.9999601774096412
0.9993333333333333,0.9999688886012824
0.9994666666666666,0.9999763553369749
0.9996,0.9999825776167187
0.9997333333333334,0.9999887998964625
0.9998666666666667,0.9999950221762063
1.0,1.0000000000000013
